x1,x2,x3,x4,x5,x6,y
0.01942350428882003,-0.4351549839672111,-0.11672470423265424,0.37671510149035037,0.0697907236469444,-0.25502895281712656,0
-0.7271284640355987,-1.0,0.7071378769544692,-0.7145979766814055,0.6562344614319426,0.08496894852519138,0
0.062495205437376966,-0.15955271769620474,-0.17513091892655142,0.13901600992587118,-0.21370194584674443,0.46957135876381906,0
-0.2455097198566578,-0.2974148603934694,0.17605703091907812,0.08218477966872498,-0.29092174301969254,0.8681760634063096,0
-0.041189792706526784,0.255027283856617,-0.35778761740035686,-0.25421990070433753,0.30307329288431445,-0.5546735413916347,0
-0.5099307416019467,0.0017825825767927989,-0.7829188050688046,-0.43698972605248043,0.5327847633429623,0.5091731720070917,0
0.15234826747167168,-0.5109302943989257,-0.3750821869445157,0.22591966987427975,0.19150084989935467,-0.6250622967361347,0
-0.544321820093533,-0.4608910486124763,-0.10770577858298028,0.2685554826460196,0.4398006166744653,0.581464474872051,0
-0.31037011752332555,-0.5486183035153774,-0.9180407665602651,1.0,0.7378683967212776,-0.08327588228448142,0
0.5502276448062916,-0.6499955134165881,0.3394108683320311,-0.30871163593664536,-0.48811498890275773,-0.2388963546113126,0
-0.017129961830534043,0.048672615776988254,-0.3531619746299899,-0.4010100639402344,-0.2143172432775247,-0.16253282489639537,0
-0.13050413983295617,0.04284379184810694,-0.7031544334218399,-0.30902149425812875,-0.25555520711808083,-0.08197288929495704,0
0.4983019598173649,0.17609543904365849,-0.5193900987076411,-0.4530404148962241,0.7987444438015697,-0.6068252195878653,0
-0.02410819278852115,-0.3120071730809198,0.0032291595494033376,-0.7488729968597655,0.2094529389490947,-0.4409276230426294,0
-0.8979357022006531,0.0358987975536011,0.15612160893036392,-0.1659703810323654,-0.5525420966610463,0.10549776034346836,0
-0.2731679703287111,-0.2968112025556547,-0.24304484619892122,-0.5865584427148669,-0.12490151833555654,-0.09019057227260133,0
-0.035650001686683724,-0.6292948417420391,0.32962388160077566,-0.523351055907626,0.403859756246139,0.6980059741022524,0
0.5114990097594596,0.4859049385166474,0.03130347573308942,0.19882176428359422,0.21099079487024783,-0.04868277356907007,1
0.1925949578859027,-0.167837750681585,-0.22922917167333304,-0.390156114638662,0.07669653359257772,-0.3898729340443105,0
-0.4957103580989244,-0.03216008509155978,0.23318802799001032,0.22658953133863985,-0.026802364490283274,-0.38151040829240174,0
-0.8947026181506009,-0.7120496525164762,0.014597680665077037,0.2456971773247031,0.0751767479882041,0.08818369166649151,0
0.11084644632567273,0.2106022505072292,-0.6518933008634329,-0.12928643474194523,-0.12612510714249858,0.26130833437397244,0
-0.3999987486080304,0.08897093152777005,-0.2068310863000795,-0.45623074073732983,0.3249905004002707,-0.8239090382873934,0
-0.22900683220433565,-0.8966133238275084,-0.21216818158158865,-0.03563790136025565,-0.01877616534825083,0.13154048198360246,0
0.17760208525919396,-0.5265206334182727,-0.5684072196541745,-0.7356876297793044,0.5205808437215014,-0.20584804054609118,0
0.8099024026918834,0.2486031099629915,0.28403978626780424,-0.05989968002361268,0.5242900259076195,-0.09180250868935133,1
-0.19872554406673248,0.24573974447021174,-0.5583814143326423,0.2470880212507675,-0.247513456909412,0.5415484682706037,0
0.032529317086768456,0.4805263966880404,-0.6325629688411495,0.03984760388828652,0.3041461089907402,-0.2172618767435408,0
-0.038007087345064944,-0.4996640495624506,0.2152497000213765,0.28010123795582675,-0.10179320936252771,-0.3465368489302301,0
0.02636101373018801,0.2915562183119357,-0.2740701264531119,0.6420086464310455,-0.5623114748613972,-0.5344779355372196,1
-0.20021817973262074,0.29777112832307556,-0.3228115451882225,-1.0,-0.11985836433461453,0.32667066388031696,0
-0.22218241234168076,0.6042679574689643,0.1473321239425761,0.25739911780191416,-0.6677806160616934,-0.10952871894396782,1
0.33311046509323083,0.28615378892792503,0.0995211013683352,0.43164893792626724,0.6705764458155276,-0.3493078453099292,1
-0.23112144039795293,0.4636015573800387,-0.04666863269712054,-0.25993801829522367,-0.30675402299761756,-0.22668007558559633,0
0.32566414747439393,-0.21025228577910315,0.27967294585737085,0.3260566180775252,0.01310009660180829,-0.3948379646139992,1
-0.5744543851465751,0.12155426492548904,0.3636511156653694,-0.8995467010532007,-0.5337938256881667,-0.8380104253501001,0
-0.6975640699785292,0.7912470863123415,-0.46133704943564396,0.10428286669527456,0.43517039806417923,0.12922882450287562,0
-0.13206118404307474,0.4519514948705475,0.20333707218563057,0.2148854270143427,0.2976626965921176,0.4254964596551456,1
-0.17531327534116692,-0.11331637464051016,-0.5310031239160323,0.18520603611354725,0.3407331600611413,-0.26484989995034014,0
-0.5004247943436526,0.7358225334450422,-0.2956988730992015,-0.11021558656024236,0.837859757286007,0.6066689322149262,0
-0.42529778676247454,-0.540673073758753,-0.4925327697364721,-0.3544810513554898,-0.478458240548964,0.15640803819890273,0
0.09122449347790718,-0.3872903614824939,0.6158306852583333,-0.8353677368746887,-0.45629307859384133,0.4966618502856581,0
-0.30175545675538795,-0.00926034092309285,0.06769999489220091,-0.3269127068917691,-0.1462310347411343,0.03726776992260335,0
0.5945422748991794,-0.11984773376479878,0.13643635634517134,-0.038766685541875,0.12585876941696933,0.18222634352704714,1
-0.4042244809863543,-0.040679780032830445,0.20763635580934042,-0.611427616994766,-0.2031270321024624,0.13351261689455585,0
0.17157031061097877,-0.511834480151157,0.06605468023183209,0.26819039244534376,-0.35408640053316265,-0.13917335672074965,0
0.3935185157351947,-0.18311562857551889,0.33114018561623665,-0.03994929502176501,0.0231899676382186,-0.07000506731042538,1
0.1310716126270668,-0.11299443084565862,0.26693731267732335,0.07777071090755841,-0.013787793704434698,-0.10294280056094193,1
0.30100302411643287,0.04159924898272506,0.37719554784394593,-0.8425257216474159,-0.3561196280729556,0.0819805660017377,0
-0.6310463877555883,-0.5917642036605577,0.2800149279377053,0.04519203138338933,0.24300761398234152,0.17450499554376525,0
0.6224130307764796,-0.40569330310148183,-0.9232457130705303,-0.15738554399844168,-0.4464525894128103,0.2978266311397715,0
0.7048332726027529,0.151443273445389,-0.013437553006457173,-0.23005039736411528,0.361858048787337,-0.12606248251409027,1
0.2939994006575844,-0.1463156931742065,-0.06059823688877902,-0.3757519617266124,0.23549458239199894,0.553078938961502,0
-0.3666008077426652,0.5251677880481217,-0.7403697845705102,0.23321409605037902,-0.0732654143657143,-0.5506025145348095,0
0.18336639715864794,0.06545477523872086,0.9999999999999999,-0.564453243721524,-0.17422058404543508,-0.04530915616983537,1
-0.24882809001027734,-0.4958512487863333,0.13435794784421573,0.11378281053029304,0.11628624074827915,-0.6956740674164248,0
-0.4305304271840449,-0.20844967028848127,0.16015523478572863,0.3059782069046001,-0.29805809283419704,-0.054363950831053484,0
0.25805916724982875,-0.20918755026804062,-0.650738682907755,0.19491347315340976,-0.40399502191049913,0.3458356593364408,0
0.25672122101501726,-0.6260394467266022,-0.06501193339311595,0.40864915370679483,0.9874426275947081,-0.21203327957394827,0
-0.4751367442755403,-0.590567621897238,0.19076008563904168,-0.8045002142632661,0.15443885830689347,0.023848965968767108,0
0.20426640217471426,0.4512733997154024,0.48518166525404083,-0.2786179734642753,0.04032431192871543,0.018178438702283375,1
0.3689845347201359,-0.40805131764656877,0.10460171227081852,0.4264523484741548,-0.09422394315839593,-0.24994190823545565,1
0.8789273154098036,0.09837038196665421,0.0064215824197856874,-0.4793736515430709,0.3671005619876019,-0.3403976443425845,1
-0.6880222232584559,-0.39814367496655223,-0.22763180200064917,-0.19273167947466857,0.4387994460495319,-0.11327960407858585,0
-0.4137449775936845,-0.1548872269912,-0.25665216202039187,-0.2468803185205551,0.4174072251994274,-0.41053365069901676,0
0.8234236694115229,0.11306268255221419,-0.4044191285149291,0.08638462154860727,0.406994579298063,0.4363771583027417,1
0.3526183940873562,0.21637063160164782,-0.32815083029451303,-0.44886984996322327,0.5277356017033433,-0.2880984073866961,0
-0.4544834216853816,-0.40561648618707546,0.1226635900511826,-0.3330474727104294,-0.10888259630821978,0.2679133472297459,0
-0.437953840241708,-0.06904546058475267,0.4526166829680143,-0.4341784470177191,0.1597991308014915,-0.8822880728875302,0
-0.5560562655982677,0.32945654895233417,0.36497951317809,0.14599173239115276,-0.1913274232727683,0.027160761699497535,1
-0.6105990412537925,-0.36757534896901467,-0.11906870059697883,0.41501045545563797,-0.24622040234389253,-0.6391685036310487,0
-0.04487978710221095,-0.4596943901681625,-0.5363293087468037,-0.7206839799819775,1.0,-0.2483825755213914,0
0.15807618241264654,0.4690505340573353,0.46188197913668627,0.08860127740659171,-0.0995032006754409,-0.47789170573903383,1
-0.19618820828020161,0.07064601123193072,0.25385386138370486,-0.2905751000183574,-0.30224794708330266,0.05969319896279027,0
-0.2363960591553942,0.19421098758534,0.21868437306479815,-0.19374253092535823,0.2028387831106572,-0.056277379242559884,0
-0.631442813609328,-0.0017832058754409102,-0.16763150568899987,0.1282432362166366,-0.05483591394546716,-0.21540687904751996,0
0.17906549695417062,-0.14978837865095646,-0.43039557874757783,0.5414621912096794,0.8904884790603574,-0.2734910770151078,1
-0.5315559751985104,0.10664736513846632,-0.551742927188782,-0.6755554329222826,0.18424484831642793,-0.36786632635612565,0
-0.4270016916283729,-0.10912736616132693,-0.5436226709551091,0.2196315994791403,0.04558381369917463,0.14011634049770286,0
0.06867325914704026,-0.23311691247373043,-0.30907243983707117,0.23630551006998246,0.16893233200677274,-0.3863894792510753,0
0.675691999682456,0.31170859593336675,0.23585699907548424,-0.689122851168686,0.4128681897395411,-0.5439984085674172,1
0.2549201071364177,-0.19590115136895198,-0.48161715692576584,-0.8665615974652975,0.1464765534186793,-0.4698845319801229,0
-0.26365665122229076,0.15831301103285053,0.07465393560547606,-0.9830992827160437,0.19804307046202568,-0.10918178914637727,0
0.000411769580123178,-0.20957462847087407,-0.7470235609320829,-0.03111955753226157,0.3249849556656715,-0.18419101083445044,0
0.20356013285021973,0.37368518449781607,-0.0060142112320002855,0.12035336562740351,0.25087356232999725,-0.4518173844711368,1
-0.016103803544466236,0.2589230386759259,0.022414367960689532,0.38914530590547636,0.13748098811541787,-0.46805433789594325,1
-0.063439392114198,-0.4071365697364542,-0.4428317163757623,-0.19025806688941993,0.4146018973688154,-0.01869344064516263,0
0.17395700933965785,0.17798306584169835,0.0912606020545903,0.061515726559139325,-0.3182735666030525,0.2638411464186773,1
0.43511600736121403,0.10034678847952307,-0.3533974837683113,0.18432614892116309,-0.2975025508129988,0.46030599807716654,1
-0.2446257298948055,0.004135608595339287,0.20209476260681875,0.08352020657334647,-0.43847849757542035,0.3361519592901664,1
-0.3587975201859574,-0.04593125922671673,0.5121847480206626,-0.29802419692700005,-0.05540028816338877,-0.4376659445015048,0
0.46153631416926644,0.31149377678538,0.0548749983217538,-0.09382230602219287,-0.17474975530240747,-0.01649667949137508,1
0.2743638320233825,-0.027621554005146844,0.042870044749739974,-0.10224760942873393,-0.3049786953274499,0.39230187910699016,1
0.10664148315121627,0.42420363539386924,-0.33668910539696933,-0.9453292595805843,0.05849770784180984,0.0723197974088407,0
-0.055650467883113085,0.05227510547586414,-0.14255080026578565,-0.1975626991030371,0.29196500466526903,0.5749290762948697,0
-0.9673936622022012,0.07341327842979213,-0.2623802594245346,-0.16006774254389788,0.625917666677072,0.08058166944049977,0
-0.3205634195289624,-0.32511264866333095,-0.9732926394339159,-0.00783360513261016,0.5202975004970719,0.20591264200237214,0
0.4429967471993719,-0.17732869857332983,0.47353556542891506,0.27782764595025583,0.16080337334799646,-0.6464399546104863,1
0.11032790581507176,-0.27562838210002966,0.22764418409461695,0.9146465434775245,-0.399718295799306,-0.2626825469414983,1
-0.33216599679508096,-0.21328014009854115,-0.43944849603101016,0.09001784181687508,0.8556175790536035,-0.3620286945991138,0
0.2298694669408764,-0.12713095315684014,-0.4062729301384335,0.08103076583901464,0.22085089392503868,0.36022426920886913,0
0.09752607968214974,0.9999999999999998,-0.42100549798714065,-0.31585512784480896,0.09955851985044391,0.02480755887311306,1
-0.19138481549679645,0.10703033436268627,-0.05007097864129631,-0.5245750417995927,0.6632803319322329,-0.14229185933863947,0
-0.7497775698610875,0.43165664691776084,-0.11310227323083019,-0.3164890860946518,-0.2871816069039199,0.7266065913539976,0
-0.16906715131710873,0.06327414526244497,-0.4917736683633954,-0.2776945927683766,0.3163826058357414,-0.7267837254285937,0
-0.26339244125272865,-0.461830538045965,0.10123022943885088,0.22857006919996503,-0.29946508466096733,1.0000000000000004,0
-0.046532285677280766,-0.11602585655523318,0.3762232500628477,-0.6196753119514777,0.30652673991518375,-0.0696999747732599,0
-0.13660459075287337,0.22621487335117615,-0.6938758303748783,0.005481203941334438,0.2610839992498031,-0.10026507821811315,0
-0.010364787563837519,-0.17634389328492522,0.42658881820293587,0.049254931858038836,0.3362248837509005,-0.8568702710459947,1
-0.26908743922902845,0.30518137819594343,-0.5920172278615634,0.023417349520681974,-0.07509136945580228,0.10666802953906238,0
0.537679725792923,-0.36670714415237754,-0.3063353853584514,0.13061248756900934,0.38883303541766673,0.008273705046578789,0
0.15695056899732618,0.19490744132981452,-0.391115117820662,0.17121587124343468,0.44197261986539105,-0.5922487658454917,1
-0.7305425325516849,-0.00880205651782703,0.49164680492539536,-0.1623767267862172,-0.24363326469630892,-0.4876899915434284,0
0.2151589489273094,0.021345560066510616,-0.27705741336475875,0.5242185323215212,-0.028990658867680506,0.6501043056032283,1
0.2617005722455046,-0.19941642200486498,0.15923616917737846,0.14286609473267003,0.11299273766951076,-0.19326836938524766,1
-0.2641683539157582,-0.2279933163031368,0.43425618579173586,-0.2351350026375189,-0.21209652964688133,0.4424664284600266,0
0.041133827906960685,0.02873171425372252,-0.33736672691056935,0.36598634044193273,0.1576164988635232,-0.33899138112882454,1
-0.5040300257127537,-0.2861025844902802,-0.049400169843511595,0.3541814285362999,-0.6491872677914612,0.21099687333466033,0
-0.3245767622193271,-0.24468475822263278,-0.6883079636978225,0.3984250058059225,0.30274010076755026,-0.9577179064610086,0
-0.301361378512746,-0.20693568547212754,0.013950315822270548,-0.5860965920982589,-0.07953708737383797,0.1136315269910228,0
0.5849602683368895,0.026220074803079627,-0.27979986345735397,-0.18130775804822105,-0.5125283246967548,0.44893301645278616,1
0.43031574379130333,-0.09125675764857849,-0.4357620955591411,-0.7454242111327459,-0.48952909499446107,-0.7976396311890217,0
-0.1333816536839626,-0.6078483842541728,0.6911072427522575,-0.28347083153261865,0.13653551260590605,-0.5721341447494676,0
-0.4720229063334933,-0.4858231559229873,-0.004920217315328684,-0.1391523503034764,-0.18906433455166544,-0.07447404675329593,0
-0.575636541799085,0.10029543416559873,-0.4667234139570319,0.04953374976519674,-1.0,-0.26820860292375936,0
-0.02791046603395031,0.8219976852728078,0.026167254000090706,-0.29176569200825075,-0.3804056353852423,-0.02026592596117517,1
0.1497891779091889,-0.05596041128844505,0.06859034991261939,0.406355697311184,-0.5409222840227967,-0.2770479530586939,1
0.3331816804964318,0.40453186240988454,0.4388911221439803,-0.07157494029511559,0.09112614527277756,0.11744925646145829,1
-0.8602930580488816,-0.25871865928939813,0.4985172212772261,-0.47937542731315147,-0.5978225609679332,-0.42074626497382606,0
-0.4832266542505544,-0.09378357128642481,-0.3335224869173107,0.5645551543385713,0.13394462026119666,0.6315950075765564,0
-0.1922446784047756,-0.9560807341709697,0.0073187256456776345,0.39297973210771153,0.12644049739811636,0.15002410408901382,0
-0.7555845886670087,-0.1907107519359375,-0.33802911888044407,0.012825422287212146,-0.10708236387472088,-0.3823405878369139,0
-0.17147083003995348,-0.22109219369127406,-0.11803234538910537,-0.6641493356825758,0.23991465281832172,0.5247503422848186,0
0.03306477079750181,-0.13689962386725035,0.196306646193031,-0.05714008613428979,-0.4858478447533092,-0.4291947563454361,1
-0.1984708610387868,-0.25932266000058646,-0.5495175445190628,-0.15939426761318914,-0.28946617553622545,-0.6433705738649639,0
0.16453252059635498,0.30377148443205176,-0.529013791903002,0.052933863397685035,-0.31290149751285046,0.29081601244818084,0
0.6751161019398116,-0.43131526609344717,-0.35365386965398726,-0.1055768045168082,-0.18306608095797816,0.3551210546028409,0
-0.08250191231410169,-0.7088058677579898,-0.446025723128442,0.5974619776653293,0.35424020104672915,0.7288200809822865,0
-0.7367614557906109,0.20367652952984228,0.15093407183161722,-0.5377320868167378,-0.6535939829502183,-0.9306789896172244,0
-0.053584674094672755,-0.47498850188907527,0.27700309026154246,0.377019389533569,0.7510684078951554,0.3725016514351854,1
0.04579570178718881,0.010681135398451842,0.3754523938231629,0.05510024550383397,0.29855029166935626,-0.03180631498194188,1
0.46001606151437513,0.09333894944716033,-0.06782673166885073,0.04828287251370919,-0.5579555051240906,0.24279601461107397,1
0.22724359164542357,0.8670368491218061,0.010339235654774251,0.9342014281902978,0.18511046965421663,-0.5233768731214179,1
-0.40088283697993193,-0.28530560153265583,0.059696624442345636,0.2288636883969894,-0.26235431041017176,-0.2985616781533955,0
-0.32721429877185465,-0.19947333780042367,0.14478473164289246,-0.185312280086895,-0.9460951825700166,0.25182155505278886,0
-0.5431671102861795,-0.6818277546674072,-0.28492548254649575,0.1030496723266576,-0.41123034929518976,-0.11931951040561936,0
0.5738477741545658,0.045227820878408403,-0.17669655435255976,-0.3942715538555211,0.25277996753963783,0.2947402045503803,1
-0.1745361949004932,-0.21438013217109228,-0.048647053669103935,-0.005242026471902292,-0.2895326080047263,-0.18434438593284475,0
0.1839052114186998,-0.21479871749128365,-0.08350497709077423,0.2879923215774517,0.3569766984598182,-0.16412235934999003,1
-1.0,-0.379401081357945,0.058468117274350445,-0.079110554877997,-0.37909578354858997,0.24886652070041593,0
0.35093877194761086,-0.10171677719242818,-0.5623801959360364,-0.06499913134727511,0.19353278259560022,-0.25011301250337065,0
0.4755759652358498,0.3403204909697759,0.22098670528442532,-0.8508516790590633,0.3617408653763118,-0.3785920284900925,1
-0.155701283166747,0.08641603972420192,-0.48737647517480137,-0.3556187823431754,0.3957322080406478,-0.108591279100695,0
-0.02137325092786016,-0.16734269367586432,0.4177462896397447,-0.414788595278592,0.1254927254897144,-0.06212095136597977,0
-0.3417320819069114,-0.05640413029133237,-0.3456239904311591,-0.3225272763765776,0.3538521272497281,0.3265667849643948,0
-0.7238995127085136,-0.33679817259150013,-0.0898453212028061,-0.5870380026085503,0.06966585624285829,0.5364900346943731,0
0.34930316288865726,-0.4217960427465866,-0.00886532197762925,-0.45684894979844115,0.025945493882551712,-0.13539486066490136,0
0.08529861559648391,-0.08109464226017485,0.5517483643491081,0.022300314846293856,-0.37266105805959543,0.22979866240518187,1
-0.7186955815638824,-0.027837278224449542,0.2962421682546224,-0.12252756698205255,-0.07272016977435028,-0.14125937802475166,0
0.8518149876250581,-0.221083015413103,0.1902773416959112,0.6837102814071413,-0.1163607627566687,-0.5068071376890266,1
-0.7010496795754951,0.10615497675332558,-0.21345952811090316,-0.3716626048212545,-0.21160155974143632,-0.058999108722530655,0
0.6881248164198653,-0.5820784832259506,-0.21479984846016595,0.3398922764123271,0.09437621734770596,-0.1261356848314984,1
-0.08239476803189036,0.14715625002069113,0.04109296010373069,-0.45686148422265976,-0.14944330664901445,0.11825685554130508,0
-0.3062623385353759,0.39290588407815524,-0.4697699823571759,-0.12857433181033306,0.6680942820445956,0.006309296765311348,0
-0.4340749978923247,0.05779326040635581,-0.13030537163377728,0.26289731624171075,0.25532668012319415,-0.6109289399651128,0
-0.2336280305175225,-0.04665970460924075,0.24416043355336714,0.30550694966262143,0.169511441803819,-0.892815822117862,1
-0.16565974283354068,-0.06034058144705335,0.3053525157416788,0.25441153782390047,0.26175074648864727,-0.5554409044931156,1
-0.6915801930244289,0.23195591758289297,0.24214507002597085,0.002478040434363442,-0.003737095400467117,0.16694194134797263,0
-0.04707166073066321,0.00955780216890846,-0.018425284486075846,0.4611701485629146,-0.38325945491315533,-0.03346950240076306,1
0.04110691789749843,-0.10255646789932077,0.24740059919135,-0.04416918949987353,0.31274682807502296,0.1588519976152541,1
-0.4811102250267466,-0.5717749995752045,-0.3096093586884252,0.915664253556862,0.06163518126365444,-0.19676426248585552,0
0.06169684124555569,-0.07510524727928174,-0.27529982835092953,-0.26385585109418114,0.7187763188893427,0.04411778814103798,0
0.22854781756490078,-0.11017530723811525,-0.18322923858775783,0.45761254294284215,0.7387134546756129,-0.43748535585406545,1
-0.5383446338680733,-0.07054875096338244,-0.013584819293437737,0.18554722259957754,0.0056273961595262375,-0.3675436838580057,0
0.22093138722511524,0.2309573794759483,0.27189368899305183,0.5519891744470032,-0.6956546741718967,-0.2526326825681817,1
-0.5422992246861331,-0.23112469991740087,-0.3807787901409899,-0.2609524760980936,-0.08584789527139257,-0.8386939852769909,0
-0.21876172904572153,-0.18512250706114644,-0.40633980479213616,-0.2656354778769555,-0.19528406555610722,-0.46974265958197015,0
0.3138616204344542,0.2094042638817485,0.5997490802248608,-0.020291211066137328,0.33295496611112396,-0.5562116388967289,1
-0.02471993390191772,-0.26198544588476,-0.1081959206123348,0.7601310406508901,0.5973539836893972,0.2242413540107982,1
0.23089829308440774,-0.27814978840746407,0.17420764190734758,-0.28655571836971316,-0.04796758059993905,0.09654769336832311,0
-0.03284953331488312,-0.5819776338663094,-0.356483454223361,0.13576371409605692,-0.40252930947747534,-0.6325728351494427,0
0.44905592454360743,-0.14642851042010305,0.3711365582184713,-0.30313578478066633,0.6166254381507797,-0.5188368712662647,1
-0.6882408973230515,-0.2236503387324421,0.10503230092713761,-0.1195561008870443,-0.2799896467128415,-0.15686565322654186,0
0.45856631283325944,-0.4291634924725435,0.3257243125054453,-0.12942496975923035,0.018154538109017102,0.46032465691309266,1
0.5976136274189283,0.23922985580960993,0.1727123194548911,-0.1874423760270881,-0.1324110618759832,-0.24962193458110513,1
-0.24114169358528448,-0.026411996501942786,0.29856528243584896,-0.42843295983192115,0.14106778501613323,0.3161995394671475,0
-0.9377917274289642,-0.14434851204623322,-0.6613791890114528,0.5633909989856845,-0.17275691072449423,-0.49144119122406454,0
-0.07846219347721234,-0.17057153150760276,0.08000643023120801,0.23379087308931235,0.9211861548379788,-0.8772266248539224,1
0.8839010847925359,0.031466352553959236,-0.2322972093302138,0.26889080035362783,0.19889898853799426,-0.8540652163875855,1
0.2651973998363919,0.3341311784507233,0.05496854066534396,0.5944963791845616,-0.17115533351735202,0.5732957514084827,1
0.5123822414318348,-0.5999043448709245,-0.635687519492183,0.14329737378293017,-0.3559926429666359,-0.23176485029398272,0
-0.2083340185833168,-0.20745426096727407,-0.5589634706560139,-0.107351780599794,0.4415726083566425,0.18167667053019643,0
-0.6080574899300717,0.5471369378508475,-0.05789388561329551,-0.14453802098907387,-0.34250871459624715,-0.1137371965353175,0
0.2426317316272839,-0.2042147014724997,0.301118529291835,0.02141961899720206,0.5097474419860529,-0.47517508212136106,1
0.07709619911209936,-0.0916432797824682,-0.01946721468867451,0.1311514270202208,0.28454407325827036,0.14007144027299712,1
-0.6131250741784718,-0.42123104289887003,0.21753320155912076,-0.8448568920187791,-0.15197993498006543,0.017113405005349247,0
0.14955605288085938,-0.2785390541177852,-0.08693951114208416,0.2447359395472179,0.6877481520252422,0.15867822074605553,1
-0.43173445278021383,-0.5221938761753513,-0.07273443139218796,0.2977953826005979,-0.9342253871751601,-0.49443546000222083,0
-0.024814277757207348,0.557925433179186,-0.8677771727132546,-0.28539461507625696,0.3675230224690462,0.42556799704753395,0
-0.28285991953280065,0.04338149327510052,-0.04042571332493554,-0.8894331746402674,0.3901711712318519,0.4372327903243264,0
0.2681642197550775,-0.028400965300906897,-0.0855782768277769,-0.3010078923765811,-0.07748932705111775,0.1575221174541449,0
0.3139119992273307,0.6037524126653079,0.08279879045700245,-0.8541204628702047,0.2953628657598803,0.5007452057966519,1
-0.3139724880050935,-0.2882231506144473,-0.5544525999124537,0.5050562531345911,0.15127533151433156,0.014305819893101118,0
0.4631575879878628,0.23380030705899785,0.27296152764719706,-0.3558209634448391,0.3273625006573431,-0.27657602566704914,1
-0.0674407259042829,0.558900339461473,0.29374183710410084,0.1549416698182917,-0.30820606395336564,0.8186947439841853,1
0.103328772617607,-0.11736540173901938,-0.2582424873281413,-0.8649667853356198,-0.4769860581452981,0.23913679753225947,0
0.3131880568262258,-0.15818534968280498,-0.1315314894834628,0.11932461726589241,0.3696763207214887,-0.2971634702781508,1
-0.10332874449126649,-0.21423262643434218,-0.17288604820282333,0.21284002665853208,0.07321052817555146,-0.5123012726555982,0
-0.24620925456918,0.132958982475423,0.06480256136825363,-0.22496577689575198,-0.6396511286684506,-0.1627804562675195,0
0.04980002848516221,0.07303287422401651,-0.5538428463407299,-0.02702398137641998,0.05408139506930401,-0.46126299322905057,0
0.40701801511922864,-0.09543793567264953,0.8672099409727045,-0.12592035715844807,-0.5990228440427587,-0.3038819511708521,1
-0.28895367261688853,0.49680927347208115,0.11627198183632251,0.1539895781108394,0.10625783263932123,0.10311714774594477,1
-0.4856445757595692,-0.31196546220535865,0.2930966024566218,0.2584910477027931,0.05958566416287169,-0.8514023894907491,0
1.0000000000000002,-0.1559797007107373,-0.18589890583675373,0.37412837297216206,0.34572722764819247,0.1903731455066835,1
-0.6246686165211193,0.040579870472457105,-0.19025695322250863,-0.14149973910150493,-0.11636521488723517,0.5170456234307953,0
0.02702861565050524,0.45744933025050255,-0.5885216095935888,0.1307362940209488,-0.0858699193277558,-0.3674836037617909,1
0.45390639724830917,-0.5028457051003734,-0.747829431032245,-0.9669104505331502,-0.11873877138435154,-0.6960336331525827,0
-0.24814710064305426,-0.399609772138941,-0.10778814308500248,-0.11580109625535437,-0.16488070344774924,-0.8407626754815853,0
-0.037663224714779175,-0.30024610189264245,-0.07869250219639905,-0.852363248912877,0.6215090068497059,-0.48989906432860375,0
0.2830415934763943,-0.16145125825860857,0.6241511069547245,0.08386374885163383,0.10159810721041479,0.07592464760773551,1
-0.4416791815378628,-0.21608483002912598,-0.1192111299376071,0.23797106078857078,0.11209775813981909,0.5685001268462444,0
0.4743639263146656,0.2683956592417142,0.5105597816833354,0.27024253607664567,0.382914274696149,0.06654772085539179,1
-0.28143870845474994,0.3419638306162447,-0.6820383277602615,-0.18014378721731752,0.5057306147773359,-0.6725954075774587,0
0.17693812962924949,0.2918867625032179,-0.20102918841050824,-0.35219081859289697,-0.10909938098479988,0.3421594394717717,0
-0.028319731663234107,0.4587259843151433,-0.253225498022153,0.06055384355807171,0.26154940043715413,-0.5959649065475857,1
-0.04558494671371932,0.21379741167679595,-0.32549364523106883,0.10051029021820096,0.3380999526265144,-0.2517660602338996,0
-0.6407420619556965,0.05024187813797554,0.43953901244334637,-0.3914264546573475,-0.24864278260931638,-0.08075188017159335,0
-0.2844864983132239,0.7579008457869335,-0.1621189628625108,0.10026967707049955,-0.22273811121040166,0.16128082404495653,1
-0.6101152070751037,-0.3377610614937634,0.4641535127276071,-0.7013616238152873,-0.4900745418865604,-0.22570192817187396,0
-0.33246446028725557,-0.08187389192845779,-0.1006401075271949,-0.7915324200475842,0.15557584197146285,0.1860178569925776,0
0.2983592081018939,-0.34301112916343734,-0.4702650753208842,-0.008266913867873094,0.3550302357368516,0.08373323914803349,0
0.5494071122208013,-0.5116296876167119,-0.027149610116669914,-0.47495871183920696,0.2445843926101228,-1.0,0
-0.670643762610419,0.03462440260720519,-0.6463450675235736,0.36838629439713644,-0.11688841262120184,-0.1824756328083127,0
-0.11282671330124874,-0.3591389481251492,-0.2315925639984829,-0.2907942822867505,0.22450940814515669,0.058622357114053544,0
-0.15451742905649138,-0.21430537304768274,0.2889717560965424,-0.33461023662656286,-0.9971007109723773,0.21600979498575135,0
0.31902859722209964,0.7811423202707983,0.1970864384074687,-0.09011630567204146,-0.40858677188030523,-0.3219744980409076,1
-0.08300564660657508,0.04319981013882378,0.23259110215661472,0.10042300237202217,-0.1824508994930101,-0.2069854397291211,1
-0.5816499654728717,-0.11183295585458097,-0.12797839539117625,0.03916956533515378,0.07327301559438097,0.12767620735544666,0
-0.1266103040252071,0.3918491400225058,-0.1018884275615615,0.5470516972609506,-0.037119735879897024,0.15952579396437486,1
0.18498178265324394,0.10300060106207748,-0.09668135194244146,0.18503903234309527,-0.20354276162630788,0.3456422694594928,1
0.3751971178391543,-0.013614235493079782,-0.4770028925713082,0.9808213849437446,0.14166753417887712,0.23178067743576525,1
-0.8449255015961741,-0.41355851105560715,0.3146859813566416,-0.28494050940044,-0.054483245847284756,0.4506881167200901,0
-0.4442473811580617,-0.24067953293733155,0.8167336469083509,-0.45031396136615803,0.11250159273324761,-0.11763765487666542,0
0.19282142733919916,-0.5804524071476985,-0.7480843906755538,-0.33562907554754606,-0.07674808047327966,-0.33784285623971366,0
-0.7402225584078632,-0.1381779322005173,-0.24116794815973938,-0.3851376526357041,-0.5186825122741202,-0.017353163023561373,0
0.3904382639617038,0.0064781588714218664,-1.0,-0.6617954618701865,-0.582008255942587,-0.25212473009260394,0
-0.5128874847759377,0.2433045004846271,-0.5195770573709614,0.18221705527605614,-0.07948950227581561,-0.0921266261515693,0
-0.528814326177981,0.3636134494635407,-0.7226302981054834,0.04732958347144704,0.5451128351502427,0.3252200524596266,0
0.25618025287513274,0.0048740290945525795,-0.048408150724589476,0.0040325513596626145,0.2631893729064291,0.17270807607964378,1
-0.08440023770825329,0.5461228553117365,-0.045030298503131574,-0.026758399393621037,-0.3053852497681654,0.23016856133945346,1
-0.4590625435024033,0.15876837862782725,0.19036769339035176,0.09381900809042765,0.16859474012666734,-0.07237177227667084,0
-0.5343916161066945,-0.3590823778180699,-0.7521631965709201,-0.2928079819909828,0.25899056535883447,0.10634733043934944,0
0.1633677396793038,-0.06078766939968633,0.32361872226088134,-0.7477191147597192,0.5082243206238359,-0.09152883639170871,0
-0.3482773159046438,-0.05568167886479802,0.17530936161526628,0.1625790906780504,0.9467199091731582,0.2178776018704559,0
0.31461278093438516,0.12750031875391088,-0.3052580742925998,0.010458055812383918,0.7036600167649685,0.20955925968620354,1
-0.13769620103261643,-0.5152861209045234,0.6486721380386097,0.207165370588056,0.2584767361632887,-0.13464114093975532,1
0.7488640736471893,0.4815466339099804,-0.04686620388261191,-0.10808129230534738,-0.6693667159432278,-0.37474820163140105,1
-0.9289887841498771,-0.09243453620732309,-0.025300573454644093,-0.12394052939514756,0.006293203577418891,-0.576149231382418,0
0.08017146327904737,-0.47746782100695695,-0.31888180483359446,-0.002932369370397696,-0.8151488904744468,0.007146393703003684,0
-0.24850528020573642,0.2477344651180407,-0.1027176206720435,0.49580644060996315,0.10466262790971985,-0.4222030814290339,1
-0.0214169120631285,-0.03473845264565362,-0.1996657143379695,-0.3430127017199404,-0.38376285528309895,0.9284399926183423,0
0.03278841252740053,0.3977539272274372,-0.46492537211668505,-0.19405599573051482,-0.8680595954534289,-0.6487807310572526,0
-0.20803807094914722,0.08631081036174655,-0.5625551200412409,0.2305887738043047,0.3497792486829663,-0.438364513380748,0
-0.4880008946404838,-0.4314447117048419,-0.6633703967962347,-0.8348526099265581,-0.24302496393530448,0.21355913734216903,0
0.5591731783309106,0.3768902028760113,0.2917714597054344,-0.40229438998464495,-0.3482298134276622,-0.35990784222438515,1
0.5360177394876278,0.2869042670316282,0.011296016581537088,-0.49251798445720507,-0.3819559978114385,-0.20978227329763222,1
-0.016002609910153787,-0.3905651862068238,-0.0033009035372826984,0.35425977647867146,-0.18686053460790855,0.015977284067515446,0
0.4350679644609887,-0.2524126414204807,-0.31495146286565373,0.1152326020340339,0.19990119768351125,-0.21656477480101544,0
-0.7261436852236162,-0.594005802606809,-0.0005270751453076289,0.09109611406743237,0.22620778245824127,-0.29284681745339314,0
-0.6026373516946326,-0.005650079130669311,-0.18012285831375352,-0.6659512109415321,0.23976666166175575,0.2501399687910674,0
0.23295278670107128,-0.4096388100842205,0.5295019321922049,0.03497697862929404,0.48122755210349266,0.1744343101287375,1
0.10787040840581694,0.19458856426803775,-0.17747858498354113,0.5435272750924942,0.03401860411849156,-0.2897237642852989,1
0.171365203680662,-0.04680470716641952,-0.41494901954217656,0.2905916706129807,-0.19176247205268984,0.11132706867720546,1
0.1864686201913211,-0.025316365616023635,-0.24100180957916906,-0.959820654177548,-0.3003755672668296,0.10944380444318452,0
0.38275407496814773,0.1735822162198787,-0.4333409763768162,0.003963706524958942,0.23954127540389375,-0.5116507808924582,1
0.20785302315269,0.08030614040143905,-0.103059244490876,-0.016812023220053367,0.03086437054382469,0.2205953469280778,1
0.2416369636420992,-0.027334347781805202,0.21486136404374112,-0.05016744294325681,0.33610370903635883,-0.7285962856272531,1
-0.047583661566980254,0.16440351575550946,-0.6844660327204483,0.13289103872919994,0.3550334121939052,-0.5340137951448884,0
0.3155336667416427,0.2958917907314029,0.12780698685982503,-0.23716211913759694,-0.32112308831334735,-0.21227413978485452,1
0.02882344564813641,-0.017396122904421045,0.07214979634374549,-0.08915903424507707,0.12069285979740463,-0.5026608482741302,0
-0.6523557565071747,-0.1313958649053843,-0.09747691281993312,0.6515589948192041,-0.09056416603649237,0.07541535868769003,0
0.06689489285508524,0.04320960023174493,-0.3716215153937474,0.2674602548462684,0.37855729146008515,0.16123808661887576,1
0.22376391203706925,0.4534200749073303,0.24327787897103742,0.4211683705534354,-0.0040333369714554874,0.2105164713494943,1
-0.4116561815775238,-0.18346697302876483,-0.4062722273344566,0.11858151767817365,-0.16332561566831771,0.3168402529446835,0
-0.39620500520919494,0.2640578315660943,-0.033673569160857605,-0.20147005325809286,0.263881271336417,0.6221581314244378,0
-0.3260331362727385,-0.15377600712097478,-0.013893821351263151,-0.2705808038068499,0.5436556296932016,-0.27436584683988197,0
0.3752649473243825,-0.15510027499442866,-0.7343660684406904,-0.4402225069623498,0.5748687685146424,0.005596265045416604,0
-0.3848525958588458,-0.20478250444946008,-0.6597763796068674,-0.766602620247535,0.09252383145762468,-0.43223113187738926,0
0.3664948895077653,-0.0445677349349394,-0.19161612307559228,0.8024785029522766,0.2046550246083423,0.2054735361829248,1
-0.24520176016043244,-0.2005299744981956,-0.03149489726014113,0.26979748126099007,-0.008972933233113226,-0.24362086406080635,0
0.22913070428604781,-0.04914299744879112,-0.47826488214671,-0.21809375028840156,0.12806228364249223,-0.2542940424418555,0
-0.47573061801492317,-0.25563577264070847,-0.21815567959894783,-0.0642903101768575,-0.5030236353364776,0.6606480073269843,0
0.31395028914978335,0.0668006871051248,-0.17444919451595992,0.5074427438156631,0.15200760371780386,-0.17399314696565363,1
-0.22103774686724953,0.41123910880061687,-0.5148616200974525,-0.22108890719627755,0.2267092364128816,-0.10192092866450449,0
-0.19870830910022003,-0.30812920125975474,-0.298333723093926,-0.5307620644661307,0.6465106410667549,0.11175398346409862,0
-0.3812008478562336,-0.43108403955575214,-0.6913282722368718,-0.33596729894657623,0.2807061833555118,-0.04516326308413387,0
0.42222430623784524,-0.650332097518824,0.06734564617871422,0.18717520035453986,-0.010222006207888896,-0.8011198727493452,1
-0.5997984956206776,0.541237980403169,-0.16205049607766778,-0.5762188332328585,-0.76637912562906,0.03656773520506894,0
-0.41371674555340004,0.0816370913944377,0.13277394662822736,0.004130171899561809,0.440463037330471,-0.3484819281550552,0
0.14280901901211263,0.14487996732139596,-0.008393965138097759,-0.5845455118733575,0.5197648167901523,-0.5355231032967172,0
