core_1,core_2,noise_1,noise_2,target
-1.2974340466597205,1.4802576697716026,-1.0478230209898785,-1.2351559438454975,1.0
-2.25507746421811,1.190941954545477,-0.5739139572412997,-3.0080569245713953,1.0
-3.3363066232923604,3.258935818359071,-0.0303236107922924,-0.36178560618964895,1.0
0.6721718391679041,1.9286827963119577,-0.4562055919762571,-3.051892363662506,1.0
-1.1062663270713209,3.3450632525550965,-3.4811752129322384,-1.1058586192766668,1.0
-3.8031845145213508,1.8480179099974903,-0.2291661548629884,-0.8069104826771598,1.0
-1.509282180873348,4.095985969459814,0.5576442604428111,-1.9937350480640301,1.0
-2.481455321022504,2.0117366382318016,-0.49307275059302036,2.875532253315681,1.0
-0.3482131425560526,1.710791310936819,-0.8853104235176303,-0.11210005604863227,1.0
-1.60140688569747,-0.6695834231464044,-1.7423980444306535,2.259105548088333,1.0
-3.637213934186266,0.09556522452790106,2.4088632044459812,2.326354104946935,1.0
-3.169791507520993,2.7064168896193306,-0.7500150652424402,0.052107130489498665,1.0
-2.99374669412593,0.884058862228531,1.6236337132354732,2.3686410003795615,1.0
-2.7632688510796886,-0.2427687908596865,-0.7363149322649702,1.558881851754366,1.0
-1.7243123922223504,1.7660919357689626,0.2737502772851528,0.6009261841597988,1.0
-2.392095909061057,2.4822103276114036,2.348743909079852,3.8853856229176795,1.0
-2.567651994022875,2.9232023579557205,-0.19239088870889987,2.9104467923880213,1.0
-0.1822740033695125,3.475563703600624,2.095609100274765,-2.6367776462382784,1.0
-0.5276154861530298,2.1655270657399033,-3.2672151829149696,-1.325665744611424,1.0
-0.7005189179340277,3.014997671365504,2.858979459290122,1.6571284339558492,1.0
-3.143451989926286,0.28814071365294547,-0.788371187864894,-0.7589827088084835,1.0
-1.3999710786942554,2.4169851870707926,-0.6608701430416488,3.5693544149284815,1.0
-0.6770808498774747,1.5543280160075401,-0.897042182127068,-3.4914362502755267,1.0
-0.7330086914278249,2.361927138638027,3.0487846266759844,0.26252130655655215,1.0
-1.0513849779682292,1.724260674355318,3.950595780033397,-3.349851877276941,1.0
-3.67757964724891,2.201824750575989,3.213151165297562,1.0659527161787699,1.0
-2.6634889857521076,1.749744406919302,1.0376960497728005,0.914880524679277,1.0
-0.4265388265850125,2.638062668893186,-2.5526677927060435,3.452810465761611,1.0
-0.10651261045551341,1.7245694819814412,1.6705766082482478,2.881191746888688,1.0
-1.2032393395787144,1.799875437639887,2.4221151517481116,-0.46872863046935187,1.0
-1.0356641436491172,3.05527941553453,-1.8728326488531968,-2.2625677639242303,1.0
-0.8096206124831222,3.0650534928571584,3.6195225322331765,-1.3408619159311792,1.0
0.40568073725965714,2.1969261689873103,-3.2470559658566387,0.7806535208665668,1.0
-0.9222247352730844,2.6506744693972024,3.4262616800918577,3.800347478526956,1.0
-1.1095472779277826,1.6483287422852406,-1.3323394733178517,-1.406427186644157,1.0
-0.9040799954239598,2.762913067873725,1.2090520641134646,0.5789619092467548,1.0
-3.1845292353435752,2.6944946801425096,-3.696013444316761,0.018785536123125723,1.0
-2.1366767155854745,0.5223522636975686,-1.355305257944865,-3.93791012593692,1.0
-2.570325296256315,3.1939926534885057,1.4856945633824612,3.0486726025551594,1.0
-4.050997127480468,3.9801993831199187,3.323084601719974,3.2866384056139193,1.0
-2.9556208640655233,2.0755134315343344,-0.1271427097355753,-3.117907894877958,1.0
-0.932685424822056,0.4066895944092448,1.514004635404035,-1.2933663763489696,1.0
-0.7196589560116968,2.6531236930180655,3.5853345296157393,-3.6429384175006945,1.0
-3.167024692602589,2.372720519423294,2.842491189373713,0.4070896421798684,1.0
-2.268134921728125,1.683100659981517,3.1423922214055144,-2.324854193553212,1.0
-2.4323174597183277,2.8779986322863156,3.825553932047156,3.539307245351198,1.0
-2.9177548733496983,1.1900828544329047,-3.0192293888586192,1.5238554215935336,1.0
-1.4833008032341972,3.8092073856285893,-2.1381054419441448,0.3353705008686996,1.0
-2.4295302880548597,1.6641751027212586,-0.7633172001262416,0.11681676271339558,1.0
-0.37741088916663035,3.287583292087085,-0.26257648728699845,-1.0250182326686659,1.0
-1.2228902456600828,2.47738626346049,-1.5212098368178317,3.6841412700894036,1.0
-0.2192821509395695,1.8619870277668724,-2.276125109226455,1.14649168655939,1.0
-3.4164623056278742,2.34729710319055,-1.3242227780813787,2.17894364083769,1.0
-1.5950326775610566,2.824799957376573,-2.822613299302139,2.773759410261942,1.0
-3.51102169450699,1.3262050106988168,-3.3460803498691325,-1.8482342270964942,1.0
-2.0614419756050775,2.968303195828621,2.1173481795984133,2.4211328865808692,1.0
-2.142795251306191,1.5312581988282747,-2.7856033350938976,-2.1262122224129953,1.0
-1.4136942358629192,2.9536617099187725,1.962745933970436,-2.6218336160285585,1.0
-1.576132596392545,1.6814201319731117,-1.062645368644331,1.62678612454991,1.0
-2.893539233806485,2.2825295312405727,3.6034526068376636,3.524150074543222,1.0
-2.967303368265929,2.60005148354543,1.7246728891856744,-3.0350604695494106,1.0
-7.417351886203554,2.0130235925362494,-2.8616231068597564,3.5800510512671293,1.0
1.0037540447990843,2.2008030893265595,-0.8667014533843425,3.704877508691892,1.0
-0.5143983312251881,1.2241388142829122,-3.7550362264875083,2.2969509697885933,1.0
-2.661043128331128,0.9423305346824313,-3.4665917245437727,2.8396363632854014,1.0
-1.0942814716784919,2.3981554936961587,0.3542165972198159,-2.8590855336243957,1.0
0.44395638777046154,2.892489411873677,3.6998771056300743,-0.5660792636463023,1.0
-3.983266544531887,3.9228527125243433,-1.288983095658132,2.2326538035109653,1.0
-1.3177372469000295,2.978102698661302,-2.981061811271477,-3.9115674903494115,1.0
-4.168909383984582,2.055054131540477,-0.051873440782117086,-0.33030609136042255,1.0
-1.7645668211483692,2.590527950330263,0.15165757799677682,-3.047024201377133,1.0
0.6953869669959434,1.0880189137209801,-1.663737635199337,3.5891239120924423,1.0
-0.299003330115017,3.1825056808172922,3.0774544066262264,2.9972509060643464,1.0
-4.457543378242468,1.7937832884576013,1.6507355683256968,-1.5049279433539393,1.0
-2.7191804884762285,3.0663984431438718,-1.0049456340263303,-1.8626875397813665,1.0
-3.93786041189173,2.4396256515537265,-2.9609178282364343,2.6415278083238647,1.0
-1.5593291970489316,1.2418941340822527,0.6877216514342264,0.5871007027149533,1.0
-1.9540783394793546,2.4679046487527714,2.262383988857465,0.8070255346478703,1.0
-3.8814321822897324,2.392609421497959,-1.9196826939292215,-3.378229425082706,1.0
-0.19970591856161946,2.9428146039651173,-1.970775849250714,0.3454005446168038,1.0
-2.536582311395097,2.1110578696083007,3.160011509371376,1.214479588031824,1.0
-3.4627473463796408,3.6865761136879693,-0.38232027520560674,-2.804513393051363,1.0
-1.362943379758519,3.7848210007349716,-2.5825820928555254,-0.1957152703404459,1.0
-0.9507715505775773,2.4279675328505697,1.598203856564945,1.2379521517951844,1.0
-1.9678778715624168,2.0936081789663525,-0.821883918214362,1.8478083851811125,1.0
-4.634071267400625,2.3263855700845584,-2.941959822589987,-0.387131828567,1.0
-3.0152528506635576,2.433024584871349,1.0485590112306733,-0.7776227138232663,1.0
-2.182476063807686,2.0358663923883555,-2.181064194719805,-1.5076658850027647,1.0
-1.2767870966047334,2.136501228708189,0.23984653403075562,1.2522290863861487,1.0
-2.5590872188258422,-0.31144805223745875,3.1921305021429713,-1.2214395148917188,1.0
-1.7209138683049996,2.63598440939862,-2.817882365451686,-0.5459772207131817,1.0
-3.9500167617796693,2.144876697963938,-0.3229461181320872,3.4073607971923403,1.0
-3.6874345165542355,0.8446150240051069,-3.724832715334067,1.4943851811085462,1.0
-2.200954226752485,1.0924576747169772,-1.6287029253123322,-2.1183681793312594,1.0
-2.013611112290297,1.0423439126379703,-2.4981472506070324,2.8475758238574587,1.0
-1.110063833418391,2.2450294532698,-3.6038397302800664,2.883426633990098,1.0
-3.440322225043356,2.6743026632245304,-0.5063528867899052,-2.2242674108240044,1.0
-3.2215643144879347,1.4379532931439936,-1.544446333020387,0.17849790735225124,1.0
-2.6892560847546214,2.5498017691612667,3.602886416518733,-3.9202868764686984,1.0
-0.3202129445580977,1.1902149759098737,2.4376060346307176,1.9775164623498513,1.0
-1.6695291663048146,3.227597550715258,-2.0557801626359797,3.770394003762762,1.0
-2.702088272179745,0.7012251513919445,3.5507470448285403,-1.4968327812674493,1.0
-0.6500538913446854,1.1742884944117546,-0.4099297872155976,-0.30553802022775844,1.0
-1.537162008755979,2.941678400440577,2.9461408300583756,-2.4604067913548278,1.0
-2.6695631993235103,0.01796540557717674,3.56377294966416,-1.6613042495819066,1.0
-1.6960444108563661,1.3208235879467867,3.4316315947115736,1.5560414729302119,1.0
-4.704658273810782,2.140026313404803,2.2744692366321315,2.3692386336523015,1.0
-2.760219287828397,0.36394291156151803,2.6536156689280057,-3.8314387786288595,1.0
-4.39580485245607,2.8593299674125,-0.97048720553473,3.44775481498531,1.0
-1.2170984148207222,3.1371442713045257,-0.7323638107877217,-0.34753298151654466,1.0
-0.40593774382396974,2.97831135029152,-3.1554285847547368,1.2035302197330244,1.0
-2.7351590873896185,2.2075641652713207,1.0295834229659278,1.8500474496419912,1.0
-2.20203457457636,2.2634772631537308,-1.8716170393606175,2.193854953809468,1.0
-2.906451330380337,1.6923733566415873,-1.3955630803454167,2.2034052252648557,1.0
-1.4796660401827197,2.0095952996700315,-2.895206900212502,2.2877294500938037,1.0
-0.10096417952033465,2.8752400183147544,-3.6940492540830148,2.8858224913866994,1.0
-1.7118784718220754,2.4498221434466423,3.4133542251975326,1.7767827983500712,1.0
-2.491034071666066,1.7593888786353953,2.322079533143067,-1.0343568371580618,1.0
-4.30989058607279,2.208180024576252,-0.6978463524032277,-2.549296011744296,1.0
-2.7458126648448964,3.756064392079514,2.7249092262283563,-3.2844575373739,1.0
-1.8140573534778932,0.9991203142335461,3.993289586636264,-0.3236583169855942,1.0
-0.27548963429061657,2.7271991295488895,3.5989649948039766,1.6360820938933518,1.0
-2.1163280096812533,0.9283289496280642,1.4324265796991593,-3.269530205902205,1.0
-4.403671479846988,1.2294835853111825,1.150499417869053,-1.959391023846612,1.0
-3.288348787584572,1.5545723230127177,0.9611789605594288,-0.3116358118517981,1.0
-1.4463513836679245,0.1403275233704382,2.249968109524514,-3.411953593875327,1.0
-1.5913744496354325,1.1926993382280042,-2.585759893694389,-3.0317360222936633,1.0
-2.1861004199388154,1.4520807349488358,3.1764632613178714,0.31909073699632806,1.0
-2.831696875735522,-0.011538894656281773,-3.317862892298278,-3.0743433960074364,1.0
0.012749788827789654,1.4134748605805934,-1.1077005494563066,-1.3415288454774732,1.0
-1.2305483531168173,2.3381933204217673,-3.739676370783555,-3.0309363019709377,1.0
-2.180172268892881,2.385034950786561,2.371529625256187,-3.455528029221311,1.0
-3.4881296525984387,1.653474548376245,-2.441234798982628,-2.717641873354273,1.0
-3.0742021321840136,2.38182170522542,0.9068679459615012,-2.497528220750147,1.0
-4.209341627926892,2.312372784406498,-3.8252509100252574,-2.733671945363244,1.0
-2.585793223516017,3.259186938404956,-3.4751628215934955,0.45409078510022916,1.0
-2.2991112820200867,1.6506460891946213,0.7722192219047486,2.68315032785127,1.0
-4.7057444834019435,1.3949953601006975,0.31997823490075916,-2.4885969139706816,1.0
-1.6293256988299798,2.93761675906285,-3.4450996611714118,-3.6963464088181297,1.0
-2.9799698430362316,0.8676015212474804,-0.3026580694113381,0.0116214658060807,1.0
-4.537060241210094,5.64230343354572,-3.524366524160082,-0.5353719436820166,1.0
-0.9501687301811246,1.9483582047484835,-2.4856768742879147,-0.9215765861335665,1.0
-2.8638247876440546,2.813006308753443,3.994406808372923,-0.028185496108030783,1.0
-2.811480553239971,-0.029566317202502024,-1.502968636186063,-3.4320504384371766,1.0
-3.155873780341559,2.8416495808862727,-3.502781075204215,-0.804933706166298,1.0
-2.0559821822563573,1.7381492176800708,-1.6518882273746263,-3.115434220799856,1.0
-4.604127497153624,2.3048154680490196,0.4142520715697193,0.11362336097740222,1.0
0.412437140671567,2.8201744547181824,-3.131303613179159,0.9301709056747791,1.0
-2.4345541890874722,0.8057355595094302,-3.9776168013203215,2.8471506585695137,1.0
-1.6121583232818812,1.4237895093735562,1.5690859367579995,-3.8949844573968075,1.0
-2.3681727883756944,3.95788627294826,0.6521372637976119,3.2585494402507607,1.0
-2.7735604277757813,1.5117187383770263,0.9852179049203569,0.6229772914867153,1.0
-2.545972738139342,2.2488792312244095,-0.15452539878771,-2.4640927897438667,1.0
-3.6554656070840594,0.8322316671154073,3.3427820657039913,2.87362924669564,1.0
-3.754307346259611,2.28492551967718,-2.804378880414636,-0.6530243371978122,1.0
-3.0684986586803857,2.746172453835343,2.957438022068506,0.9402687512800432,1.0
-0.7873111548369269,3.8705976232486705,1.6648581164443472,0.7466756757914066,1.0
-3.6193249694778737,2.218190469268846,-1.131056382335193,2.762678106578962,1.0
-2.226803454122114,0.13007269055641268,-2.6097831662950197,0.6503455957965016,1.0
-1.6083892282826118,0.12725218702383323,-2.3874759955237996,3.8158358970103716,1.0
-3.6247497473060113,1.5266767125968936,1.20968414195183,-3.1335990310487674,1.0
-2.1952651885825705,2.653187578824787,-1.619072862234984,1.3168672258151881,1.0
-2.122718304409531,3.2086327294628463,-0.7491105993565093,-1.323881412626701,1.0
-3.6061347376874213,1.4602524435563629,2.0623540370973874,1.8995797733006503,1.0
-4.4052884139724116,1.7613637395555806,-1.6913787796792583,3.15195127564127,1.0
-1.924336432926506,2.778402095571046,-1.408749915277336,0.4338377549588648,1.0
-1.6605085322008482,3.8862858628976227,2.02778096518127,3.6536904776431296,1.0
-0.9856799243769803,0.7027426696729775,-2.4018658323064166,0.9611493340717594,1.0
-2.591323712249712,2.1054338398978167,-2.3111910080663183,3.4485593239806613,1.0
-1.6090237316911467,2.5908330653300338,-2.469431734287471,3.5745886391902904,1.0
-3.1942853290201354,2.3911587370499765,-2.630447998072918,2.5369872647908593,1.0
1.0547530695944771,1.0952100976972883,2.923606348360435,-0.9926003162937773,1.0
-0.7313177601085032,1.2516620780609387,-1.9443872777432265,1.3100513780167535,1.0
-1.189324737562234,1.2799892718425596,-0.7302260863265078,-1.0113453314052965,1.0
-3.8117466406726717,1.0063732907127565,2.127621710975702,0.7256500054670445,1.0
-3.905784066089215,2.812821269098198,2.15701708988314,-1.870601353728194,1.0
-2.0032062966656534,2.233753318095968,3.330274327173978,-1.6293777613007707,1.0
-1.73697397243533,1.7318589916115013,0.1999689962064375,-1.630421275415734,1.0
-0.2899632809035897,1.6756434601091408,-1.589449825661843,2.9809885357495824,1.0
-1.7337326056415836,1.370400820093086,-1.8212848197088611,0.06718633486682002,1.0
-0.05363536158656412,1.3782724289705353,0.7937753984548266,-1.7635197791383943,1.0
0.585003078383691,1.6902724612738362,2.889209579698348,-2.1345686280710794,1.0
-3.2015475725383182,2.1166069981530287,1.280157382932849,-3.4876473599422955,1.0
-3.5741680370381244,0.815910786273194,2.909415027111013,-3.196337937478509,1.0
-3.3587720772990037,2.318938559789168,2.6353401484907613,-2.9222608356411603,1.0
-1.6166297260201756,2.7149841208602647,-1.0046335015287733,-3.4309088514458645,1.0
0.02972005291378732,1.5977297363673124,-0.8165162265200623,-2.8457541992602975,1.0
0.28132296477354357,3.135730398868513,-3.2574652549646066,0.9437434517779737,1.0
-4.323521211232649,2.478085420039687,2.9669179706467483,-1.743475528810035,1.0
-1.7622339934389681,3.0147773601419967,1.3787116712203007,-3.5532517643144734,1.0
-1.6264329387930871,2.916919747786998,-2.516553690333617,-0.6127740389429857,1.0
-2.4560221800515087,3.788450915261576,-0.8791443975051703,-2.4901783140936224,1.0
-2.5259397910131884,1.470210070930613,0.1519075391679623,1.4360950974187423,1.0
-2.9177292003525133,1.7203674146752728,-1.2836662097375182,0.28993533106745506,1.0
-1.4117654868881946,2.064288062874248,1.4145298027084339,3.454783568576455,1.0
-2.5852386845513893,2.720952259068868,3.8960253598491867,3.979096640623294,1.0
-2.881721176009788,4.146440594960874,2.928844642388688,3.605785249863759,1.0
-1.1305969857979656,2.1762705486445477,-1.7556710407277922,-2.28650708600823,1.0
-1.3194089343508124,2.6564433255731412,0.11389850705484594,3.172138819993979,1.0
-1.6721377739406154,3.194514267629825,2.74257571117701,-1.5702886318402225,1.0
-2.878675442275522,1.8389977990939521,-2.336051470925632,-3.602305314497717,1.0
-2.0523862947582634,1.9974898690058451,-1.6205339347155068,3.8617822329200493,1.0
-4.473851327498848,2.3449081732980632,2.5866832604878915,0.46862758549158645,1.0
-0.9336899215422849,1.700713782462984,-0.547212322308285,-2.216803508836941,1.0
-0.33042758559540863,1.5254836648053112,-2.725380658775392,-1.6407663373020123,1.0
-2.6520746382937426,3.8882597039905464,3.580049341163461,-2.810217781139044,1.0
-0.6098292553653937,3.1817752545533864,0.02496104359958995,0.9450788428005144,1.0
-5.302693150059607,0.9768006358065737,-1.1484933359659442,-3.6032232169246257,1.0
-2.6021194746083793,2.0774052404023067,1.9825944876930341,-0.6995099831510192,1.0
-1.7243524896876952,0.619475428551902,-0.5439990498752287,-0.7805110408627884,1.0
-0.4399253508268093,1.7828733128514096,0.6706841647861541,-1.2002251331752856,1.0
-2.157082702318691,2.3789698284355256,-1.1437233741205057,1.0485702041640739,1.0
-3.3848494124928745,3.0827848099617077,-1.3679358681694573,-2.8827449081985668,1.0
-2.952820423526183,2.8317406374422607,1.1411609978064927,1.0473056598684014,1.0
-2.0255368975875983,1.7093459018999417,-1.5529531462886883,2.152142973992987,1.0
-1.58537925761209,1.9609109206751816,2.214045960707625,1.1514407407561285,1.0
-3.9334067142607654,2.3408333015917924,-2.548155538600727,-2.0703881569421076,1.0
-1.4293934475406709,1.9015228505242048,-0.13979904092772788,0.8497597426754462,1.0
-4.969438542287044,2.6605316150972866,-0.15416572479005364,-1.7432510694167718,1.0
-2.770475364546024,2.4222061560388957,0.1349303202869896,1.6490977826786422,1.0
-0.7969475902612739,2.1867371985589137,-0.4187335023136116,-0.18860156781577953,1.0
-4.292201980204524,3.6729971328452073,2.554587805473412,-2.408014295034767,1.0
-1.5364974123191977,0.6054416609328468,-2.6938014331920606,2.830088506097521,1.0
-4.34341179632074,2.5120379509209267,2.9002366750744333,2.3594752474451113,1.0
-0.7460089073536427,0.15230792793821313,-1.1941183379273816,-1.8898749884819077,1.0
-2.4498145586747517,3.165070559487874,-0.5958739580805981,2.0061360874541325,1.0
-1.9156363193726755,2.5579439920891205,-1.0259318900466097,-2.6044684841276666,1.0
-0.39433081905880885,2.7805249375465126,0.009595701645502608,-2.1698924695810105,1.0
-2.0547490269229747,2.152323927539547,3.1715510877833015,0.4485858895613868,1.0
-3.0861980591176197,2.668279542477445,0.32386182116439155,-3.2044097629304975,1.0
-2.3186918347929897,2.63064424532271,2.2178717854845296,-3.9830276318509332,1.0
-2.2271415821267717,1.500783648552227,3.319392867774792,-1.719091207200301,1.0
0.9760592619363875,1.7087796123644206,-1.2566820275736097,-2.6065382697538704,1.0
-0.5501463521748646,2.9024262790915527,0.1729769247293067,-3.597649327572741,1.0
-1.877911927303234,2.6196331597014986,1.1396773521937194,1.3685317756809319,1.0
1.0317185489406944,0.9071351108733754,2.928111738791914,3.4779382669013454,1.0
-1.3775425713932656,5.115858188169193,2.163355853917511,-0.8341669806454703,1.0
-0.06521278794348628,2.2152143771313484,-2.448835285992244,0.7723819144235042,1.0
-2.778104265575111,-0.41329178546905565,-1.0331874831820622,-3.7996943620780925,1.0
-2.39168262969147,1.6159669265038472,1.7735430084153148,3.9815714640651834,1.0
-1.337489525160394,0.6590702108646247,-3.9715384256419615,2.5467295586525998,1.0
-2.580900692447402,3.831290269107977,3.380326565958023,-0.20216157484226382,1.0
-1.3914290266684477,0.2993156839903788,1.9188127485745552,-1.602573110155804,1.0
-2.267139561402673,1.1834584782810444,2.500570196012844,3.7910148438939366,1.0
-0.5966183915016297,1.774673715482669,-3.7213784325114148,-1.9107618279345298,1.0
-1.3500012218685042,2.2999327775371645,3.7363364330477413,1.6632692570155596,1.0
1.0557899212443886,2.2705601146658543,3.881694181440163,2.4354850956767793,1.0
-2.2328349692185925,1.2029864404546124,-0.5891283174719701,3.9507115654035907,1.0
-0.7637942134595581,3.5102003414872174,-0.49548215524729056,-1.7508111204626893,1.0
-2.414595661603292,1.2769781749744848,2.008554503976029,-3.6684210403680684,1.0
-1.4607628553561303,2.480104928515334,1.6147396446219888,3.331476296440771,1.0
-2.4821357819331595,3.5827002435127415,-1.3400615018164528,2.9122642485017414,1.0
-1.571222633674856,2.8919150250914387,-1.1328578882704603,-0.756225333752119,1.0
-4.734636613652107,0.5055133971279782,3.8607831804360364,2.62283950484286,1.0
-3.578670888202914,1.8139430431799919,2.8852719782911667,3.3147899069901907,1.0
-0.6175477396363,1.813236843554144,2.966960438080843,3.5125672173134195,1.0
-0.4310057207821265,2.189664110696588,-3.128187198943067,-3.870379430630461,1.0
1.2010241665318535,1.8614384897484602,-3.7900397313534624,1.216420412287925,1.0
-1.7182542383378374,1.8161929620298916,-0.738684831557606,-3.126346580689942,1.0
-3.609675548104052,2.5162412734056505,1.9596551072762454,-1.113454929581823,1.0
-1.3016595119097234,1.8562518057069393,-0.49411512401310276,-2.281505514335973,1.0
-1.7005780803652468,1.4075637659655489,-1.1780702420884097,-3.3041219921327976,1.0
-2.0095654003963874,3.190440028121259,0.9840076806726943,-0.9567686677014677,1.0
-1.1160007007170831,0.00850196165236361,3.607592874168601,-2.4631704715272242,1.0
-2.430913691055174,1.7836601901004148,-2.3496188266222005,0.15221936558386684,1.0
-4.803240204955117,2.8622085589520965,-1.4272325959661023,3.3544744031704496,1.0
-1.3398794563147214,1.6999812558808878,-0.015244955190246046,3.358182673549045,1.0
0.5104414007323896,1.5196930822415455,-2.7013507479130405,-0.527338191020096,1.0
-1.498688573823076,1.82280905021169,1.3621212940507652,-2.5324223961033043,1.0
-1.055618113598717,2.080571125579313,1.245789920924591,-0.3195629262790227,1.0
-4.092703590866712,1.854847797738504,-1.3512656412023274,-3.0911216793016285,1.0
-1.4714549370670769,0.34337034389993004,-0.610801180806761,-1.8507710967723057,1.0
-2.91514861273649,1.7362623590799702,2.9129251066592703,-0.32577018066693597,1.0
-3.708358262253812,0.8982774796820048,1.2569559198594096,-2.616515053302993,1.0
-2.364132361911896,1.7325477679031729,-1.0622206784069377,-1.3226658339629065,1.0
-0.009344883332451204,0.4842160331955523,3.3724436754131064,3.9787097116058963,1.0
-4.113942183426144,2.2082568230429396,-1.356783565271888,-0.08194915771499378,1.0
-2.4910475319135648,1.6420954441832984,-0.10616657520127859,-3.8420900048144597,1.0
-2.0610769465491385,3.3241245375014277,3.953269977178862,0.6681107066365994,1.0
-2.1176791263349157,2.483338894414378,-0.2152256849514238,-2.4875434596981387,1.0
-0.9978303154270896,-0.10088622829385407,-0.9343979683008286,0.7153837709883764,1.0
-5.412580761951016,2.5769555641997446,-1.1777496513892194,1.3710532086117997,1.0
-3.2058738343312907,-0.7125767514538173,2.3229672766427143,2.98218019318863,1.0
-0.16155827311404214,1.101357514985201,-3.9235374682773063,-0.6759198562489237,1.0
-3.019306498046465,3.9507072942515697,0.6808944894755617,0.1490399430610143,1.0
-2.0080457655763158,2.0468954156259116,-1.666515394795507,-2.0452664414072768,1.0
-2.6111984937089585,2.2988379679125734,3.2562323465534684,2.889829537149981,1.0
0.8337716640379891,3.1569775033105847,0.4011217235176785,-0.632084713501758,1.0
-1.6167494438692482,0.8016846371634194,1.3864530726049669,-2.291314661799201,1.0
-2.7574215742445016,2.5843805449559705,1.3301198902106375,-1.8626920745090505,1.0
-2.816891164210791,3.4495873876770315,-0.03709144849389645,-3.505939167256858,1.0
-1.220671765901864,2.0011245490123684,3.462352476669473,2.6656104328345034,1.0
-1.0221087494213625,1.7107758127112143,-2.3840008741880805,-1.650082165498425,1.0
0.05458535130756337,2.234438905663839,-0.7480979885030345,-0.021913863454850357,1.0
-0.943094899885097,3.4146839711518977,-2.766922270957414,-3.166312577645024,1.0
-0.3618652849630719,1.9455629659689533,3.747419555086659,-2.942799171372868,1.0
-1.6236533261149142,3.27616518009164,-3.798788657162759,2.3807424241394317,1.0
-2.7878512112001745,2.3840260932758395,-3.4017362548650443,-2.2372013185523256,1.0
-0.28831656336919465,3.2014264767843272,3.916624477083036,-2.9207473062374367,1.0
-3.4340575845184276,1.6777552286519493,2.0427403417517915,-0.8808150438380782,1.0
-1.1243444909809037,0.8346242693903212,1.6411849073218834,1.537740280357828,1.0
-3.4081398425225116,3.148597510391763,3.5168684551083595,-2.880729201599186,1.0
0.08220884282541796,2.227645806638053,-3.5689634169834505,-1.2965077965892373,1.0
-1.5735343348766289,2.5258628927392452,0.2827376371791459,3.058715993274183,1.0
-3.1497953488921713,1.4296266881560435,-2.0157384505106624,-1.824407449090911,1.0
-2.7290474340176196,1.3788979473966887,-3.304235618206028,-3.348484233052276,1.0
-2.2546144234448158,2.0938325689406305,-0.7196168279277408,2.541265613020517,1.0
-1.8542624677724422,4.137001357872013,2.8378263877430774,-0.9317298447621551,1.0
-1.4868971563288174,0.07290581704643762,-1.7577838668197279,0.3773403819999199,1.0
-0.2154670127984264,2.7048285286497777,-1.9698605815120853,-2.8534035274844243,1.0
-1.2437224068680104,2.3067212706084175,-3.138385537081934,-2.1345984803150335,1.0
-0.5942114930924347,0.8067353181087049,3.175699538444646,0.8510748211106938,1.0
-5.179464155125704,-0.3139351163140254,2.610081822111149,-3.2207617764917966,1.0
0.500977972687437,2.4052328573890915,-3.050038672049963,-3.629711663126897,1.0
-0.504204928131907,-0.26120179232481844,2.0410228265881534,-2.362927406643233,1.0
-0.8006227751744444,0.9933944588549088,-0.1954121690951034,2.1768573186159843,1.0
-0.8633489174334312,2.180766999916779,1.5280842697214139,2.718098964559525,1.0
-1.516490223590742,2.5808024835265084,-3.7010760750219074,-0.8296291007853629,1.0
-0.7230192690661659,2.175355715974346,-1.4876890088983101,3.2699804151991394,1.0
-4.310111467665024,2.7975536854181406,0.042034515215748414,-0.015389430352916733,1.0
-1.8312574777814292,1.00078076987205,0.10426820565018868,-3.6425724442445278,1.0
-1.2553137937914216,1.0335270341651297,-1.8277853191830902,-0.8616497388667046,1.0
-2.1997752447289654,3.5783328285734033,-3.7921129521617045,0.022496025960984767,1.0
-1.6632370763864934,1.4740113866328988,3.5433975744148354,-0.2563787804055533,1.0
-1.951432943354571,1.1868972877897677,2.342015210671324,-3.3851219589928725,1.0
-1.6918827331416377,2.1262276158318123,-2.3243389528839957,-2.088809119140709,1.0
-2.170505469765537,2.1381311841076904,1.8153530798982596,-0.12290154165930112,1.0
-1.4962522175147428,1.6117099660570147,3.825542249112911,-2.634268203248472,1.0
-0.48551127853391285,1.1669526217811041,1.2749339037531149,2.290950868443983,1.0
-2.0066100062882963,3.3376220456093444,1.855335397696055,-1.2160985031658127,1.0
-0.9574560018143075,2.32683813261612,0.9682752249880142,0.8337839006373882,1.0
-1.1408824618997389,1.0916666097365177,2.0733886372188852,2.44202170751542,1.0
-3.5874302466464405,2.4364592188474994,2.899035914985612,0.16135656195261827,1.0
-1.98878657167245,2.199709612643515,-0.4980414395698727,0.6611090452336965,1.0
-0.2951921292085149,0.7959345127743656,-1.9717232051588294,-3.963258316647255,1.0
-2.835881721006547,0.5699516094297328,1.22937883842458,-0.16980605872069887,1.0
-3.090780394701437,1.8035238925935928,0.9213947074513316,0.9125853121556595,1.0
2.0925430756275736,2.2355506309158124,2.0408976639718537,-3.9050720023175733,1.0
-1.9963761058533829,1.685699902218517,-1.3317724571821978,0.8107327769607124,1.0
-4.734626538365658,2.0535719851639063,-3.619094068435114,2.7883866416592396,1.0
-3.487495625494849,1.5960690748385045,3.2783055631092957,-0.05657245470741934,1.0
-2.431093528193232,1.692214146609611,-1.686532685830418,-2.1901144943334145,1.0
-2.170776947198533,3.366242309495,-1.2368783637670306,2.601507537194049,1.0
-2.760096436265218,1.8380706245078282,-3.91719759772886,-3.084419245750402,1.0
-2.2440036195434243,1.5842032432714523,0.7466378090743975,1.1126845055723766,1.0
-2.9281534730271384,0.91787125816467,1.8605717957614907,-1.1723556675525604,1.0
-4.501827645651874,1.3451754890587337,0.13394007201896407,2.5310287367749282,1.0
-2.710375360092132,1.7709522338696315,-3.651592801475182,0.3521047435328315,1.0
-0.8443397421081824,0.18405131947191355,-0.43477482451662475,3.0206685918030782,1.0
-0.24007047842657214,2.6156700346588613,1.9077421797666005,2.764376066407019,1.0
-0.9048857960557988,3.0026929840091245,1.8492866916587154,3.1639914865176157,1.0
-1.4021977808718298,2.154727454206637,3.7500349793340986,3.368561636984049,1.0
-2.6025412919828215,1.1103251178448956,-1.803018932104644,3.5751550691083285,1.0
-1.7492413283584731,1.4743399163839364,-1.5504630184646873,1.3062257646829458,1.0
-2.7454108401056603,2.382578725325303,3.4181589602759876,-0.7707598520555443,1.0
-2.00370513024265,2.4977525344146216,-1.3763598620501103,1.1804989683941765,1.0
-0.8857349303911379,2.788742592707986,-1.190062588974695,-1.9729422806497423,1.0
-1.922546407171655,2.414934977165994,-2.8937283663561084,-1.647719671157252,1.0
-2.9093411709643795,1.03609414177372,-2.29494894977808,0.4865594494933374,1.0
-1.6847127800352208,1.252669710765343,-2.8328692701917957,-3.919301684199157,1.0
0.11900128616987127,0.9381782253298498,2.3221168858563024,-0.16461494684734745,1.0
-4.34733670934086,1.8136683675192,2.8167068015439227,2.2890199535103175,1.0
-1.1910639754368675,3.0592999839955435,-2.7189612166747557,1.238127693724146,1.0
-0.7878728519780105,1.1892245645741508,1.4428694367097377,2.431739153222922,1.0
-1.9634688479832927,0.4684088907001098,0.4021301427948716,-3.5211612039094966,1.0
-0.6351915742054468,1.4372861405383444,-3.7192365946584713,2.495501183590684,1.0
-0.7329619318654101,2.5319466808188977,0.9593696164171499,-0.2816579202999199,1.0
-1.8820349359260757,2.2070827665040733,-2.3942137111815534,1.5935298391287258,1.0
-3.322344698756348,0.9453700722827738,0.6276623018020189,-0.7129491593800301,1.0
-1.7355351035449602,2.990946631628762,-0.7860838817859053,0.9101843209837783,1.0
-3.984178855334651,3.3412278256435046,2.353244534471938,0.9240451720461396,1.0
-2.5772490858083303,1.6883448874365603,-1.293889145309664,3.139033325515177,1.0
-3.4578128379826274,3.475314434685874,-1.0288288875623284,-2.4422387347725776,1.0
-3.4220604195112383,2.4552249211360495,-3.119722265898993,1.4521741086299516,1.0
2.2019872441691017,3.008699976264067,1.6099939280632105,-0.2942137311641204,1.0
0.8501141740246325,2.6818722192660633,-1.4409171932190166,-2.3081727699323613,1.0
-2.611589730296374,1.4935105384069638,2.626411409460368,-0.0854228581399532,1.0
-1.94033659556673,1.6203609899872815,-2.7328300521310984,1.6440856178194672,1.0
-3.0289114399923673,1.3692902141455727,-2.180666815100447,0.997571004590375,1.0
-3.7281173627584776,3.9343216248882693,2.8850267467507313,2.8512819198536077,1.0
-4.345106256205755,1.6318308361650908,-2.80708578879847,2.8897939626634175,1.0
-1.6220783300884496,2.8380285549917526,3.59386847270532,-0.5865152312022515,1.0
-1.142785469692127,2.2453320243946977,0.00801910827127017,3.1351008308004733,1.0
-0.4876353590047626,0.959758438338004,3.81821237308365,3.077292189812301,1.0
-1.2588614082525327,2.052459480017333,-2.0709482308630633,2.3606598347116883,1.0
-3.260517099912191,1.0144781438766084,2.4981047331334745,-3.2916817119832036,1.0
-2.985447152606463,3.9635890442459516,3.7620557744864227,-2.198815644950929,1.0
-2.5389266703361377,1.7971338508809285,3.2970458463080323,-2.038216250199989,1.0
-2.219103111377598,3.5150468256233394,0.9790909934451353,3.9733042181278098,1.0
-1.8586559520171149,2.9029678743357294,-0.38663231459604575,-0.25429443849736355,1.0
-3.376073183081072,1.4364190086848372,-1.4000201754535153,2.9635546001864457,1.0
-3.2183315853003194,1.694299218125983,-0.680274239397181,-2.1806125138530854,1.0
-0.9551942340940043,3.252451070630636,-3.02996662739827,0.457268534625074,1.0
-2.135829439852503,2.6283421126240976,0.2023856330539937,2.9801157952576425,1.0
-0.4095717797052052,1.8658295496430068,-3.1280943699549644,-2.86550847798123,1.0
-2.753040280236466,1.2112590172946818,-3.5423173054999557,-1.44249766551461,1.0
-1.6232205198807494,0.7050183817521967,3.2872686132003563,-0.8514524049437471,1.0
-1.3014586638535517,1.0224641474313731,-1.8247122845919117,-1.178753585334225,1.0
-1.8174813006707156,-1.1545854027094422,1.9504784999597327,-3.4296848589562874,1.0
-3.4019950629638904,2.1294482914272996,-3.793886129164754,-3.8933575279217507,1.0
-1.7266914251303416,2.5174819954055487,3.206224368015877,0.3605787717082025,1.0
0.20701983126362355,1.4513356879942234,2.619772766528212,3.1322245102137067,1.0
-2.3494598873515713,1.302334635894136,1.7251212084329648,-3.8524857303904723,1.0
-1.4867486260885554,1.6732611948340392,3.403289637435045,2.8069171971924236,1.0
-3.4419054975776633,2.704055896121016,1.3627283157899264,-3.210201936265885,1.0
-0.5764325052386461,2.489600751570544,-1.5425324109964027,-0.6461460816608033,1.0
-1.3927335645837817,2.1320059772221214,-0.7915840787179205,-0.318018996754037,1.0
-1.5690376327018016,0.2635476564796233,-2.395303777223819,-0.8929277877973849,1.0
-1.8261568878214587,2.1412853112131742,-3.35455796864362,1.3353842233846747,1.0
-2.2841013489477904,2.9498767951015554,-3.724666113760552,-0.34641883830922815,1.0
-1.0434290614226438,1.515074573288192,3.0777687804158065,-0.2723621517714214,1.0
-1.9229756478066602,2.0777657709657498,2.0242722649292926,-2.15568790965633,1.0
-3.6154823591471636,0.6597125047436367,1.097027773780436,-0.1770109156908264,1.0
-2.8273758416220787,2.93394203587341,2.8215053346417847,3.131459415781559,1.0
-5.191302469062716,2.9950735825678123,3.7278924247143523,2.3904192822628785,1.0
-2.7299819891435093,3.0025529616274245,-3.3733065176215336,-0.9629505717151421,1.0
-5.069984689754296,0.6602818071929668,0.7560765226149133,0.17750161180258228,1.0
-2.826652995724204,1.1656759475172787,-0.18238501980067134,-3.5629807483921034,1.0
-2.818103421311624,2.543993532053075,-2.269804240804045,0.04300960109493701,1.0
-1.3254432800411524,1.9485771611093774,3.363484746884958,0.41851762632849976,1.0
-0.2401775603322016,3.614515042111525,3.0484070350080623,1.625755036393846,1.0
-0.3617267066512244,0.6186472254865647,-1.9737106423441277,0.4482989349266262,1.0
-0.2807035512636311,1.5797498613951968,2.3566204440427247,1.1719464448902706,1.0
-3.4166874600343493,3.4513113790385743,2.925564018001112,-2.975464106567224,1.0
-0.9035034386783645,2.2045463987821887,1.0397549984620484,-1.1039678142236378,1.0
-3.7391703369378817,2.2489120572388908,-1.1542754400473898,3.38706612243842,1.0
-3.0909419884380895,0.7186185665120179,-0.41527059659441967,-2.48488992582687,1.0
-3.572446067694645,0.32298308693318134,0.2535921421484506,2.052527547723291,1.0
-0.44790469889547224,3.1432974734488437,1.0928179963211306,1.575388457415051,1.0
-1.865314857541951,1.9340960017893218,2.7730886734375044,0.9430023779668257,1.0
1.4895774925944978,1.4779614953380253,3.8389275104808,0.4798444574412368,1.0
-3.900817678702855,1.2357501427528708,-2.015184638972558,-3.0263028752249967,1.0
-1.0549235643295272,3.271896051335366,-3.544204428522222,-3.2798113499929995,1.0
-1.068727202555903,1.6287615323985478,-1.6299028537587024,-3.75274302625309,1.0
-2.3682583244846556,4.22233527076517,-2.827320155269172,-0.6195688386778624,1.0
-2.87930012475163,1.0603245072046874,3.2158658353286045,-1.456912111680345,1.0
-1.5295242259390973,1.5958793174196255,-0.9529822133861394,-0.9046792457913195,1.0
0.26311093206193314,1.4859287742120033,3.280862339285802,3.8793757410918293,1.0
-2.7969463941486574,0.3995739587549696,3.1657897991139485,-2.086070437456404,1.0
0.2395698347208115,1.824196635660809,-3.793114046279279,2.1449617304322377,1.0
-1.621149836580704,2.4933813142637034,2.952625621960248,-3.977019195601934,1.0
-1.2691187591082933,0.47317201574486156,-1.614134729978125,-3.353294012916937,1.0
-0.8750489765221767,0.11598119523165784,2.14743963790176,-2.2604451791383564,1.0
-0.49121241692744433,1.2650266020774745,3.649599919751635,-1.5650034729740971,1.0
-4.04884352985707,4.954792077064157,-2.2606044138196166,2.745140550271552,1.0
-3.485315309014708,1.8488571864269527,-1.2352322364186072,-3.1821369030999103,1.0
-1.1477631478009231,3.3298256070342838,0.37114221455087115,-1.7830431842419614,1.0
-2.0975836919440893,3.041834074566679,-0.1532145150453994,0.032596023085961434,1.0
-2.6584038289496443,1.2312281168341284,1.1774407983766864,-3.9071802383118692,1.0
-2.610339953077302,3.9611867642719183,-1.7509830997695213,-3.3232281512166617,1.0
-1.86508907762668,1.0085016813525725,3.839238143887502,-2.186339490676162,1.0
-2.0449628402037003,2.3288067285354708,3.6767005447586723,2.499293469023603,1.0
-4.635452079507541,2.2232463276424945,2.8102451146587457,0.7177507200249078,1.0
-2.942026194390021,2.223821075767221,3.973014914126656,-2.4786908753550723,1.0
-2.3041729365325447,1.4949528172775355,2.737363857636306,-0.568899161478317,1.0
-2.153474683249035,2.6587712561313914,-3.395113876118522,-3.9306456422466924,1.0
-4.152198482744128,0.6031107690905899,2.089964750791056,-0.924107004309831,1.0
-3.6619654641109074,1.4981686775583358,-1.666052702369826,3.85502007922938,1.0
-1.7782750895293,2.8023968482992894,3.821344153049899,-1.5724602346238585,1.0
-2.6542416580223733,0.6234865282479403,-0.22413197571686805,-0.16039026448417903,1.0
-0.7714211221923752,1.897200573760099,-0.1402965768320117,-1.9998354151500584,1.0
-2.350534453089658,1.6056961259473461,-3.5228200337563527,1.4380686314271172,1.0
-1.4488119724368695,2.7527417736055524,1.0646116207906342,0.8690315008786769,1.0
-3.1654851524514385,2.4254943549414896,2.3785150573908647,1.8577278369629138,1.0
-3.376706971488866,0.8060642965525469,2.032463757372394,1.6811274943927765,1.0
-2.4953609391069653,1.035709167301019,0.646932787051651,2.166685684855448,1.0
-1.541617313944858,2.4132279200755247,3.4729854432359506,-1.0036526345494714,1.0
-1.2048084915238166,1.205650023256367,-0.985499382199766,-0.12688469193583174,1.0
0.10761198785687176,1.8210612880617263,-1.693750887376435,-2.210527563439334,1.0
-3.7317266356620573,1.908014704615022,1.2730495203746939,-1.0835670849369707,1.0
-0.9082636087888156,1.3696232612433117,0.9416428408548789,0.7746958191176159,1.0
-1.448704857057658,2.9510193553370496,1.0633560983010693,3.7668243226624085,1.0
-3.661451100432658,2.810535300150377,1.5078576045786871,0.5229385279794512,1.0
-2.8406341929223364,2.66437992294658,0.8787011769116368,-1.9553347637005984,1.0
-1.5285631851090624,2.365469862217822,-1.6680283685267216,-0.9030261884871527,1.0
-1.6792919505719157,2.0178562805555553,3.388659930782474,-3.140777508870598,1.0
-4.909255979027133,1.8610447604625215,0.6102727952764067,1.638986107109793,1.0
-6.082481982050458,2.9627999660572115,-1.6735837359824544,1.8943658846561693,1.0
-4.820572114951975,1.5750165011646835,-3.183541484722088,-2.801953333433535,1.0
-4.853730686379141,1.6605455411724637,-3.787141169399743,-0.5387057137382394,1.0
-4.317485569860647,3.382618069852998,-2.18013713681509,1.9545538171577848,1.0
-1.4538993680455854,1.7146828825362368,2.2845677759045353,0.0012352261464867453,1.0
-1.6525947777127759,1.9455730245301375,-0.449409046535143,0.8753802110914526,1.0
-2.715013348420867,4.050435388693664,2.2577630806094504,-3.379508297155162,1.0
-4.224355913079169,2.1277669973157374,0.7023819051309959,0.8280277209324121,1.0
-3.2544506592505096,1.925664727954801,0.6282208984398725,1.753173040785044,1.0
-0.4439682202575046,1.92680055402234,-0.8689537688757412,-3.5296083391834028,1.0
-2.152293619436568,0.10264934816082483,-3.788683609376739,2.388359109784374,1.0
-3.495125404128439,3.6113343600509342,-2.8882945950583894,-3.4830588922290255,1.0
-1.7295751871456746,3.225820643680489,-0.6452491771239757,2.281133718551069,1.0
-2.5318787308755866,2.967008380049899,0.15104381436961578,2.2982852672096845,1.0
-0.7493614106208861,0.4801677091380345,1.9701866209004892,-0.8903101369767459,1.0
-0.2246364283320339,2.2183936158539224,2.7102733491995146,-1.2912160910069579,1.0
-2.570652362906715,3.067941652120153,0.6597373782424327,-1.0567560994762761,1.0
-1.844824371109838,1.9441564060124377,-2.0083828341988017,-2.9563998987598445,1.0
-2.1609636107878156,1.9312701226230884,0.6698323707339595,-2.7316944497028413,1.0
-1.0776509228666518,-0.5747749855065143,2.5668164092637307,1.8065269210645987,1.0
-3.6180605729931794,1.931518972595421,-2.6390114216767966,0.13530355272323735,1.0
-3.4630110401041416,2.7294161541701776,-3.5870019190199356,0.12519142673987638,1.0
-2.889882183479905,2.1354328333701265,2.056142336759131,-2.1588061219689623,1.0
0.1847703700612342,-0.03233977257756514,-3.9580257150444647,0.7079654430439568,0.0
-0.07905019744622499,-0.04743245917511821,-3.5337694431824476,-1.1075057523076621,0.0
-3.0954991911924736,-3.8005276782801456,1.9723961130297614,-1.53052754514429,0.0
2.0471530750810776,2.7714339486862722,-3.3121827687819705,-3.6044517513431753,0.0
-2.498729730252811,-1.55619187522091,0.20238541254527131,0.29651850482815156,0.0
1.3053838490047114,1.5088463470371396,1.5557007192542844,-2.090916541260585,0.0
-2.6092767031553956,-1.7651099923652769,2.4137973175198644,2.299729872331774,0.0
-0.02611996528036542,-1.3211180035234869,-2.0815375834385037,-0.32502721825078584,0.0
0.08422761618864472,0.7572212536290043,1.4895168999724957,0.18253481139873884,0.0
1.1802251908960086,1.3755750904476038,-2.8157054089708575,-1.4800213817419134,0.0
0.39031237331671237,1.3186998210778944,3.7375543781165996,0.6864648521212153,0.0
-0.6906609075512595,-1.6200451196817347,1.0232899479768527,3.397858209750546,0.0
-0.7207159359564883,-1.252390276151316,-3.246679841313327,1.474442669886046,0.0
-0.5710252589207617,0.444641073646317,0.30634492531589785,-2.021531861233181,0.0
-2.0083268930711196,-1.900983977085093,3.3366909008006314,-1.711144704313197,0.0
0.7357717885825562,0.1919523135207054,2.016608092677288,-1.7927611024048806,0.0
-0.16219380458281218,-0.24513423621816433,1.2178624779273202,-1.866221195861435,0.0
0.3232471035265194,0.5734296988032677,0.14751097218561338,2.2350109366020003,0.0
-0.5754251052833743,-0.8192056970478818,-1.2174258098495754,2.4846608478574854,0.0
-0.5230850841124516,1.4120972946728432,-3.161670517998439,1.7981438133826106,0.0
-2.9603662857260957,-2.8473075608042944,-0.19220597584353083,-2.7963506791134023,0.0
-3.546309194602778,-3.6656647331530112,-3.162490835161636,-1.75739857125678,0.0
0.529408592778615,0.7078113533556913,-0.5549718896821636,-2.458258079149055,0.0
-2.353143781403197,-2.354558735166886,3.3962927734801243,2.0962389711284013,0.0
0.6236300103202721,0.6707021408854612,-2.1128301101099227,-3.4183468417746035,0.0
-0.060093867724062666,0.9346772555814364,1.9057653237021563,2.492659163980883,0.0
0.8313595854439042,1.5758184145127296,1.4090586594297454,2.1742297622796407,0.0
-0.623449228968007,-0.7259945181612969,1.7244349983071956,-0.42977960172089436,0.0
2.533854150543413,1.7532590244034845,1.4819372569766784,-2.1948941987281723,0.0
0.017336176108615722,-0.19985250126415693,-1.1103775586108062,1.7671002794608937,0.0
-1.8014416604386658,-1.768578178254981,1.3115893153500169,1.6709074938763937,0.0
2.000450140613961,1.8226690017078913,1.0112861864668368,3.1776152145330814,0.0
1.85696189348708,1.986181086744312,1.2826230969694477,3.002252755656059,0.0
-1.1247672773904287,-1.6182568844552083,-1.06681512472949,1.1473166560617463,0.0
1.2109830338116767,2.2281233966922946,2.0365143529608725,2.965742004567149,0.0
-2.3863171096530413,-1.8886627866378263,-2.5474308655993347,0.4613071374813815,0.0
1.692062665745646,1.3670028244864307,-0.0053239808424097035,-1.0769389574098867,0.0
-1.3574426939622162,-1.264560829805448,-3.3037496797408705,-3.2912932761197418,0.0
-1.4964727293225142,-0.4116319265065409,-2.3390408090908643,3.991108897308237,0.0
-1.3221501194816607,-0.578552733585138,-3.161359503326848,-3.912131520628833,0.0
2.5368741595847153,2.062412188724773,3.2404234449656935,-2.9246486786942256,0.0
-2.938654680636777,-1.860628942869762,-1.5402354887434067,-2.8142078230883163,0.0
2.0564206575699413,2.129015059475566,-1.0174599194808431,3.7544436316704015,0.0
2.4473997043977826,2.428808396263185,-3.38801418325017,0.7847890970480291,0.0
0.10846871836181023,0.2832516265529485,-0.2863081720638707,-0.2854186065776565,0.0
0.16918204791610802,-0.3097873657280373,0.8953421006130462,-1.5346814851342376,0.0
-1.6472576051239565,-1.4687777268577902,1.7752320248274032,2.6496498519193414,0.0
0.41863842385898475,0.07530332994854969,1.0802177995534397,1.063132771537,0.0
1.8443280344880248,1.2295314239109332,3.7116336108599013,1.829725039192069,0.0
1.068596311637905,0.7393917701327597,1.9482816241906606,-0.09509605498433604,0.0
-1.048885898897467,-1.07318265399234,-1.2960611101091208,-0.9898675148447378,0.0
0.7535291318875775,0.8320851825660683,-2.8584380858099134,3.8066913459955396,0.0
-0.9941510561815408,-1.1008481445382476,-1.1454353382178581,1.559980979468409,0.0
2.494578432257831,2.9845457664837545,0.14843570047101462,2.961131902859779,0.0
0.9403671936985062,1.1843817177911953,-0.40018047330893314,-2.681468865284619,0.0
-0.5103158914442517,0.30891163000333266,0.29285468777818036,1.876722599500983,0.0
-0.7088393658862101,-1.5207635051002986,-2.5443570054695517,-2.7135707089455297,0.0
-1.1879223428386458,-1.581708981184649,-0.8933267368504545,3.2138284444840544,0.0
-2.6224436687683133,-1.4731776097859006,-2.601255080372008,-2.8924459496645865,0.0
1.1740526533150555,0.3393104804134742,-3.8826921353048647,2.991568968454901,0.0
3.199966719035264,3.8185480809303325,-3.249965625293278,-1.0720129935934732,0.0
-3.50346066972384,-3.256424212767729,0.40134709713844074,-1.0384065274692391,0.0
1.2919669838251813,0.7152419559804599,-3.8774176279569534,3.489260937232989,0.0
3.2259167072728623,3.631355393519879,-3.917961006253849,-0.447536405198691,0.0
1.3533504018336064,0.5847556866523598,3.4670337092915,-1.703025615158083,0.0
-3.835963697631433,-3.2601633631802667,0.8471855612928358,1.3054830293622572,0.0
-0.07750316797496987,0.6963691996843993,3.3000484289478216,2.147271487673856,0.0
1.6342004592650974,1.1679781502695197,-3.1440545051318374,-0.2695766516201088,0.0
3.5716223934038167,4.616592187570856,-0.5816650785645452,-1.85308066823315,0.0
-2.636628615486176,-1.7964262131407671,2.574539831557992,3.949432816345362,0.0
0.7114604754579592,1.2354961819082513,0.20821016197260622,-0.10236860662551273,0.0
-1.1595359100360663,-0.1991581787976835,-0.998412771943257,-0.6760480718971351,0.0
1.1689195377052477,2.003845874557775,-3.3889111362918696,-1.2602298374955536,0.0
1.4050240249493258,1.8438210899466672,-2.098024949824281,-1.750051733796111,0.0
0.08415211116149102,0.27668380268341414,-3.8102629211930505,1.9363960217323566,0.0
-0.9390400866268901,-1.0130628014348766,-0.09119966599291818,-1.3070931019338703,0.0
-0.8638137002666555,-1.3063946307999383,2.363670294292797,-1.9841008340453916,0.0
1.066186675506383,1.6546523195075262,-3.9896850016071257,3.0843662300038854,0.0
0.27737319828028706,1.451479457226721,2.32899228072087,-1.4245731294122974,0.0
-1.3448274649355934,-1.122092688894521,3.8577787280309703,3.5158307149489163,0.0
0.12572200906996844,0.8955159952036407,-0.7961697390103621,2.2955960847763146,0.0
-0.4808825646979285,-1.22622140128171,-3.2781256444840148,-1.8092333755284455,0.0
1.4567941956016175,3.0926733973037117,-3.0415158229123556,-3.245155373977541,0.0
-1.6405302544115044,-2.1840041859559878,-0.08621427363983702,1.7579696278490315,0.0
1.5408176051247469,1.450128041444036,-3.9287531989253184,3.1942320040467465,0.0
0.4214753504816501,0.15595474390296538,-2.940699227512426,-0.08639959074317627,0.0
2.340260995695797,2.304207065124697,1.0737613955871437,-3.060578658159362,0.0
-1.295885993342565,-1.7782236185190337,2.398977613437725,-1.6380592059238808,0.0
-2.9143368147947823,-2.745882074402468,2.6263046941939088,-1.791405310144369,0.0
-5.491166252650433,-5.4450026989516305,3.343629217063131,3.981485522294853,0.0
1.7596324675944313,0.9559700609167396,2.4740308273157554,1.404086077464,0.0
-0.713884185914232,-1.5316830975452416,2.2625088209275743,3.9046365637780776,0.0
2.417281790862261,2.5530125763160516,3.364851531188318,-2.88252969846181,0.0
0.47639160045530543,1.0801985603136273,2.677297744500896,3.4398649086795547,0.0
-2.6403551500857705,-1.3852705260521048,-3.717732840797164,-2.579058765811907,0.0
-0.025236935182737966,0.20585568776361274,-3.77047693266522,-1.0966702347926658,0.0
-4.3245867325549225,-3.230793720320009,2.6354861660530933,0.6815968474907654,0.0
-0.2401002143674565,-0.6541423661552588,-3.854794995241578,2.4843335604813266,0.0
-2.1540533079218362,-1.1041990859720645,1.66537447168007,0.8048817446389087,0.0
-3.7307304262836967,-2.224024067470542,0.9024667154070718,2.267887317134897,0.0
-1.788874453913099,-1.5760934830966615,1.3856767716066347,-1.3651404039475512,0.0
3.6264464807503525,2.9152420053910126,-3.3799153512787905,-2.2268627999400676,0.0
0.23765397828498336,-0.10071852317112735,-2.8383140894826804,-3.439033461107557,0.0
2.013609636772122,2.228474574480786,-2.464593740838948,2.3241698832465696,0.0
3.6519501729348285,2.2129057710523385,-1.576900234482613,3.231402019728412,0.0
2.798772285953932,2.3465324600265296,2.1943252406797864,-3.7601459884478867,0.0
-0.9743712984663068,-1.2284396692045725,-1.696760522608499,-3.215205249772504,0.0
1.8055016454128847,1.972966288535796,0.6264156165612054,2.180051132163623,0.0
-2.302206024899559,-1.0249108618484828,2.326549871100771,1.3929969646936344,0.0
-1.1710266368100712,-0.03006689777858418,-0.25398733589021205,-1.670191808114791,0.0
-2.2602030443420515,-2.978814936171198,-0.8543772654551844,-0.09762674675394223,0.0
-0.8694717884053936,-1.1720757914112307,0.20757750593867907,-2.357361019676536,0.0
1.338111763280842,2.7274762523864675,0.9576486865266078,-0.6546858802190814,0.0
-4.481005812245674,-3.701653571635186,2.571074894219942,-0.9579354840464083,0.0
-1.197741818855355,-2.5243289005955605,-0.6736726490277745,-1.3130101426476317,0.0
-1.2028714330590782,-0.8507960672950513,-1.8810045289087922,3.9027425478485966,0.0
0.3521257992087652,0.03275818829693741,-3.1161314971467124,3.6497210375205755,0.0
0.2867880782353097,-0.1523236308279528,-1.135949273218869,1.4126637662708417,0.0
2.416297304874175,2.935966376838879,-3.4325567508306003,1.9364973708664186,0.0
-0.23902510002494398,-1.1211386988263035,3.1365420822869012,3.121828775532217,0.0
-0.9627236314747175,-0.9283521955821715,-2.2046480153085737,3.5217642966003107,0.0
-0.09315723962744127,-0.5710634071439803,-0.03521584615240947,3.270061366051852,0.0
0.7503472488589973,0.24178965473681074,1.063457747207912,3.5882966145693116,0.0
0.32200385557697947,0.8408682806430452,-2.401769369557476,-2.337855736880182,0.0
-0.7475224897404265,-0.7783832443150371,-3.6238339191483693,-3.925843557259614,0.0
3.3313490651953845,3.0123672368715395,-3.4988103109599225,-1.2641658202901151,0.0
-1.2172458386054374,-1.7073300451074982,-3.6453305988808653,-1.3810133707907495,0.0
0.41026353718597597,-0.35782965682679924,-3.713238625011182,1.271774389082724,0.0
-1.3094091559581564,-1.2708260833862404,-1.9244797545791865,-2.5832373264713615,0.0
1.971005267887941,2.9984710786193087,-2.301717203325383,1.4740029764864078,0.0
2.9406152312067317,3.7536292079184714,-0.7506693192012204,-3.092759128958364,0.0
2.007387175016561,1.5547463634323118,-3.0571995924079065,2.87239212777821,0.0
2.3054384707433564,2.813490937079639,-3.6243694760312115,-3.9981385189428957,0.0
-1.2365475671181905,-0.4880747161818858,-2.9527244198876303,-2.7689266618097443,0.0
1.2073757332606379,1.686231407303259,0.2883457414627095,-2.3316904424720217,0.0
-4.164161375856113,-4.167489241710078,1.2129728721976338,-0.7684260154431479,0.0
0.834515572757093,1.047203616184311,2.9969182123002884,3.1261450021329464,0.0
0.23917217219438527,0.5339712986808178,-3.18480092487847,0.7320956216322667,0.0
-0.16780588378093209,0.09493671970858797,-1.5861246161479015,3.5569733838899706,0.0
-1.8712242319630659,-2.124537841827472,2.6290675074554697,-0.12830516323758268,0.0
0.5936978629533545,1.044778471847557,-1.0350055428821419,1.5614576386726418,0.0
4.952953386662364,4.300048496077314,-1.8205156110816265,0.5335733319318283,0.0
-0.23724441619643016,-0.5803960372557069,1.8681735094589804,0.011739631415115248,0.0
-1.5310794436264819,-1.5094283610779073,-3.1582137256086664,0.3186605798434696,0.0
-3.261043569623242,-3.198193763396981,2.9735083237726174,-1.6580759815721224,0.0
0.7992156334826435,1.1954565550170053,-1.0313079646270413,-3.2207469649306315,0.0
-4.162180505301862,-3.230684153898755,-3.8757338273618878,-1.7557154795450192,0.0
-2.9025679009481915,-2.523635309694828,1.912807423083989,-2.4524445692358308,0.0
-1.221559298666947,-1.0502322557384443,1.9729552129672783,-3.0323597373940023,0.0
-3.8449821213584223,-4.073981340763857,2.3796283141174213,2.820102878028746,0.0
1.4954316494425608,1.4355002372241168,0.3912583100589355,-1.1492325012364146,0.0
-0.9397321782389761,-0.879851161310932,-3.672981475258724,-3.5735590067498,0.0
-0.8013915973342571,-1.2204301308601366,-1.2182685217903746,3.892819618355124,0.0
0.6749313003157457,1.143970231643076,1.6470351342458605,-0.22650752977929578,0.0
0.3349318276061961,0.7008188576716736,-3.0325719238322444,2.7766538871472433,0.0
3.9411353624942205,3.5136239781204104,2.1362851307564625,0.7345631045081467,0.0
0.705924239119532,0.5702512551520318,-1.8895421960600594,-2.31236389719356,0.0
1.7268253482213005,1.9114393390563258,0.37364610733297265,-1.0650252608392945,0.0
0.18925140463659978,0.271218754097379,3.988488607970355,-1.0503092873887265,0.0
-0.28295470030110637,-0.3111746083698357,-2.7505018124763954,3.8427358059455283,0.0
-3.142024391663549,-3.2532709142322815,2.6088116873287666,1.7159328346708298,0.0
2.160078089305127,2.0865336683708944,2.1070299061205287,-2.82882609555966,0.0
-2.4280382272344725,-1.5811359609150784,-2.8691808372441274,2.4852741045924374,0.0
-3.181913649013912,-2.821655960911975,1.3245905174919361,0.689323300489729,0.0
1.0661875498985263,1.6780085820364887,-1.5362876217344814,0.8081001098888443,0.0
-0.6787792297016525,-0.5695973209949469,-0.9101703741564586,2.014681626080759,0.0
0.576037681037394,0.948817826608517,-1.1399721553889695,2.434365734608326,0.0
-0.7945454050259213,-0.5099976254102059,-2.5627612218519804,-2.0460236463033628,0.0
-1.631325220169867,-1.2838191760812994,0.4723667612121485,-2.745835605288783,0.0
-0.36594287353383714,-1.429952333406996,0.32204289332145386,-1.663448267219377,0.0
6.949411615880999,6.087107504320947,-2.1598449076320163,-2.218188521797111,0.0
-0.16504941407550147,0.5128269994057273,-2.3572853720015168,3.670656120644824,0.0
-3.681578658967175,-2.807821102993029,3.303369447753636,-3.800764757157732,0.0
-4.235205023126508,-3.9183274216880575,-1.3892627568503109,-2.099416774976495,0.0
-4.353399517449697,-5.251527985517237,0.7053866402762399,-2.112913284683347,0.0
-0.35123589321473736,-1.3761528505360037,-3.163488408643575,3.629639388243998,0.0
1.546793763822958,1.5525823427073562,-0.7258899588496668,-2.932116802353307,0.0
-5.061727842082138,-6.143948028757264,-1.3741316126677159,-3.9643711898982072,0.0
1.6895426751427178,2.4779327856766162,2.5360511143707045,0.017582408922270254,0.0
0.4719331710583221,-1.336309029716881,1.7281330440963671,1.98724928986669,0.0
-0.48753853382015944,-0.14665398317024647,1.0562150876290959,0.5634569439759112,0.0
-3.2699276724388726,-3.40609766141141,-2.7101841144315566,0.8250104427182023,0.0
0.8447033486942809,0.6806561381292145,-0.05292890627867308,2.3280267011419165,0.0
1.6628004622248374,1.0193754522907845,2.405718450397984,1.657928692831864,0.0
0.919372219647317,0.1883776833473848,2.554115657188559,-3.30712505345001,0.0
2.6295574909348662,3.396616201917217,0.6819440436987376,-1.998032453505397,0.0
-1.1666845995967399,-2.1424477745356247,3.9661223813202566,-2.7280714913747266,0.0
1.707803883896581,1.0876419466318192,2.0515111421781027,1.6795370165603645,0.0
0.7828259516842605,1.1864512137051262,1.5613916246032336,-0.5537062566816742,0.0
-1.5480721295655406,-1.4974361617856957,-2.433886870509573,1.9871897424154197,0.0
1.6515225063844503,2.388148873316195,0.7558937483222952,2.64272456325049,0.0
1.740957548416546,2.3221158270528157,3.7302394514995445,2.1534856577955006,0.0
0.13343034511088442,0.7008057553297229,-3.5092260827024795,-1.0465470461254007,0.0
-4.604686687206393,-3.3376825587724683,2.123593247942569,2.6776123747381675,0.0
1.4083748978287312,1.5483912762387222,-0.7255434284812896,-3.607333995391226,0.0
-2.1670973753501626,-1.5504593850142387,-0.6228578201615074,-0.5472977325850943,0.0
-0.4373849905984867,0.31712997940898513,-2.7517591327398163,-2.191775252164322,0.0
2.463241751804903,2.3896106919756814,3.514096850823819,-0.28527062412292636,0.0
0.6192536868516391,1.0513610416786117,2.4285769229590315,3.4738383945548374,0.0
2.2713888676590424,2.310493969268517,-1.469321425420878,0.34029224387723733,0.0
1.7686775495426075,1.558998592840877,1.5050431645899307,-3.582799555540179,0.0
0.3414628159465382,-0.3108367756829494,2.751897328633265,-3.803362190909235,0.0
1.1115245354737182,0.6088607950080207,-2.4243956746676165,-2.81043875964452,0.0
-2.1370200157187393,-1.6669437593400545,2.9517858418865606,-0.5418550455383979,0.0
1.0541651604091378,0.2345339673802191,-3.5231932097718293,-3.860144945181876,0.0
-1.3548191319440674,-0.7876359728452742,0.9960398326344935,2.1792175331765344,0.0
-7.180013404841003,-6.259164859586572,-1.3846449295356944,-1.1409295011494711,0.0
-1.5212379664485638,-1.2440876133728735,2.4398636142902292,-1.2756257550379528,0.0
-1.8303756184364883,-2.000844784250207,1.0620146414979663,-0.3917909751850104,0.0
3.125456637877937,3.206901607173654,-0.4345759031568406,-2.307451797648973,0.0
-0.42339712580181904,-0.9980759593838004,-2.29556175411014,1.4684381985376858,0.0
0.9840769916840144,1.729187729198122,-0.4449861485083355,3.027271718870616,0.0
1.2119152251129395,0.9628682278167172,1.5735321543562488,0.9149558792050927,0.0
3.1708269334439128,3.4410828331808703,-2.5576558866136576,0.5490316308134053,0.0
1.6844457673305628,0.548021950470995,-1.6622601514158921,-3.606645040486905,0.0
-0.1937645647661539,-1.2109142096746792,-1.5357211533499786,3.35732538852326,0.0
1.173458526122632,1.0802211189347728,-0.6153098209711239,-0.5409871494973304,0.0
1.8097776645113306,1.3011842973310925,-3.6234038556310075,-0.12620916792605819,0.0
-1.4133301261765507,-1.7936584465786756,-0.24515628577242232,0.1453937773671079,0.0
1.7889568633361157,1.7556218579983667,0.7376755519975431,-2.2949581003835684,0.0
-1.0356274840851596,-1.9546689154512122,-3.6708269175227786,1.5249937318361466,0.0
1.8331152873987828,1.516556291364462,-1.828266988072996,-3.1079530230185375,0.0
0.129712213809115,0.30221176921333526,2.849522857542958,-2.8989598885899586,0.0
-1.530593733994947,-1.6920262684301421,-2.5560644837860407,-3.316494764753534,0.0
-0.8951482821467605,-0.5801003186100255,1.8542171878985645,3.8887461850421268,0.0
-1.8112189266258039,-1.2874492281677599,-3.3591857726809433,3.436485904223747,0.0
-1.7163651654537075,-0.9808551660192013,-2.5072922017792703,-1.0826844183957496,0.0
2.0702038594844514,2.1985185027266634,1.409253965535358,0.3512897721204702,0.0
0.5602516952657155,0.2452139445780217,-1.7177908335494116,-2.4149500711654968,0.0
0.7220054988847618,0.2655502731002448,-2.580209790815223,3.7638832707760512,0.0
-1.1476684999990865,-1.8160627255797812,-1.830390060618254,-2.966957632455461,0.0
1.0205254696553605,0.9424354152011095,2.9281724795819057,1.8832609581928184,0.0
-0.946325411250745,-1.2858676679969823,0.6285836541426466,-2.8764697472553733,0.0
0.5044714861202741,0.3446957646176539,1.0829778102129,-0.8271122252649841,0.0
-4.567815790890122,-4.059077700698656,-1.350914372317269,3.3629940595292656,0.0
0.3713838573678398,0.8402490333653483,0.21657062088860712,-2.395901606054589,0.0
-0.4485212796780154,-0.3047222841903537,-1.7708865573620365,-1.886578526032987,0.0
1.5025593201382632,1.6854241274037163,1.2463148677416171,-2.6809670965277395,0.0
-2.9768329331536134,-3.029521370649317,-3.3156382531413398,0.016910622670644138,0.0
1.6960436881198961,1.3363541220889013,-1.2639835423350227,3.1622074058442253,0.0
-3.113099454677373,-2.1217443383033876,-0.9849471024634431,-0.5971713883887526,0.0
0.08429406813320015,-0.5659416539476675,1.2309222707420018,2.7831463214076404,0.0
2.330326218967188,1.869943494631963,-3.9716006602349534,0.08213167956918355,0.0
-0.3024732745021361,-0.42867894918689675,-1.7499004417429749,0.5694695285763753,0.0
1.077825860982275,0.5402504900286216,-3.0103474356471933,-1.5928832356498122,0.0
-1.9710578412872182,-2.4125841753711375,1.1272054865933994,-3.283342324699648,0.0
4.6585445403039945,3.8915831283280653,-0.6159157448411516,-1.2669552473877488,0.0
0.5865845696233314,1.1686924062983792,-1.4331597362141384,1.6871929100818237,0.0
-0.9812483856170866,-0.6226025663762753,-0.4766043021934765,-1.2276743695475645,0.0
2.651742189077586,0.5421011062577856,-1.3456449935684658,-0.8271188422441522,0.0
0.7674069387225967,1.222918888891329,-2.7617811756846082,-0.5130924899968523,0.0
0.8433656444026413,0.3859461907840721,-3.955373744691868,3.6378093200296657,0.0
1.3745124359770107,2.10980885688955,-1.0924611179188304,-1.7793278158226258,0.0
-0.5428875757209632,-0.01135824103510863,2.996123944387408,1.2982027971657146,0.0
-1.1711420597074744,-0.6421818994752515,3.0864517996111305,-2.0940063750661704,0.0
3.18849185470104,2.709085808043978,1.745770114607616,3.3810544479470073,0.0
3.834456051749023,4.179196958287808,2.8669721118448015,3.703114004614518,0.0
-0.15821028278954352,0.04561794877398427,0.9684279819235817,-3.4580381877519963,0.0
-1.022041832606114,-0.5407712830544624,-3.298967239625788,-3.2218419514843113,0.0
-2.1357917291713084,-1.839087478436617,2.5536518102413,-1.8620852369281753,0.0
3.468458213504208,3.3494550042280027,1.9511129067050534,-2.0446548915935923,0.0
4.564954711421968,4.53292996972731,-2.86599280412371,2.5513502100965075,0.0
-1.1202145224196907,-1.1241305116302225,-3.4740523989865686,-1.7728063425404805,0.0
-1.011075631110919,-1.5541283845585947,1.6647483411384725,-1.1051654387512322,0.0
1.41505091263443,1.5523592239069302,-3.570549115024628,2.233232340252121,0.0
1.743573077665138,2.5473897894684665,2.028766745729448,3.21372040382572,0.0
-1.0052670805612387,-0.564660157070766,-0.21463513137724988,3.423193744463833,0.0
0.8868871981291558,0.6299147372325201,-0.18689230113482402,-2.2876843574834265,0.0
-0.956702550702485,-0.4872627251634086,-0.049214029369825774,2.058539197314011,0.0
-0.772367119134922,-0.8660666155182808,-3.139383836211465,3.972804519842774,0.0
1.985724255045252,2.498256071952973,2.8852697257024955,0.6583899118921366,0.0
-1.4549420985695587,-1.8820219120772288,-1.9558917096722634,-1.9984795646975337,0.0
2.2894306529707524,1.885902104926397,-1.034477938363401,3.7855937174338,0.0
1.9914593582520816,1.6177367059677055,-1.6622111775957977,-0.4795491324956531,0.0
1.3385501692588782,1.0749095855849062,2.4948643046402452,-2.539422212262439,0.0
2.8711298817728834,3.0695756689686546,-1.0197288175163663,-0.5603614053005579,0.0
-0.6886348626755572,-1.3516150432097374,3.802905183587325,1.7663490598583564,0.0
-0.09888335445384216,-0.35275570890321906,0.30340306040846876,-1.9068844787982373,0.0
-5.5797510262923256,-5.007219060554482,-1.5939226647317586,-1.7802953726451323,0.0
1.6695652543012782,0.8808248765021158,-0.1734189171180116,-2.5844524442784573,0.0
1.8317361889004447,1.0655549107492932,2.6135559457493605,3.0024502214612774,0.0
-1.498159036328342,-0.6833053118002756,0.8877075140782349,-2.984161915925653,0.0
-1.5391887425988375,-0.9445979827076496,3.0426499181473696,0.16451384612185915,0.0
-3.9131277500035813,-3.513826739433399,0.9634761140437025,1.427843029119269,0.0
-2.0377296614489455,-2.939408795474914,2.898542907819823,-0.1126045281218575,0.0
3.1343904198677492,3.8475570784151882,2.1858766145900432,-3.235972538216493,0.0
-0.392872494822937,-0.2632577800937978,-2.91422846176295,-2.426504783565277,0.0
-0.03690049644996808,0.011315899977942231,-3.595066734051218,-0.8953972755938873,0.0
-2.7250730305612554,-3.395263618398182,0.5625943727168119,2.198059314289859,0.0
1.0355309403453257,0.5084142447210124,0.08949747751227033,-0.840749515197631,0.0
-3.527628826561596,-3.530877196962087,-3.871940033464319,3.5164914531526517,0.0
1.6781571479965978,2.9006357456287803,3.477327171353135,-0.8243186622653189,0.0
1.488198192291598,0.9245339103491446,-3.590362127147917,-1.9981146952166302,0.0
1.9380992817680487,1.6744392089972853,1.1689216491871814,3.809186457201613,0.0
1.202744475235786,0.4121455901122633,-2.5048849101846073,-1.2790435109851073,0.0
-5.913209692288312,-4.6785030455624845,-2.777404233614983,1.002772460713702,0.0
3.565408939659988,2.781212137730486,0.3943369411460491,1.5993898651651932,0.0
1.8970186190235918,2.776668855246982,-1.7253333232471713,2.7439827634497416,0.0
0.49348045726670753,0.8820421500660807,-2.8279107093468303,0.2178855334397003,0.0
0.34121585275023375,-0.39365233621982093,3.349059042092154,-1.208516384891551,0.0
0.8184676735458044,0.9873436559569225,-1.2521362078735754,-3.8868677532787217,0.0
0.7880190744676959,-0.04299569332149211,1.097291402239307,2.209278236892163,0.0
2.2476201039676558,2.4657918470721882,0.9740658510129396,0.7924539522633465,0.0
-0.5480123840629307,-0.666462148468008,2.4579709103301637,-2.0664846448397745,0.0
-2.2441521153047206,-1.919451286350782,-3.353262115973285,-3.2556012524246523,0.0
0.7708259574336891,0.16239360877371967,3.7238203704508557,-1.7031079554039028,0.0
2.7515244921954647,2.643608388217534,-3.830791791067523,-0.13951660999317195,0.0
1.5648408940017848,1.5294651885272148,-2.937548110504582,2.5455853372043036,0.0
0.45563984543749064,-0.785244785383193,3.7894613179001597,2.120080577539584,0.0
3.119983465885011,2.9209214626494315,-2.559983543365669,1.3248579375364669,0.0
-1.5021366128000675,-1.1791394943386757,-2.610159716461978,3.248202564436454,0.0
1.6043652872532759,1.2149953451106024,-2.7887531256695066,0.26066125805734064,0.0
-4.266034610207031,-3.916971403395335,-3.1240844836875574,1.30266792535304,0.0
-0.31506547238524146,-1.0297664116130258,2.241288918432363,3.348289310834936,0.0
-3.473907799864356,-3.1318434880796393,-0.7806955554235371,1.018425883056997,0.0
-3.055544765032353,-3.1714434572845156,1.7120923405438013,-0.06672305228939734,0.0
-1.6548497473227166,-1.8097488259148573,2.6829058724666615,-1.1948046563997288,0.0
2.0340941516940108,2.034580939279677,-0.5949977899183114,-2.886943038001914,0.0
1.5090945896987944,1.3975538642994643,1.4687926988517042,-0.2063996182445429,0.0
2.946085325223422,2.7943998834454216,3.582510480459441,0.05931012842192285,0.0
0.22208838592373198,0.40128132850491044,3.157795680694398,1.1972856174761537,0.0
-4.645700711938321,-4.554857021009953,-0.10246233003738947,-0.46091759203567495,0.0
0.27205747881812015,0.95201713278878,-0.08572261011498128,2.5086047667411444,0.0
-0.7549377926347639,-0.614089258278467,-1.856739821293881,-3.8702283145591574,0.0
-0.28699606884749806,0.09920898200153995,2.7337968478940597,3.8818608167428517,0.0
-2.1541680613979706,-2.389587493872651,-0.6424907819984202,2.964833787888379,0.0
0.97383746866303,0.11837051150022931,-3.906681605459978,-0.42697930753185176,0.0
-0.7970791836256758,-0.9864418108312326,1.2734742239787957,0.9217277158262718,0.0
0.9484637884192426,0.0808539192644675,-2.664227517058812,3.0329169333426735,0.0
-2.3658976473365594,-2.55694469223161,-2.339867730089866,0.8567724162254828,0.0
1.653768289595385,1.1431039151247657,-2.95291877771536,2.6948007908211205,0.0
2.3239310423948347,1.4687843640166096,0.6122917497595557,-0.6723452627517981,0.0
-3.105487806043444,-2.8441675424903923,0.2416744662742234,3.54970606717154,0.0
0.46707380127027776,0.25791999779344155,-3.7653513238815526,-0.11356554341175862,0.0
3.5026165764811923,2.6129987854361882,-2.733588148594184,3.8623304618514895,0.0
-1.0839864395926444,-1.8367890427129203,-2.022139559692568,-1.8850609623193213,0.0
2.614372271147564,2.33002543456645,2.8907034721233744,-3.7096329374033195,0.0
-0.4765975868945138,-1.5895151664807288,3.1045849051077052,2.797177694833896,0.0
2.204192370488448,2.5209596339710494,2.517101927990942,-3.4666464254011613,0.0
0.12964658961092262,0.630209069869659,2.2554622498300283,-2.6146808565315194,0.0
0.6404687227795501,-0.6210698373415494,1.997440095549229,3.9751198770211724,0.0
-2.4436224236300865,-2.3282509354494016,-1.7053859468436592,-3.601790540006383,0.0
-1.1251618419688247,-0.8914433558131485,-0.3889229498223532,-1.7642218640706826,0.0
-3.0959345596994945,-1.3034872222378888,2.9533892976841827,-3.5855507663793036,0.0
2.0719061098759566,1.566164507767452,1.186592268554648,-2.0715023850156884,0.0
-0.7478645063771989,-2.1650082939200974,-0.26930208303416503,2.1472827599507136,0.0
-1.103937565686995,-1.494058789278064,-2.5778236720107826,0.8680771606857736,0.0
0.45727035423044526,-0.20308828285018762,3.256704440412287,0.9978247425919982,0.0
2.1315271298688496,2.192246240362746,0.8853537161862315,-2.532055678899824,0.0
0.11494231100390037,0.5593923666240144,-0.565406250339656,3.715510714451189,0.0
0.9140609361975551,0.4468461015413611,-3.2735987973064287,2.94387945869103,0.0
-3.2105335367064822,-2.836927672379978,-1.6920477342242881,0.03742095643236265,0.0
-1.50829811731171,-1.4779653450508832,-3.782597109600644,-2.524149750377166,0.0
-1.8732867308496364,-0.9718007287075856,-3.897988776584296,-1.2864789193142778,0.0
-1.5468731604712822,-1.5255399935390792,-2.021407695233134,0.6180074822214001,0.0
0.4551079198320403,0.8682075390658424,-2.6233817587689083,3.5270330826042873,0.0
3.8982018536691627,4.069962523309075,3.447017237525227,-1.030034158794093,0.0
2.811836019051421,1.842957499307229,0.7104432072767528,0.6134852716670443,0.0
-0.6592421515306093,-0.382623207096539,2.8489821744975643,3.9633201317084756,0.0
0.000396299690781865,-0.18263678345818113,3.195206637966633,-1.8975114334642598,0.0
-4.035198671069856,-2.911184299320049,-1.8905913872017566,-1.7509699554100076,0.0
0.9324024757621101,0.36009473336819414,0.0019293928711556774,-3.453201355242954,0.0
-3.0904931718764037,-2.4174534238995444,2.0504511301839567,3.8742632623486912,0.0
0.8552798016878582,0.24737494060312343,2.8524818841528248,-1.1858092477083115,0.0
1.0637683146110608,2.263640939976398,-0.31760769341542616,1.704627781409103,0.0
0.49877841676678514,-0.3352351805843916,-3.6612685415077584,2.4052838135636314,0.0
-2.3115919367647373,-1.229619624016426,-0.24851667546141254,-2.94197453892573,0.0
-2.0830511969315992,-1.7638708210933203,-0.9601359634000284,-3.02649175635604,0.0
2.990617867155376,3.9736697547798063,1.4972231780685856,1.1458413348211067,0.0
1.518830176109387,0.2811576601482477,-2.3325348017438357,3.0347041750759995,0.0
-2.362171049209937,-1.7327372957541436,-2.7427248044052304,1.1849536806868004,0.0
-0.2587937884695551,0.002194848380265846,-2.658330302356367,-0.6499600517401936,0.0
0.9054984710415155,0.19720721265701374,-3.51096992239892,-2.553034402468346,0.0
-0.7782539568992108,-1.2310001043321868,-3.664634888577699,-2.270118394856498,0.0
-2.2976372033773704,-2.168181025431387,2.966380130017667,-2.8036797294443234,0.0
-3.6328738983546485,-3.7616389385627915,-3.3794702673434776,-2.4403478883879455,0.0
-2.2646852609553854,-2.3772665175256043,-2.6494653373146404,2.5121294610593115,0.0
-2.413339035016956,-2.6246860804194947,1.0324095483977755,3.8729012595540393,0.0
1.9138404557567967,1.5411192843144388,3.7508723293021893,-0.6695699457047928,0.0
-1.8512113145565778,-1.636841050354335,3.3541204190498837,0.27691474519651216,0.0
1.9614433623731473,1.3567993659727502,-0.546559883392816,-2.464964263855819,0.0
-1.505225659914117,-0.5868022127288807,0.8127787328283524,-0.11178835373658291,0.0
2.20041216099105,2.6621185398172384,3.6029400220770293,-2.536745902798268,0.0
-1.0640057202337572,-1.1109019967757339,-2.253700447422407,-2.869736904217441,0.0
0.8278479287934764,0.5326998066946831,3.3768392372909526,3.7939780586211027,0.0
3.4040102090035846,3.6576959172949053,0.005421973425653981,1.5427208810649242,0.0
-2.968015384463451,-3.3735800069063777,2.0043248884412375,1.3782822165751316,0.0
-2.165592555950894,-1.4871092359893794,-3.747850981448593,2.118364962020112,0.0
3.24466520011784,2.209073929637963,3.075888596288234,-0.16816723389066368,0.0
-0.08379311419374699,-0.23243525754763913,3.9727974385378415,-3.9525305968795186,0.0
1.816675057471067,1.5401743812162971,-1.8253563127629588,-0.04243257574534187,0.0
2.1731699466612375,2.1036813094503244,1.6719675962555272,-1.2184758395167679,0.0
-0.07703712599572393,0.6767270785572654,3.4097608439852243,0.35007683597953587,0.0
-1.5711015912941177,-1.3964985221084754,-3.1873112933702936,1.2082138612961817,0.0
-1.8061318363256615,-0.45230206707770315,-3.351863031283802,-2.894400214316912,0.0
1.1136585315818575,0.3358995410635423,1.8165098804906759,-0.03845451654910814,0.0
1.8695174675226705,1.9288528803169567,-3.753925416873173,0.6944129526073288,0.0
0.15947919032359675,-0.4757050450522308,-3.4336151657888,1.0049541825540258,0.0
3.624915078837904,2.549837419674419,0.7893111893420377,-2.573146781398222,0.0
1.2951187641461501,0.872138674869088,3.238650118671078,-2.6246231563134073,0.0
-2.9400693796889703,-3.755594259849424,0.2784140090140452,0.691324068567635,0.0
-2.848531494801384,-3.2698115021688925,1.723434134987376,0.46756793238738403,0.0
-3.4358978119559973,-3.226968361248022,-0.09128719261618379,1.6445268591137818,0.0
-1.1064362577888693,-0.3244250153849092,3.0558222477722525,-0.8030464853438488,0.0
-0.5766250238479406,-0.7825162069947184,-2.91877053241154,-2.1431908384873015,0.0
-0.19561469126249897,-1.5637363971599585,-2.795328526532132,-1.859278783125398,0.0
-3.3482785106691706,-4.162194872772388,-1.6906128724459837,1.059273007789062,0.0
2.920778044066968,2.930799387355699,-2.041936942926462,0.17315601226958766,0.0
-0.8146115119247866,0.9248887513129128,1.507216769948788,-0.9660041880187746,0.0
-0.011459508035411459,-0.12028743274562312,2.997083383378251,-0.08576140624675599,0.0
0.04465816462389974,-0.3135934692639887,3.2534842831867152,-0.056938590289949964,0.0
-1.0062472644199798,-1.1913904627529215,0.7879164867278616,-2.7736396536542562,0.0
1.5941423496765852,2.8142398776359077,-2.2741822836059917,2.320654419934584,0.0
1.988747502393653,2.550611925995355,-0.6510059876473591,0.7506545873146937,0.0
-0.8396375768794195,0.07076048210374158,-0.8871045381326397,-2.668134849849788,0.0
-0.10420639675608395,-0.4409028261250278,-1.8181854173682943,2.0457302719007826,0.0
0.2744462694941268,0.05702911983947018,2.337122938547127,3.5894302954569737,0.0
2.373503048535366,1.4995754845205878,-0.060436293467135194,-3.9540893794916006,0.0
-1.9862550299421793,-2.8334128556636573,-0.6440919564664389,-2.8663485115248655,0.0
-0.7740299601674845,-1.2847973469611411,0.2813578889839654,-1.2472259531690426,0.0
-2.1214922251930024,-2.5095511977660068,0.26030986757498553,-2.791926489497193,0.0
0.9009097080259407,0.4705917119669094,2.259342476937255,0.8395892078576113,0.0
-0.9987376804010341,-1.013618785276398,-3.2990590482590756,-1.1385727083383852,0.0
-0.15880917348049803,-0.658192570078379,-3.1211474424731644,2.490658341501879,0.0
-0.6381982468382458,-0.7912256183284497,3.873309366010549,3.845763783839586,0.0
-4.09151087565498,-4.0891949923486886,-1.2896713329497356,-1.0174334233969047,0.0
0.28606476871930403,1.2196694904272394,0.21744886089657456,1.4424191268924051,0.0
-4.224396794963828,-4.191562823098317,2.8002314396134267,-3.0472828414124953,0.0
-0.36683053865370674,-0.7372817193129084,1.1112457221815548,-1.9447489706693375,0.0
0.510300636949523,-0.32292652607302863,2.801317588162715,1.5581187534103824,0.0
-3.0819104901518295,-1.8047891876876485,-0.07998498540254495,1.7870532089787465,0.0
-0.06170177854320237,0.10443713396087405,1.0162741680387262,-3.1298759105209273,0.0
2.5016528908695026,3.068764452047745,3.0910742559047373,2.529398857130337,0.0
-1.3737967397467874,-1.147115502903529,-3.697271618465721,0.8065278401318992,0.0
-1.9563128501984843,-2.0727436975368168,-0.20774878833276045,3.82835567407398,0.0
0.721830900101936,0.5795020719330256,2.0304375603169715,0.6282457247681021,0.0
2.398087532066333,2.6289197961016826,0.18795312994877555,3.2099934764234277,0.0
1.0710010810661943,0.28265995444668796,3.392802479342418,2.5059554308414977,0.0
3.2803650958883885,3.2039959700620733,-3.761173794255522,-2.593938322652315,0.0
1.903374470182255,1.7807316110928328,0.891680093368838,3.7214240973081045,0.0
-0.9730531029034617,-1.2511027972092192,-3.3706484855675827,3.760205016805582,0.0
3.7816960317273467,3.762018038887265,-0.6441052969291006,-2.030329572847763,0.0
-0.08909318000131228,-0.5173010506060053,1.2806885404244994,1.7255807478000715,0.0
-1.7489940941674385,-1.911000537980807,3.1504007301538373,1.4136160142740986,0.0
0.3944540610874529,-0.24039816028649358,-1.46246780333375,-1.5317877013580992,0.0
-1.1836562752448536,-1.210430838375339,-2.9823272633625137,-3.3169681582606048,0.0
1.3567934557005494,0.6193788493772819,-0.8043624217309153,-0.7855140592631518,0.0
-0.06059365607237113,-0.23067975926556797,1.4027218001233779,0.8689248669177134,0.0
-1.0799540784275365,-0.8809981518238956,2.7702315974629697,3.569709207524741,0.0
-0.4016609413817097,-1.8254803545621878,1.5524878610828496,3.1628928960511686,0.0
-1.8762000357718445,-2.627273144215858,3.756895729582893,0.23347157813663966,0.0
-0.7777527000868037,-1.3548878571277347,2.370892612693279,-3.2228474377085687,0.0
0.05631279285609542,0.780885390699146,-1.7601468824307585,-3.1671937238364984,0.0
3.2750003237797904,3.862666097012893,-2.4406033475204083,0.23923658339858989,0.0
-2.3001183281010533,-2.25290164517651,-3.5353302233790007,-2.403702669246017,0.0
-3.039542552143327,-3.0753972830218967,-0.937410615226872,-3.8241746209069545,0.0
-0.5585695216997162,-1.7981006275658014,2.6580545410396192,-1.0389762466180956,0.0
0.6388549876114771,0.12120495839114814,3.1905190420012586,-3.2657039187260226,0.0
-0.9096732811882466,-0.39178949469327967,3.7320857316684632,3.7969295084807673,0.0
-0.8889392649319203,-0.9458326126611547,1.1815101676835926,-2.2965399918660685,0.0
0.020382873559456005,-1.1330581100928823,-0.883198370212626,-3.9600917840720875,0.0
3.29164272488242,2.842153778554979,-2.198357885049055,-1.0250066220412295,0.0
2.0535080240062253,2.8116858115495216,2.0040029482312063,0.8489047372430214,0.0
0.9225075829619187,2.151668035581131,-1.3900702395997335,-2.730090829994748,0.0
-3.164334886455316,-2.6457111148552444,-0.4313644299455879,1.218375609481555,0.0
-2.038876310652752,-1.3592598547877657,0.7121625380404959,-2.829787600618383,0.0
-0.3310825267567468,-0.707372706493393,1.3120143224174505,1.1420043871117889,0.0
-0.18308819961195827,-0.8055503520774947,3.6284975843838696,0.5398809652780292,0.0
-1.7873055172036687,-1.5730255234815909,2.4232991352994286,-2.8336889083104886,0.0
-1.7279292187915918,-1.3089991984386729,-1.3717640894828902,0.17368666945379818,0.0
-3.6970846884662603,-4.24062856482853,0.3687734215077567,1.677154618822513,0.0
-5.667793264767439,-5.4566798770701075,-1.1402611575812296,-1.8487944811036954,0.0
0.6933470689926751,0.28688950632647725,-1.1278241348144276,1.9940242154519332,0.0
-3.3214766912175744,-2.9530449799762053,-3.689782872126824,-1.293280406550176,0.0
-2.3734770246891093,-2.787715410011167,-0.8181437840246097,2.7331892727360305,0.0
0.7809371326765795,1.356876923397839,3.969494098984895,-3.550168015232436,0.0
0.6869597114422668,1.3287245984701763,-2.9825157923191776,-0.16897168584969524,0.0
-0.5215191824293158,-0.7837565373192003,-1.1208776563308787,-2.4848343315044836,0.0
2.27448972433743,2.0832250584898064,0.9906388360027147,1.9807409551583213,0.0
-1.498563183302224,-0.723165743351693,0.3359655208569077,0.2298491565472851,0.0
-2.0226365531768673,-0.2335727651547992,0.9565324684927612,3.3694695484055392,0.0
3.3178322850874484,3.671124916105908,-2.0780423895608493,-1.5983448072667024,0.0
-3.4659191827719047,-3.7358778307204386,1.2057028707065127,0.8281178188253664,0.0
3.364849266005549,3.0822097880177597,1.9642727449381416,-2.8062032362882787,0.0
2.938165715499197,2.5951306644753864,2.110644272685204,-1.6630274528719777,0.0
-4.932304211196273,-4.825554443935765,-2.7668223662582667,0.1466603139584608,0.0
3.677975348230496,1.9285900368243436,-0.020988454999760542,-1.370549535841585,0.0
1.5382817999012173,0.8399946411484528,2.7951410127727545,0.27621281184742674,0.0
-1.2554432580460446,-0.9285971372197142,-2.5998792618502415,-0.12424257887957335,0.0
1.3076905863277715,1.4937693026201784,-2.548486301895708,-3.3078494225845034,0.0
1.0470455100282743,1.960722864957577,-2.6258300240780557,3.3480374960602735,0.0
0.4357014452373786,1.0376897068016255,0.27965453644644267,3.1492050203900117,0.0
-0.0496899121353894,-0.17892235060463785,-1.9986450069133488,-1.3219516074286624,0.0
-3.0429845515405853,-2.5950578049706046,-1.5400678777083794,-3.050799123061042,0.0
2.9516377061511347,2.4937262515412293,3.876398038011847,1.1011327351539189,0.0
-3.145911275079227,-3.153870800198267,3.4558007765520484,-2.0749037740561853,0.0
2.359821619044195,2.7241801901149185,-1.2881174464588234,-1.0903655427929504,0.0
0.7480963917151064,0.5024522540754068,1.69244131943878,1.0868573032556688,0.0
-0.7117753326088854,-0.18111639900007453,-3.012419590771474,0.8942603908990918,0.0
-1.7982151991729403,-0.5673187929005262,-1.523694031727545,-2.8260288567309377,0.0
