cat_core_1,cat_core_2,cat_core_3,noise_1,noise_2,target
1.0,0.0,0.0,2.90820375986986,1.918251515421626,1.0
1.0,0.0,0.0,-2.01189417746572,-0.135504067685023,1.0
1.0,0.0,0.0,-2.701053148385278,-1.94001685832428,1.0
1.0,0.0,0.0,-1.4170209648669205,-3.166412738377238,1.0
1.0,0.0,0.0,2.7734053407914407,-2.7950722005460698,1.0
0.0,1.0,0.0,0.3735287809187966,-0.3779556124863186,1.0
1.0,0.0,0.0,0.5477256679589697,-1.0886769378750625,1.0
1.0,0.0,0.0,-0.010140447661205698,3.2117736397995946,1.0
1.0,0.0,0.0,0.8923141260247442,-0.9385190222742104,1.0
1.0,0.0,0.0,-2.1929900105009317,-1.6308435510820676,1.0
1.0,0.0,0.0,3.4569972357647316,3.022359169794142,1.0
1.0,0.0,0.0,-3.760803095341699,-3.709459651851428,1.0
1.0,0.0,0.0,-3.1659459239966177,-0.0968676063993712,1.0
1.0,0.0,0.0,-2.9487436266137657,3.928945001637831,1.0
1.0,0.0,0.0,3.6110734830862343,-2.904661852102832,1.0
0.0,1.0,0.0,2.815636236304445,-1.1751045617840852,1.0
1.0,0.0,0.0,3.794569131053273,3.5190996251131024,1.0
1.0,0.0,0.0,1.7215993038096702,-1.5475578728863244,1.0
1.0,0.0,0.0,1.3173717996712337,-2.3451857891999035,1.0
1.0,0.0,0.0,0.49281633323191,-0.7614328467109157,1.0
1.0,0.0,0.0,3.3584794235987525,0.15011954509533343,1.0
1.0,0.0,0.0,2.9018780029755993,0.856530502181494,1.0
1.0,0.0,0.0,0.09687413335845196,0.1696568666527316,1.0
1.0,0.0,0.0,-0.34213739089564044,3.1492091389166097,1.0
0.0,1.0,0.0,0.28865240510831836,-3.4724226064395136,1.0
1.0,0.0,0.0,-0.9437399964304971,-0.5375954201559834,1.0
1.0,0.0,0.0,1.2005446155721184,-0.2517177591244355,1.0
1.0,0.0,0.0,-1.101026195330383,3.155071110185726,1.0
1.0,0.0,0.0,1.9357535766694367,1.2616782401613955,1.0
0.0,1.0,0.0,-2.164677438632495,-2.829249053735918,1.0
1.0,0.0,0.0,2.838542904581942,0.9690791163896142,1.0
1.0,0.0,0.0,2.691538497249004,-3.499137666732959,1.0
1.0,0.0,0.0,0.47540532379644507,3.454854076979152,1.0
1.0,0.0,0.0,0.47752667410189265,-0.7263700810515177,1.0
1.0,0.0,0.0,2.0656747555897343,0.4394345627372962,1.0
1.0,0.0,0.0,-3.483628966959178,1.2789145276928462,1.0
1.0,0.0,0.0,-0.987472001630727,1.8877403569690587,1.0
0.0,1.0,0.0,3.6748892620858866,2.266236843684754,1.0
1.0,0.0,0.0,3.1334112955969493,3.9099432936319634,1.0
1.0,0.0,0.0,3.1608693199386124,3.905481815044876,1.0
1.0,0.0,0.0,0.5382337965308235,-0.2877352819532417,1.0
1.0,0.0,0.0,2.545040646623863,0.792296380335828,1.0
1.0,0.0,0.0,-1.829104635274824,1.9334824120694236,1.0
1.0,0.0,0.0,-3.8683429696135088,-1.0486566255797483,1.0
1.0,0.0,0.0,1.7630468806675008,-2.2336529717460154,1.0
1.0,0.0,0.0,-1.2182074262284255,0.8938202821807666,1.0
1.0,0.0,0.0,-2.4094055210264065,-2.5224143845332625,1.0
1.0,0.0,0.0,2.5294322321089897,1.5801621620051742,1.0
1.0,0.0,0.0,0.7625784973526759,-0.12737728106175172,1.0
1.0,0.0,0.0,1.3528978914446084,1.1955369448725923,1.0
1.0,0.0,0.0,3.38557556739097,0.8469477535459484,1.0
1.0,0.0,0.0,0.5126546757009569,3.295326243972535,1.0
1.0,0.0,0.0,3.436470845235858,2.9737059684307647,1.0
1.0,0.0,0.0,-3.760120976411388,2.368804561481448,1.0
0.0,1.0,0.0,3.3356506632835705,0.08311884297079963,1.0
1.0,0.0,0.0,-2.6562720858323443,-3.229202000117577,1.0
1.0,0.0,0.0,3.721197847243454,-2.114974276625122,1.0
0.0,1.0,0.0,-1.9810456008264143,1.877662432561256,1.0
1.0,0.0,0.0,-0.7595253260470693,-3.235601480671214,1.0
1.0,0.0,0.0,-3.351087190307097,-0.9221055486851428,1.0
1.0,0.0,0.0,0.5265319856584432,-3.5612449197966924,1.0
1.0,0.0,0.0,1.9691754894030344,3.135723317461686,1.0
1.0,0.0,0.0,-2.03305033384647,-3.4113459266996005,1.0
1.0,0.0,0.0,-0.03252587589181566,0.013320204397478719,1.0
1.0,0.0,0.0,1.238011551228631,-0.14418229594213106,1.0
1.0,0.0,0.0,-1.6293065340005652,0.9013538059612598,1.0
1.0,0.0,0.0,-0.9793722392779216,3.2576234816042504,1.0
1.0,0.0,0.0,2.3796977748206984,-2.176707084117443,1.0
0.0,1.0,0.0,0.7406372617701447,0.5170776315715946,1.0
1.0,0.0,0.0,3.985679105422319,-0.40525708652004777,1.0
1.0,0.0,0.0,1.2221915844077644,-1.338732680351134,1.0
1.0,0.0,0.0,-0.7081160050124264,0.18387162826972858,1.0
1.0,0.0,0.0,3.431811106796686,2.2839024346573025,1.0
1.0,0.0,0.0,-3.3471743371080453,-3.596622916690241,1.0
1.0,0.0,0.0,0.6799440762254161,-1.735456360740688,1.0
1.0,0.0,0.0,1.2707258351884976,-2.4688350117551865,1.0
0.0,1.0,0.0,2.1979054132641336,0.4135328445164106,1.0
1.0,0.0,0.0,0.6575580174144067,-0.7506926575582664,1.0
1.0,0.0,0.0,-1.0631539904497158,2.722249916100422,1.0
1.0,0.0,0.0,-1.5687160990733178,-2.916356980610236,1.0
1.0,0.0,0.0,3.455218674398874,-0.27725528817409284,1.0
0.0,1.0,0.0,0.20239798303862955,-1.6558492182282514,1.0
1.0,0.0,0.0,-1.1456679416792168,-0.9809520983924767,1.0
1.0,0.0,0.0,-2.187872404918938,1.9499286183958793,1.0
1.0,0.0,0.0,-0.031163399394750435,-1.3544724081269974,1.0
1.0,0.0,0.0,-1.7965869671850783,1.7195043646423418,1.0
1.0,0.0,0.0,-3.887122055701931,0.7840615061017004,1.0
1.0,0.0,0.0,2.4082186795401235,-2.513853060179856,1.0
1.0,0.0,0.0,-0.22668608796937306,2.7368163021132474,1.0
1.0,0.0,0.0,0.20434961059730217,1.8935570829591883,1.0
1.0,0.0,0.0,-2.093726391532269,-1.690576899576799,1.0
1.0,0.0,0.0,0.6129784399384794,3.8265210224818293,1.0
1.0,0.0,0.0,3.5009167357533197,3.328381244157651,1.0
1.0,0.0,0.0,-1.3579538611673039,-0.7830263684888976,1.0
1.0,0.0,0.0,3.793325651510143,0.5154195825453476,1.0
1.0,0.0,0.0,0.6257572266395908,0.5039711641743496,1.0
1.0,0.0,0.0,3.2259022523519034,-3.8522406066695476,1.0
1.0,0.0,0.0,-3.8124604956855386,0.5474666560136843,1.0
1.0,0.0,0.0,2.0854580860466188,-3.79882914786738,1.0
1.0,0.0,0.0,1.7501376255512788,-1.7922929713663773,1.0
1.0,0.0,0.0,-2.6881864215268987,-0.49630138816102853,1.0
1.0,0.0,0.0,-0.6241712914264248,0.3896990852372557,1.0
1.0,0.0,0.0,1.998963983926382,1.9326631683809765,1.0
0.0,1.0,0.0,3.934472195209316,1.8725191460785569,1.0
1.0,0.0,0.0,-3.8519350280592413,-1.048928499353023,1.0
1.0,0.0,0.0,-1.4638887200952722,-2.670572596683555,1.0
1.0,0.0,0.0,-1.4656634275915366,1.8189909082937472,1.0
1.0,0.0,0.0,0.5788244527907498,2.9659823198714292,1.0
1.0,0.0,0.0,-0.6519687931016289,1.1471382166882407,1.0
1.0,0.0,0.0,-1.0863359403453856,0.3350437834926785,1.0
1.0,0.0,0.0,3.3148972504164185,-0.5391447767373903,1.0
1.0,0.0,0.0,-1.6348668073543413,3.410064475233284,1.0
1.0,0.0,0.0,2.378627824319471,1.6515720696856837,1.0
0.0,1.0,0.0,2.4574120916367574,2.8320110846158952,1.0
1.0,0.0,0.0,1.119740226241781,-1.9865942537939851,1.0
1.0,0.0,0.0,1.0135107937173844,-1.5718751014865422,1.0
1.0,0.0,0.0,2.018738665560768,-3.0257011151289284,1.0
1.0,0.0,0.0,-1.1133330675146418,-2.4266634528835658,1.0
1.0,0.0,0.0,-3.9601970346783366,-3.73174653860253,1.0
1.0,0.0,0.0,-0.04763483594497142,-3.07416608875147,1.0
1.0,0.0,0.0,3.9965301860066216,1.540438637083068,1.0
1.0,0.0,0.0,-0.36250316934225424,1.600192179988933,1.0
1.0,0.0,0.0,-1.6305827919452751,3.4518804301977717,1.0
1.0,0.0,0.0,3.401986895640813,0.9782896705330781,1.0
1.0,0.0,0.0,-1.0694903908427484,1.9087750107959733,1.0
1.0,0.0,0.0,-3.336606732883318,3.2364947697055255,1.0
0.0,1.0,0.0,2.499420455873353,-2.5075575975397957,1.0
1.0,0.0,0.0,-2.9674821856801143,1.2916313825683288,1.0
1.0,0.0,0.0,-0.7976136693004845,0.29755275878472,1.0
1.0,0.0,0.0,-0.958714234555508,3.686159607188129,1.0
1.0,0.0,0.0,-0.5830928665848765,-1.1519628859615851,1.0
1.0,0.0,0.0,-1.1004765593547168,-3.514920225756617,1.0
0.0,1.0,0.0,2.613754490209936,-2.090510045116723,1.0
1.0,0.0,0.0,3.709331014646785,1.937270201982253,1.0
0.0,1.0,0.0,-0.5590366005739815,-0.26849491414118987,1.0
1.0,0.0,0.0,-2.2978608353214103,1.2749885660558995,1.0
1.0,0.0,0.0,-3.7961792694312706,-0.8486867899473669,1.0
1.0,0.0,0.0,0.3063670274187169,3.5625161895280293,1.0
0.0,1.0,0.0,1.0336360989192244,2.6692187879562184,1.0
1.0,0.0,0.0,2.7737650995947885,0.5041077866068111,1.0
1.0,0.0,0.0,0.24504704701136326,-0.5589718270887518,1.0
1.0,0.0,0.0,-0.30562811709731363,1.9853425828334208,1.0
1.0,0.0,0.0,-0.4312699040410859,3.996268113636858,1.0
1.0,0.0,0.0,0.5765103017644311,2.5734279530047592,1.0
1.0,0.0,0.0,-2.148823463106403,-3.8266792316473435,1.0
1.0,0.0,0.0,-1.8182079630009875,2.7399755317940206,1.0
1.0,0.0,0.0,1.0540172910914487,-3.958326713956338,1.0
1.0,0.0,0.0,2.437202811991993,-1.9357218140442782,1.0
1.0,0.0,0.0,-3.9508297713469096,-0.22504361303738651,1.0
1.0,0.0,0.0,0.03848091481985172,0.0748260748567402,1.0
1.0,0.0,0.0,3.048130704445512,0.3122539719632531,1.0
1.0,0.0,0.0,1.596652575568422,-1.6372121129575365,1.0
1.0,0.0,0.0,-2.8935335807890006,-3.3774978514367433,1.0
1.0,0.0,0.0,1.0439998505219288,-3.397424616680877,1.0
1.0,0.0,0.0,0.8621148537735595,-0.8306848433415199,1.0
1.0,0.0,0.0,-1.2884505776760111,3.514616841289217,1.0
1.0,0.0,0.0,1.0935721041281505,-3.457207155439919,1.0
1.0,0.0,0.0,0.32710313087042486,2.8991911881870776,1.0
1.0,0.0,0.0,-0.6941208039811055,0.6122474305667369,1.0
1.0,0.0,0.0,2.69987933607014,-1.017393008426331,1.0
1.0,0.0,0.0,-3.486576610184305,2.5954094105120395,1.0
0.0,1.0,0.0,-2.7869457880838038,1.422199128531095,1.0
1.0,0.0,0.0,0.24721844220771239,3.2309514462183495,1.0
1.0,0.0,0.0,0.25554111786048583,3.232116784829616,1.0
1.0,0.0,0.0,3.804257965030436,1.4041946067969624,1.0
1.0,0.0,0.0,3.6123048148920827,-0.8711729522166562,1.0
1.0,0.0,0.0,-0.22989716048856046,2.6521777716234363,1.0
1.0,0.0,0.0,3.861604430437059,2.0840873232751163,1.0
1.0,0.0,0.0,-0.618840576766237,-2.0866690295182915,1.0
1.0,0.0,0.0,-3.5325761634521298,1.0561274135501302,1.0
1.0,0.0,0.0,0.20681598783491228,3.0958757548517193,1.0
1.0,0.0,0.0,3.638256075345727,-3.933822232750603,1.0
1.0,0.0,0.0,0.33462312691986096,-3.9056243041524743,1.0
1.0,0.0,0.0,-0.026825844750871575,-2.0240722640423225,1.0
1.0,0.0,0.0,-3.7078065604870947,-2.601490068725104,1.0
0.0,1.0,0.0,1.3058103379493176,-3.787983326656893,1.0
1.0,0.0,0.0,2.786494804838444,-3.813114476910818,1.0
1.0,0.0,0.0,-2.059370568307645,-3.8448706656246863,1.0
1.0,0.0,0.0,0.344705035138162,2.184349994033046,1.0
1.0,0.0,0.0,2.835469808841136,-0.18555483814562024,1.0
0.0,1.0,0.0,-1.208989670932458,-1.862131794516925,1.0
1.0,0.0,0.0,-3.4384283727869542,2.8916697407670364,1.0
0.0,1.0,0.0,-0.7909736570385117,1.8802107045741279,1.0
1.0,0.0,0.0,-1.6784946179160833,2.495652357546134,1.0
1.0,0.0,0.0,3.3616692902430394,2.733493743678638,1.0
0.0,1.0,0.0,3.5684403113441894,0.613462011901678,1.0
1.0,0.0,0.0,2.35560426080953,-0.09257930892171018,1.0
1.0,0.0,0.0,-2.4992156860737476,3.3215529153434336,1.0
0.0,1.0,0.0,1.6959558909717103,-1.8653398789997766,1.0
1.0,0.0,0.0,-2.730461085459077,1.6790494435614614,1.0
1.0,0.0,0.0,2.2359739422583242,-1.413304401001703,1.0
1.0,0.0,0.0,-1.1859053480502766,-2.22597589922938,1.0
1.0,0.0,0.0,2.757130822106597,0.4496950509348414,1.0
1.0,0.0,0.0,3.1417411160870605,-0.7579293492687755,1.0
1.0,0.0,0.0,0.05454921297839288,-2.1383415638878125,1.0
1.0,0.0,0.0,0.46063755326966227,2.3895125912574997,1.0
1.0,0.0,0.0,3.010855394884138,3.242461487322222,1.0
1.0,0.0,0.0,-0.9122909404617019,-0.5198065340897795,1.0
1.0,0.0,0.0,-3.470832959979955,0.6065427984558731,1.0
1.0,0.0,0.0,1.4480243554200403,2.141482749017066,1.0
1.0,0.0,0.0,2.2156097089506233,1.3414623277636943,1.0
1.0,0.0,0.0,2.3710333822397542,2.7119816626680544,1.0
1.0,0.0,0.0,-0.24721571952878385,2.1543897501909948,1.0
1.0,0.0,0.0,3.2207858084056564,-3.1980433310822454,1.0
0.0,1.0,0.0,2.7285900253225535,-0.24008350830836012,1.0
1.0,0.0,0.0,-2.742861552728936,1.249517494828849,1.0
1.0,0.0,0.0,3.0398349501273803,1.1098375098040894,1.0
1.0,0.0,0.0,0.03232183908984965,-0.5012035519667233,1.0
0.0,1.0,0.0,-3.658551929850158,-3.1551353917503677,1.0
1.0,0.0,0.0,2.826908507766815,1.7974881801485774,1.0
1.0,0.0,0.0,2.9622846872617385,2.6006838178936578,1.0
1.0,0.0,0.0,2.0706578131123363,-3.963331098780218,1.0
1.0,0.0,0.0,2.5513546910593927,3.727616525578208,1.0
1.0,0.0,0.0,-1.1091411717900934,-0.887206219015308,1.0
1.0,0.0,0.0,1.453561954663769,2.967300394930631,1.0
1.0,0.0,0.0,-0.22654233529610668,-1.7434060359980474,1.0
1.0,0.0,0.0,-2.9415926485443613,-2.747382472822329,1.0
1.0,0.0,0.0,-2.913396238460206,-1.0291963081496531,1.0
1.0,0.0,0.0,-0.7686906405126468,3.3187842573458672,1.0
1.0,0.0,0.0,-0.23620955848012937,-1.3513011958686594,1.0
0.0,1.0,0.0,3.0494919132283353,0.9690591964707869,1.0
1.0,0.0,0.0,-2.879926785988692,2.50381473750182,1.0
1.0,0.0,0.0,0.8441050170540958,-3.4094893820999257,1.0
1.0,0.0,0.0,-0.02166452355709847,-0.46920621743320545,1.0
1.0,0.0,0.0,0.5516696226659121,1.1682502746911405,1.0
1.0,0.0,0.0,-3.5472924046878562,-0.1012525516233751,1.0
1.0,0.0,0.0,-3.768581786538597,-0.5862062160347605,1.0
1.0,0.0,0.0,-1.4216959270951506,2.4614693003685995,1.0
1.0,0.0,0.0,0.6177536537423203,3.3838813017449327,1.0
1.0,0.0,0.0,-1.6256819542032463,3.2308367625279004,1.0
1.0,0.0,0.0,-2.063175648607629,-3.2630073654593046,1.0
1.0,0.0,0.0,0.6627523313166837,2.368887880394409,1.0
1.0,0.0,0.0,0.07079115833679062,-1.863843464923109,1.0
1.0,0.0,0.0,-1.497142844543176,1.6578438378325009,1.0
0.0,1.0,0.0,-0.8079993078678802,-1.5909623459277604,1.0
1.0,0.0,0.0,-0.9797263470815585,1.5129820266483822,1.0
1.0,0.0,0.0,3.877340062398078,2.141495369918669,1.0
1.0,0.0,0.0,-2.8741844158695056,0.10671851114771425,1.0
1.0,0.0,0.0,-2.654375368251409,-2.9753084693223872,1.0
1.0,0.0,0.0,3.9162314063703993,-3.4213182904202277,1.0
1.0,0.0,0.0,1.1871999142626013,0.3357988490483672,1.0
1.0,0.0,0.0,3.412854624765413,3.1215078149663062,1.0
1.0,0.0,0.0,-2.2917230518197336,0.279144088515455,1.0
1.0,0.0,0.0,-0.6285463081835481,3.4002419680034617,1.0
1.0,0.0,0.0,-3.9986247320465313,2.2827632097705113,1.0
1.0,0.0,0.0,0.11599167229097063,-3.892865248354643,1.0
1.0,0.0,0.0,0.09352854178006886,-2.7572198669257535,1.0
1.0,0.0,0.0,-2.286438124608763,1.9410910457025476,1.0
1.0,0.0,0.0,-2.758574768221118,-1.1200004272795088,1.0
1.0,0.0,0.0,3.030125673582911,-3.797676077266596,1.0
0.0,1.0,0.0,0.09435045597596581,1.8205750536804226,0.0
0.0,1.0,0.0,0.2516626551959371,2.929654127561804,0.0
0.0,1.0,0.0,3.5829383455264834,-1.5032075579977757,0.0
0.0,1.0,0.0,3.2669361175534624,-0.35405080320606697,0.0
0.0,1.0,0.0,-2.1900119592140257,2.875294125839374,0.0
0.0,1.0,0.0,1.9270506885706329,3.193836274087386,0.0
1.0,0.0,0.0,0.184553532675654,3.5274358098311875,0.0
0.0,1.0,0.0,-0.7155693643681067,0.16116993994513162,0.0
0.0,1.0,0.0,2.903964882647564,-0.8799989390152643,0.0
0.0,1.0,0.0,3.073724582227741,2.1263292564192895,0.0
0.0,1.0,0.0,-1.8486892853434638,-2.2094990915299473,0.0
0.0,1.0,0.0,-1.6466468354153783,1.9493764502025774,0.0
0.0,1.0,0.0,-0.32994242715396105,-3.943724669580213,0.0
0.0,1.0,0.0,2.128268149318056,-2.1181687198972954,0.0
0.0,1.0,0.0,2.5847638915861015,-3.208152395381118,0.0
0.0,1.0,0.0,-1.603327779120419,2.7930948624650487,0.0
0.0,1.0,0.0,3.0820206543424007,2.0398407388202777,0.0
1.0,0.0,0.0,2.65961007933735,-0.118071287766365,0.0
0.0,1.0,0.0,-1.3801304622079558,-0.8690333423103587,0.0
0.0,1.0,0.0,1.1646802211134935,-3.542790188940452,0.0
0.0,1.0,0.0,-0.651585279235916,-0.22135794721460478,0.0
0.0,1.0,0.0,0.16633218388069526,3.475304385485577,0.0
0.0,1.0,0.0,1.1858125018642927,-0.11766759532695481,0.0
0.0,1.0,0.0,2.2703884474000615,1.2124109356367319,0.0
0.0,1.0,0.0,2.4620953297514996,2.484152363364565,0.0
0.0,1.0,0.0,-3.753439687500566,-0.6106853656111717,0.0
0.0,1.0,0.0,0.3980342616187338,-2.7132758962028323,0.0
0.0,1.0,0.0,-0.9607704148292129,2.984349972248082,0.0
0.0,1.0,0.0,2.9174850513932684,0.9480889203919132,0.0
0.0,1.0,0.0,2.094879391484014,1.7433454035840894,0.0
0.0,1.0,0.0,-3.4477546469808757,2.333403131506718,0.0
0.0,1.0,0.0,0.7109049623503063,-3.820637223240449,0.0
0.0,1.0,0.0,-1.8963568550151102,-0.9161927629485795,0.0
0.0,1.0,0.0,0.5144469155412921,3.965591939053337,0.0
0.0,1.0,0.0,-3.1757168683135495,-1.3367775290247117,0.0
0.0,1.0,0.0,-2.1938929127499867,0.12069847591734106,0.0
0.0,1.0,0.0,-3.0207568563252165,2.8434376026844097,0.0
0.0,1.0,0.0,-1.676199272676171,-1.9084857995736746,0.0
0.0,1.0,0.0,-0.6075660331317776,2.5052793649863707,0.0
0.0,1.0,0.0,3.8195763733118193,1.9258834619272607,0.0
0.0,1.0,0.0,-0.21830643321298027,-2.437153618317769,0.0
0.0,1.0,0.0,-3.948954155212572,0.48764090185519393,0.0
0.0,1.0,0.0,0.8139490390558555,2.9261324989182995,0.0
0.0,1.0,0.0,1.4597813390658665,1.285674673598158,0.0
0.0,1.0,0.0,-0.696957698687565,-1.4670655258791383,0.0
1.0,0.0,0.0,-3.4686777139201963,-3.112153431484538,0.0
0.0,1.0,0.0,2.091192419817104,3.4260377395170805,0.0
0.0,1.0,0.0,1.5310408850599035,-3.4966320208576764,0.0
0.0,1.0,0.0,-0.9290783662882944,-2.479363511434655,0.0
0.0,1.0,0.0,-1.4235322999973965,0.8167297297234226,0.0
0.0,1.0,0.0,2.222941453469626,-2.813671983133789,0.0
0.0,1.0,0.0,-0.13264504482166117,0.5394721715925801,0.0
1.0,0.0,0.0,1.1305114256169473,3.662411687632356,0.0
1.0,0.0,0.0,-2.9507412441197536,-0.8065891134387533,0.0
0.0,1.0,0.0,-2.3125182461989517,0.004267997920186062,0.0
0.0,1.0,0.0,0.14843851284693965,3.483629817531159,0.0
0.0,1.0,0.0,3.153160410868229,3.2445857662899487,0.0
0.0,1.0,0.0,-2.0733244006236395,3.060569246485663,0.0
1.0,0.0,0.0,-2.203740547142065,2.5592552955033705,0.0
0.0,1.0,0.0,3.09349144267291,2.617399712982638,0.0
0.0,1.0,0.0,0.13508677848959483,1.7202673926303467,0.0
0.0,1.0,0.0,3.6957221338314747,2.822981851152494,0.0
0.0,1.0,0.0,-0.47382170434043847,-3.849588313513709,0.0
0.0,1.0,0.0,-0.9150900087157927,0.07637938548640477,0.0
0.0,1.0,0.0,-0.8479643851677752,2.3196062043227226,0.0
0.0,1.0,0.0,-0.40617535404066274,3.9438484448837734,0.0
0.0,1.0,0.0,1.2084648161173632,-3.545363797911654,0.0
0.0,1.0,0.0,-2.215043870066994,2.635710863082166,0.0
0.0,1.0,0.0,3.204284026068115,2.255668830376333,0.0
0.0,1.0,0.0,1.7039420409049475,2.397240458608656,0.0
0.0,1.0,0.0,1.8009305989221458,2.805032226383174,0.0
0.0,1.0,0.0,2.850129210070433,-1.8852773800828784,0.0
0.0,1.0,0.0,1.0955349521505742,2.752074879348264,0.0
0.0,1.0,0.0,3.0957707417925224,2.30623201927349,0.0
0.0,1.0,0.0,-1.1968156134036878,-0.46965830733639624,0.0
0.0,1.0,0.0,-3.1555167279835468,0.09232976871379073,0.0
0.0,1.0,0.0,-1.1441293627548257,-0.05421857946104858,0.0
0.0,1.0,0.0,-0.5297004879924883,3.102905757627587,0.0
0.0,1.0,0.0,-1.8797930468881967,-1.966923196733295,0.0
0.0,1.0,0.0,-1.5128374733404764,3.0166584772986305,0.0
0.0,1.0,0.0,-2.1984911855818714,1.2873643719433057,0.0
0.0,1.0,0.0,-2.725425146323186,-0.2584400677578005,0.0
0.0,1.0,0.0,-1.4761797857634535,1.5093759177879917,0.0
0.0,1.0,0.0,1.3233611316184897,2.228677928677179,0.0
0.0,1.0,0.0,1.4234538077088468,0.4207559095779265,0.0
0.0,1.0,0.0,2.8546506756247068,-2.3098791666195124,0.0
0.0,1.0,0.0,-3.9130812639353145,-3.7357282028922203,0.0
1.0,0.0,0.0,0.08349392783563658,-0.35942327939488194,0.0
0.0,1.0,0.0,2.6002410978946706,2.1918850089054125,0.0
0.0,1.0,0.0,0.5956052365190674,1.0856670419858894,0.0
1.0,0.0,0.0,1.2697593924198154,0.42747935818046034,0.0
0.0,1.0,0.0,0.8201493506895563,-1.3631455544200302,0.0
0.0,1.0,0.0,3.2286673210745684,-0.7190372793376989,0.0
0.0,1.0,0.0,-2.7721906465786734,1.1655137401649682,0.0
0.0,1.0,0.0,-2.959597391659056,1.7488401846523924,0.0
0.0,1.0,0.0,3.15711824426353,2.0132703810899306,0.0
0.0,1.0,0.0,-0.8560342860003605,-3.6007470038857505,0.0
0.0,1.0,0.0,-2.434779341679649,-2.3910834826019505,0.0
0.0,1.0,0.0,2.8714813820582803,-2.836375153157861,0.0
1.0,0.0,0.0,1.2003523296989869,2.3713519588661214,0.0
0.0,1.0,0.0,-2.105028551631567,0.6905473739187276,0.0
1.0,0.0,0.0,3.5455995779072174,0.43044215080798054,0.0
0.0,1.0,0.0,1.2136050509446,3.9178134758376286,0.0
0.0,1.0,0.0,-0.7768215285163143,0.11570879691293445,0.0
0.0,1.0,0.0,3.232612983546458,2.1016469117138783,0.0
0.0,1.0,0.0,-1.9565890503436112,-2.5234267703160684,0.0
0.0,1.0,0.0,-3.7654425727277836,-3.1468951825318774,0.0
0.0,1.0,0.0,3.0268305766401298,-3.115866955437358,0.0
0.0,1.0,0.0,3.4526896331219996,-3.639674319262224,0.0
0.0,1.0,0.0,-0.1434248029774734,1.7587216983077214,0.0
0.0,1.0,0.0,-2.06625591008123,3.995290818155821,0.0
0.0,1.0,0.0,0.8143764558777411,-1.9950931932394393,0.0
1.0,0.0,0.0,2.3403626232862393,-1.6708262680335357,0.0
0.0,1.0,0.0,2.586654064973393,3.046397514759459,0.0
0.0,1.0,0.0,-0.3533757600335159,2.7020701466245587,0.0
1.0,0.0,0.0,-3.32342157987814,-1.1160357922847686,0.0
0.0,1.0,0.0,-0.6872253077247574,1.9289384037740485,0.0
0.0,1.0,0.0,2.3235371212490454,-3.0977603030358685,0.0
0.0,1.0,0.0,-1.2233269358986432,0.8557105320378176,0.0
0.0,1.0,0.0,-0.4085465313360448,0.021630957763803416,0.0
1.0,0.0,0.0,3.445151581266706,0.7765591415069881,0.0
0.0,1.0,0.0,-1.615913300062081,-0.8141205923411174,0.0
0.0,1.0,0.0,-2.0846772266102276,-3.464750574151772,0.0
0.0,1.0,0.0,3.744151179089644,3.26134238533842,0.0
0.0,1.0,0.0,-1.8258578636472658,1.7952139222641197,0.0
0.0,1.0,0.0,1.6051351500651494,-0.11508784558547891,0.0
0.0,1.0,0.0,-0.7497685417427427,1.8837783589109618,0.0
0.0,1.0,0.0,-1.086075145960927,3.4280717634990605,0.0
0.0,1.0,0.0,1.1239592290598912,-0.6227581835858231,0.0
0.0,1.0,0.0,-1.6722551149546314,1.0492533352975624,0.0
0.0,1.0,0.0,0.9606065284322307,2.1265811070791605,0.0
0.0,1.0,0.0,-0.28279310595047935,1.8073763982266922,0.0
0.0,1.0,0.0,-1.1792740816355334,-0.04977807711448179,0.0
0.0,1.0,0.0,-0.34428056722774514,-0.8822661326925028,0.0
0.0,1.0,0.0,1.454605753667761,2.4688373394199568,0.0
0.0,1.0,0.0,3.536858041995969,0.5723131354760893,0.0
0.0,1.0,0.0,1.012444629119166,3.264950645070697,0.0
0.0,1.0,0.0,1.6249778022577397,-2.6782791458254183,0.0
0.0,1.0,0.0,2.0234799901307046,3.739475688018276,0.0
0.0,1.0,0.0,0.234369017109203,-2.0006837145192895,0.0
0.0,1.0,0.0,-2.3183331416991235,-0.09505191494270981,0.0
0.0,1.0,0.0,3.4704668491099397,1.1638888974830124,0.0
0.0,1.0,0.0,0.5767890730920229,-3.016210776362737,0.0
0.0,1.0,0.0,1.0590736346239957,3.548030423254179,0.0
0.0,1.0,0.0,-1.0474776389545593,-1.8119924291955503,0.0
1.0,0.0,0.0,-0.08237005244501372,-1.300395941448472,0.0
0.0,1.0,0.0,-0.9059434798165373,-1.2706645639021694,0.0
0.0,1.0,0.0,-2.3590373741658848,-2.675455538061934,0.0
0.0,1.0,0.0,3.683409151589509,1.5034940032788953,0.0
0.0,1.0,0.0,-1.661647853036527,-1.5450117172161129,0.0
0.0,1.0,0.0,-2.700268539402087,2.231767000155844,0.0
0.0,1.0,0.0,3.8682612661476377,-0.5312779939936441,0.0
1.0,0.0,0.0,-2.0513707959576504,0.11019985737866822,0.0
1.0,0.0,0.0,-0.6799252726890916,0.897823325604131,0.0
0.0,1.0,0.0,-0.8139264425381478,0.8202728398024179,0.0
0.0,1.0,0.0,1.9311893365032908,0.7882620728682719,0.0
0.0,1.0,0.0,0.7711349263616416,-1.8592301348813711,0.0
0.0,1.0,0.0,-3.89966828149804,2.328139527308715,0.0
0.0,1.0,0.0,-3.633481419831881,-1.8231409107484469,0.0
0.0,1.0,0.0,-3.6628327470876307,2.834113286305249,0.0
1.0,0.0,0.0,2.507621913362043,-1.4289000035158104,0.0
0.0,1.0,0.0,-0.7414340874394201,3.25946469513128,0.0
0.0,1.0,0.0,-3.2054114636221147,-1.6452850380413722,0.0
0.0,1.0,0.0,-2.7987056115659055,2.6662555264917804,0.0
0.0,1.0,0.0,-3.1680032269617566,-0.5703907013123377,0.0
0.0,1.0,0.0,-3.337791670965413,-0.9909495934243111,0.0
0.0,1.0,0.0,1.1005211783743576,-0.7380485851897971,0.0
0.0,1.0,0.0,-0.3460994035361349,-2.702634679385989,0.0
0.0,1.0,0.0,-2.178368576459431,-1.9645313874936772,0.0
0.0,1.0,0.0,-1.1384436446943331,-0.7210860036427871,0.0
0.0,1.0,0.0,-1.90989786570265,1.3845348929099037,0.0
0.0,1.0,0.0,-1.5606491945190069,2.5692133847287364,0.0
1.0,0.0,0.0,-2.333849143323607,0.670094263105848,0.0
0.0,1.0,0.0,2.1986244836300495,3.336585782657165,0.0
0.0,1.0,0.0,-3.9158096646389753,0.164438451327225,0.0
0.0,1.0,0.0,-0.8394020664816368,-1.4789089278347562,0.0
0.0,1.0,0.0,-1.6739790568130415,0.31135181408151347,0.0
0.0,1.0,0.0,-1.993039882635128,1.461852431387661,0.0
0.0,1.0,0.0,2.929191566944297,0.9830649580667732,0.0
0.0,1.0,0.0,-2.206225891556894,-0.23497360239959786,0.0
0.0,1.0,0.0,1.6310890764116053,-3.273598167889679,0.0
0.0,1.0,0.0,-1.624227290809186,3.069104694740024,0.0
0.0,1.0,0.0,-2.6694192412609734,-0.674798897610752,0.0
0.0,1.0,0.0,-3.9731499217386634,-1.7550324180145358,0.0
1.0,0.0,0.0,-1.7851420295302711,-0.5769447883065961,0.0
0.0,1.0,0.0,3.367177114780767,-1.303422650669786,0.0
0.0,1.0,0.0,2.0387271663624276,0.40727890244363074,0.0
0.0,1.0,0.0,3.3380392998245974,-3.0290581024039662,0.0
0.0,1.0,0.0,3.284105080505002,2.823628035583205,0.0
0.0,1.0,0.0,3.567386985745692,-1.578434668465654,0.0
0.0,1.0,0.0,-3.305761928727918,-1.3435723319383177,0.0
0.0,1.0,0.0,-3.1194531478289225,2.1690517060071377,0.0
0.0,1.0,0.0,1.735024142053696,3.529086435755687,0.0
0.0,1.0,0.0,-0.8387207023879037,-2.038780435408028,0.0
1.0,0.0,0.0,3.5880986329126916,0.7612999230690445,0.0
0.0,1.0,0.0,-0.40502337044013537,-0.8210878241141026,0.0
0.0,1.0,0.0,-1.3952660370342889,-2.592269014456365,0.0
0.0,1.0,0.0,-0.7308946261972684,-0.8253233704206568,0.0
0.0,1.0,0.0,-3.914789282719199,-1.3262830621703188,0.0
0.0,1.0,0.0,0.03631860748515692,2.0702846717168333,0.0
0.0,1.0,0.0,2.905318278888908,-3.3964882896998514,0.0
0.0,1.0,0.0,-3.730439324640023,-0.922531462498875,0.0
0.0,1.0,0.0,-3.892317100993929,-1.8292501355301365,0.0
1.0,0.0,0.0,1.8155450806908577,2.6332443240489782,0.0
0.0,1.0,0.0,0.6611242118757481,3.471326660734662,0.0
0.0,1.0,0.0,-0.3152242837767423,1.8584632099268035,0.0
0.0,1.0,0.0,-1.832018630427143,1.180007179642729,0.0
0.0,1.0,0.0,3.086984569226197,1.5104651753291858,0.0
0.0,1.0,0.0,1.3014377559583235,-1.1299338189123365,0.0
0.0,1.0,0.0,2.7966970568293084,-2.2582237326997534,0.0
0.0,1.0,0.0,-2.153170086050201,0.45412308729172146,0.0
0.0,1.0,0.0,0.026482824078410516,0.8029424901967062,0.0
0.0,1.0,0.0,-2.4308709224109295,2.865231809052032,0.0
0.0,1.0,0.0,2.1899896586653806,0.4762767549136413,0.0
0.0,1.0,0.0,1.3521118459558634,-1.479011123431527,0.0
0.0,1.0,0.0,-0.40694534701893215,1.8834063683030848,0.0
0.0,1.0,0.0,0.9659349524387162,2.889461997711936,0.0
1.0,0.0,0.0,-2.7764592244687405,-3.831073694311561,0.0
0.0,1.0,0.0,2.377538580720241,-3.7565641180463327,0.0
0.0,1.0,0.0,1.2098992712531045,1.9504327632482328,0.0
0.0,1.0,0.0,-2.717209355310845,-2.5608058071255613,0.0
0.0,1.0,0.0,2.30936872340747,-2.8263588264450927,0.0
0.0,1.0,0.0,-3.7742454150710936,0.8347376836867637,0.0
0.0,1.0,0.0,-2.9676846106453487,-2.5155117932019095,0.0
0.0,1.0,0.0,1.2450611035475943,0.4805134368649213,0.0
1.0,0.0,0.0,2.898453188729598,-1.7392285656485589,0.0
0.0,1.0,0.0,-3.6604224525466273,-1.6864651638888812,0.0
0.0,1.0,0.0,1.6954438616432892,-2.1993654906329336,0.0
0.0,1.0,0.0,-0.011096700071183463,-2.03368892788525,0.0
0.0,1.0,0.0,-1.0098201206013657,1.7122418950500533,0.0
0.0,1.0,0.0,3.9041514030034437,1.8818550949799393,0.0
0.0,1.0,0.0,-3.9926323550957106,-1.822808337805231,0.0
1.0,0.0,0.0,-2.6968255075388807,1.112176358719129,0.0
0.0,1.0,0.0,-1.782281926488798,2.6620372330857025,0.0
0.0,1.0,0.0,-1.668287992132237,-2.51750103633609,0.0
1.0,0.0,0.0,-1.4023381515972275,-3.8142142424483714,0.0
0.0,1.0,0.0,3.871614468309592,1.3892650752103295,0.0
0.0,1.0,0.0,3.292697712914607,1.6979393402771192,0.0
0.0,1.0,0.0,0.377258695158762,2.983329207632895,0.0
0.0,1.0,0.0,0.14077365727484636,-1.139122796122063,0.0
0.0,1.0,0.0,-3.1038195782414375,3.8352239701148685,0.0
0.0,1.0,0.0,1.1516890925090788,-3.8446407517527925,0.0
0.0,1.0,0.0,2.4164637984415247,0.14228142376296304,0.0
0.0,1.0,0.0,2.4432482501443973,2.255530358308194,0.0
0.0,1.0,0.0,3.399115866700848,1.2593995740916188,0.0
0.0,1.0,0.0,1.6109345938768183,-1.0561187240471952,0.0
0.0,1.0,0.0,-3.3293987758183334,-1.5591675360709862,0.0
1.0,0.0,0.0,3.338237128474894,1.9273591504831709,0.0
0.0,1.0,0.0,1.031412758998747,2.3322073588888292,0.0
1.0,0.0,0.0,0.8936754230474007,-1.2712093589547688,0.0
1.0,0.0,0.0,0.5909408682951405,3.5833473494269645,0.0
0.0,1.0,0.0,2.7347718578192755,-3.4366522554859635,0.0
0.0,1.0,0.0,-0.4707383599146677,3.0964349209749553,0.0
0.0,1.0,0.0,-1.766019506545506,1.0265233475701026,0.0
1.0,0.0,0.0,2.614081383766937,0.8308194589141582,0.0
0.0,1.0,0.0,3.8393253668205274,-0.7454453775729801,0.0
0.0,1.0,0.0,-2.3047725434191717,3.490826134220499,0.0
0.0,1.0,0.0,3.917695581454222,1.2933670336581518,0.0
0.0,1.0,0.0,-2.6952027128130744,0.6794110966830962,0.0
0.0,1.0,0.0,1.0768734857149154,-3.7042316964876685,0.0
1.0,0.0,0.0,-1.8799703490936803,0.23797349555985647,0.0
0.0,1.0,0.0,1.3996659221478263,-3.8173379148034714,0.0
0.0,1.0,0.0,2.4941523536145462,1.4514552203539388,0.0
0.0,1.0,0.0,0.7453322648097762,-2.3566519180396055,0.0
0.0,1.0,0.0,1.9989124264613025,2.7692752386210087,0.0
1.0,0.0,0.0,2.1889743617557524,-2.312066325783925,0.0
0.0,1.0,0.0,-3.697967705095353,1.7818498837860135,0.0
0.0,1.0,0.0,0.576903903999737,0.719438433359719,0.0
0.0,1.0,0.0,2.0927560198413095,-1.6594086481123602,0.0
0.0,1.0,0.0,1.068907360185137,-3.1192779674163758,0.0
0.0,1.0,0.0,1.2604720351227874,-0.015180724186566685,0.0
0.0,1.0,0.0,-0.2655695520009811,-1.4292519836886406,0.0
0.0,1.0,0.0,2.862310705390125,-3.446150033602698,0.0
0.0,1.0,0.0,-2.9550786366716677,1.290900048042393,0.0
0.0,1.0,0.0,-3.4782932677674694,-2.476767525778193,0.0
0.0,1.0,0.0,2.2522372257944756,-2.3667044608058108,0.0
0.0,1.0,0.0,-1.8779482545567427,2.1451023448360615,0.0
0.0,1.0,0.0,-3.604325205021528,-2.9142263739512346,0.0
0.0,1.0,0.0,0.6582202832563642,-0.20445870655190568,0.0
0.0,1.0,0.0,0.31957651723465297,-1.73917701681831,0.0
0.0,1.0,0.0,-0.7229393446661172,-2.8093407361209595,0.0
1.0,0.0,0.0,-3.703081973183335,-1.645924663545438,0.0
1.0,0.0,0.0,0.31498298006864545,1.2745144339066155,0.0
0.0,1.0,0.0,-3.155014038708872,2.369904864898497,0.0
0.0,1.0,0.0,-2.537359083756324,-0.6732705143652167,0.0
0.0,1.0,0.0,-1.1451697665996932,2.364460824396553,0.0
0.0,1.0,0.0,1.0324094232803374,3.314432916137446,0.0
0.0,1.0,0.0,3.7283901529940726,3.387990202404054,0.0
0.0,1.0,0.0,-3.809712801164527,-2.3630332804899172,0.0
0.0,1.0,0.0,3.7205757480603454,-2.033508436916697,0.0
0.0,1.0,0.0,-0.6466651069551714,-1.8995298621478343,0.0
0.0,1.0,0.0,-0.9444203371268536,3.7141644386946426,0.0
0.0,1.0,0.0,-3.7346203596966783,-3.450651117716051,0.0
0.0,1.0,0.0,2.5839062161135606,-0.081618225341483,0.0
1.0,0.0,0.0,1.550262975844646,-3.9182004537617567,0.0
0.0,1.0,0.0,-1.424897270920991,3.5773448909002203,0.0
0.0,1.0,0.0,0.15986008750128722,-3.9913409015008705,0.0
0.0,1.0,0.0,1.6930409845640995,-0.17882304987053121,0.0
0.0,1.0,0.0,-1.726513736222735,1.2337999427160415,0.0
0.0,1.0,0.0,0.050980508628001964,3.7351994227828342,0.0
0.0,1.0,0.0,2.1538954916457556,0.39533952232356917,0.0
0.0,1.0,0.0,3.5130477443101054,-0.7443239998097626,0.0
0.0,1.0,0.0,2.195564658567437,2.2974067912060994,0.0
0.0,1.0,0.0,0.9508371780932627,3.400641225121289,0.0
0.0,1.0,0.0,-1.0910923343024148,-0.6812058138876989,0.0
0.0,1.0,0.0,-0.8795697096512773,-3.277293463212488,0.0
0.0,1.0,0.0,-1.7161968385692683,2.9517832980327663,0.0
0.0,1.0,0.0,-0.5925424937139496,-1.0928506350137503,0.0
0.0,1.0,0.0,2.426472609098,-0.1522692130873784,0.0
0.0,1.0,0.0,3.9010361947761982,0.47499882970386764,0.0
0.0,1.0,0.0,3.5814467579933487,-3.154422632673864,0.0
0.0,1.0,0.0,0.3798947244804962,0.5573171323767081,0.0
0.0,1.0,0.0,0.7096246851432024,-3.1773613499713624,0.0
0.0,1.0,0.0,-1.199151658555924,1.1123484375465704,0.0
0.0,1.0,0.0,-3.8434010596145063,-1.5080491626960901,0.0
0.0,1.0,0.0,-0.578319158145943,-3.551487412134061,0.0
1.0,0.0,0.0,-3.329435323715824,-2.5024364189764254,0.0
0.0,1.0,0.0,2.202256921016926,-2.8276073451102457,0.0
0.0,1.0,0.0,-1.3528420844347888,0.2503120680192783,0.0
0.0,1.0,0.0,3.6961776932462636,-3.9133227191710978,0.0
0.0,1.0,0.0,0.5453929748029811,-1.3569270982103792,0.0
0.0,1.0,0.0,0.07413738715235585,-0.9889869027733171,0.0
0.0,1.0,0.0,1.1507876836548707,3.322896647618295,0.0
0.0,1.0,0.0,3.8656142545206045,2.6630683598334075,0.0
0.0,1.0,0.0,2.6747074207826387,-3.4774303018747803,0.0
0.0,1.0,0.0,0.518776678993099,3.4969650799822185,0.0
1.0,0.0,0.0,1.4587480839877953,-3.0025724408511536,0.0
0.0,1.0,0.0,-0.4712209370411262,2.9942802847064094,0.0
0.0,1.0,0.0,-2.42151550993841,3.615824257648738,0.0
0.0,1.0,0.0,-0.7466712919257645,3.1869309839200737,0.0
0.0,1.0,0.0,-1.4858494351030158,-3.0740397114301414,0.0
0.0,1.0,0.0,-2.512780253115775,2.2778379225467376,0.0
0.0,1.0,0.0,2.2216995567590443,2.365156177773935,0.0
0.0,1.0,0.0,-0.4356826099043474,3.020748607159769,0.0
0.0,1.0,0.0,-0.2795767310777988,-3.6249757971469174,0.0
0.0,1.0,0.0,-2.4194442338245716,-0.3443644994640822,0.0
0.0,1.0,0.0,-1.5325802215220463,-3.353757920667749,0.0
0.0,1.0,0.0,-3.263802220373054,-0.29003732129363957,0.0
0.0,1.0,0.0,2.6502251643308394,2.570494869839826,0.0
0.0,1.0,0.0,1.1302768289205156,3.8274196450901785,0.0
0.0,1.0,0.0,-3.081407129541483,1.9012452622418294,0.0
0.0,1.0,0.0,-0.4547691266562772,0.1590672111354463,0.0
0.0,1.0,0.0,-3.99245418322001,2.20212944286361,0.0
0.0,1.0,0.0,-3.827931036603614,-2.9460257339795604,0.0
1.0,0.0,0.0,0.058288715992186546,-0.9417670214240914,0.0
0.0,1.0,0.0,-0.6560650384182836,1.675789392982666,0.0
0.0,1.0,0.0,3.029995489311042,0.6336772565078714,0.0
0.0,1.0,0.0,3.192123212092464,2.7079745054723405,0.0
0.0,1.0,0.0,3.2429027214179795,0.9087892033717955,0.0
0.0,1.0,0.0,-2.128620085250718,-1.296351577844244,0.0
0.0,1.0,0.0,-0.9833731120820408,-3.2775244620960784,0.0
0.0,1.0,0.0,3.7470580977839925,1.2331119500019447,0.0
0.0,1.0,0.0,-1.5608029531342993,1.2044031213792081,0.0
0.0,1.0,0.0,2.702677567238762,-1.3609756893920464,0.0
0.0,1.0,0.0,-0.6386129471057629,0.05880756631991613,0.0
1.0,0.0,0.0,1.842895971461152,-1.6042525166349293,0.0
0.0,1.0,0.0,1.3813690052544203,-3.0808365791380217,0.0
0.0,1.0,0.0,3.2022479965849975,2.2787859376743844,0.0
0.0,1.0,0.0,-0.6526633106591966,0.46136797392066686,0.0
0.0,1.0,0.0,-3.9090422728598604,-0.3856210902490913,0.0
1.0,0.0,0.0,3.493254818214522,-0.21936560801592986,0.0
0.0,1.0,0.0,1.7979738744657077,1.2835485020558242,0.0
0.0,1.0,0.0,-1.269214318019876,2.0659347453230232,0.0
0.0,1.0,0.0,-0.6784885945585586,0.6318253567309728,0.0
1.0,0.0,0.0,-2.8372278279282677,1.7264627322090806,0.0
0.0,1.0,0.0,-2.511448048277776,2.163754989972907,0.0
0.0,1.0,0.0,-0.9469723496584681,1.6520062319417201,0.0
0.0,1.0,0.0,3.2913796101255883,-0.18608141502967346,0.0
0.0,1.0,0.0,0.7363451186524879,2.3099684154811335,0.0
0.0,1.0,0.0,-2.7848808938364558,-2.4357059028097217,0.0
1.0,0.0,0.0,-0.6891618491920948,3.151762361452942,0.0
1.0,0.0,0.0,2.7298793151272474,0.03053372307055735,0.0
0.0,1.0,0.0,-0.8154857812931517,-3.8233019308220344,0.0
0.0,1.0,0.0,3.7117293629968513,-2.8853730501219372,0.0
0.0,1.0,0.0,-1.5773614185143234,3.3741615245765635,0.0
0.0,1.0,0.0,-2.2499523549328986,0.0497518755767663,0.0
0.0,1.0,0.0,0.13718266003474078,1.8507928512012404,0.0
0.0,1.0,0.0,-2.735764535271379,2.3672394356360957,0.0
0.0,1.0,0.0,-0.23455718028755435,3.675306679608883,0.0
0.0,1.0,0.0,1.272042650498875,3.6761835648306276,0.0
1.0,0.0,0.0,1.3604732405784787,2.688023607250784,0.0
0.0,1.0,0.0,0.17668954983352592,-2.389501256557544,0.0
0.0,1.0,0.0,-0.2340801076353003,3.8174701799712176,0.0
0.0,1.0,0.0,-1.3964590932423695,-3.577809282645126,0.0
1.0,0.0,0.0,-0.34539542916442745,3.68972345206483,0.0
0.0,1.0,0.0,0.0917723196748339,-1.6031411226361962,0.0
0.0,1.0,0.0,3.421194607199979,-2.6221717978175407,0.0
0.0,1.0,0.0,-0.8750640700123888,-1.5455227690302964,0.0
0.0,1.0,0.0,3.0171524471410356,-0.9142417473395481,0.0
0.0,1.0,0.0,-2.914984034766107,-1.4592024215740018,0.0
0.0,1.0,0.0,-3.361942015243912,0.10058677429804241,0.0
0.0,1.0,0.0,-0.9443793480818137,3.239471787318541,0.0
0.0,1.0,0.0,-3.096005273771185,3.6080014970632917,0.0
0.0,1.0,0.0,-0.7262118608608663,2.6931766790304783,0.0
0.0,1.0,0.0,2.0361554757309657,3.129894125481959,0.0
0.0,1.0,0.0,-0.6027085319196512,0.12462262226313658,0.0
0.0,1.0,0.0,3.3442585390181474,2.6400022129303276,0.0
0.0,1.0,0.0,2.9275515988061596,-2.931588704159066,0.0
0.0,1.0,0.0,1.3119262803973601,2.7959326636463437,0.0
0.0,1.0,0.0,-3.504551528737001,-3.2692767292639315,0.0
0.0,1.0,0.0,3.2986098891937834,-2.5861365679310317,0.0
0.0,1.0,0.0,-3.199294789668233,1.2884331755721794,0.0
0.0,1.0,0.0,1.2646541503893207,-0.7430230600537637,0.0
0.0,1.0,0.0,0.03036699087298267,-0.0043227697270111776,0.0
0.0,1.0,0.0,2.5283549367529545,-1.5413063609991786,0.0
0.0,1.0,0.0,-0.07596461051281267,3.7814513591303323,0.0
0.0,1.0,0.0,-0.22353821275568286,-1.61234777374482,0.0
0.0,1.0,0.0,-1.3290970285539778,3.3939299638023064,0.0
0.0,1.0,0.0,2.0973608312212297,-2.6935499147803545,0.0
0.0,1.0,0.0,-3.239324087283679,-2.437932591657142,0.0
0.0,1.0,0.0,3.0227474531740457,0.01903130533409314,0.0
0.0,1.0,0.0,1.9961403958860817,2.7577104154019167,0.0
0.0,1.0,0.0,0.8209098715801959,-2.6043774689467574,0.0
1.0,0.0,0.0,-3.661815338591806,-2.946899843077256,0.0
0.0,1.0,0.0,-1.7884394017732888,3.186821843429364,0.0
0.0,1.0,0.0,-3.4460411863959415,-0.34892834433112085,0.0
0.0,1.0,0.0,1.22887300215009,-0.7869228715682208,0.0
0.0,1.0,0.0,1.0065687643443235,-2.1096481289330002,0.0
1.0,0.0,0.0,-0.9280813320433108,0.7346939629736147,0.0
0.0,1.0,0.0,-1.2770259069760561,2.584112923844648,0.0
0.0,1.0,0.0,-0.6919407080236111,-0.40980428307154604,0.0
0.0,1.0,0.0,-3.2644026449498043,-3.824004851568631,0.0
0.0,1.0,0.0,-0.9319962413784353,2.0678414495960435,0.0
1.0,0.0,0.0,-2.017385380702864,-0.6597472116212035,0.0
0.0,1.0,0.0,3.6276711593928246,-1.639574012262269,0.0
0.0,1.0,0.0,1.3540108230028043,-3.1061965630098545,0.0
0.0,1.0,0.0,0.040304091281291754,2.6522900766858024,0.0
0.0,1.0,0.0,-1.7934946643896206,-0.7185043544075711,0.0
0.0,1.0,0.0,1.7936829917743609,-1.668033261414683,0.0
0.0,1.0,0.0,-0.023440259285704812,3.9036066918375765,0.0
0.0,1.0,0.0,-3.6004718888488307,1.311460031124434,0.0
0.0,1.0,0.0,-3.1186674079144456,1.7470195668692998,0.0
0.0,1.0,0.0,-1.27929552252413,-1.2356991735397687,0.0
0.0,1.0,0.0,-1.3443980956980432,3.4787984759473343,0.0
0.0,1.0,0.0,-3.360421475437265,-1.1915390984492245,0.0
0.0,1.0,0.0,0.6133415620578369,0.34178933161883673,0.0
1.0,0.0,0.0,-0.37295054512495174,0.5491472072364418,0.0
0.0,1.0,0.0,-0.1422175328875639,1.4599985522971295,0.0
0.0,1.0,0.0,-0.5003568176029782,3.6585063001475495,0.0
0.0,1.0,0.0,2.1339430148957783,-0.02793590476504182,0.0
0.0,1.0,0.0,3.765022318217543,2.063064137113548,0.0
0.0,1.0,0.0,1.7829824818042965,3.075960955289636,0.0
0.0,1.0,0.0,1.969839304363159,-3.4783302366343225,0.0
0.0,1.0,0.0,1.016032454483394,0.714065066930532,0.0
0.0,1.0,0.0,0.5604597101643813,1.8805386776070288,0.0
0.0,1.0,0.0,-3.0953520560868064,-3.4683817620423376,0.0
0.0,1.0,0.0,-3.8181055610959778,3.6006403884458003,0.0
0.0,1.0,0.0,-1.0281348469434937,-3.2141969935481205,0.0
0.0,1.0,0.0,-2.941172423190463,1.5748456109041866,0.0
0.0,1.0,0.0,-0.7304858514430013,-0.30666388584853,0.0
0.0,1.0,0.0,0.2335014337016874,1.0331022525961187,0.0
0.0,1.0,0.0,-1.1799846484457888,-1.7932639824092327,0.0
0.0,1.0,0.0,-2.973568403650285,0.7739152222547698,0.0
0.0,1.0,0.0,-3.585364121285802,-2.0180329541810815,0.0
0.0,1.0,0.0,-2.5246592327798725,-0.684760609133301,0.0
0.0,1.0,0.0,-0.8851118002607228,2.863702765393671,0.0
0.0,1.0,0.0,-0.5260749697315479,-2.477011563953856,0.0
0.0,1.0,0.0,-0.8404018473956203,3.396716815170162,0.0
0.0,1.0,0.0,0.20913830409736,0.711799585476097,0.0
0.0,1.0,0.0,-3.9502558066378324,0.14999385757435135,0.0
1.0,0.0,0.0,-0.8560743709322578,3.440297081748362,0.0
0.0,1.0,0.0,1.4994684431152177,-1.8140078775596136,0.0
0.0,1.0,0.0,-3.834279448955879,-1.0745677619774465,0.0
0.0,1.0,0.0,-0.5452636544062566,1.9424886042232172,0.0
0.0,1.0,0.0,-2.072298811397931,-0.3996146720330591,0.0
0.0,1.0,0.0,0.34136991024610275,-0.44746228768872154,0.0
0.0,1.0,0.0,2.2920297261370077,0.6998684757492271,0.0
0.0,1.0,0.0,3.135285871448171,-2.2571562023571934,0.0
0.0,1.0,0.0,-1.7196056613580355,-3.7351612399094885,0.0
0.0,1.0,0.0,-2.8099483536928487,1.5353743021480204,0.0
0.0,1.0,0.0,-3.089114103415225,1.205879481642513,0.0
0.0,1.0,0.0,0.8135716821822925,-3.7719423197468727,0.0
0.0,1.0,0.0,-3.3477529873244647,-0.46994732273506035,0.0
0.0,1.0,0.0,0.2324985946057314,-2.6079378432673446,0.0
0.0,1.0,0.0,2.4317870454519337,3.353586391613221,0.0
1.0,0.0,0.0,1.9059089701767817,-3.8966517960532565,0.0
0.0,1.0,0.0,1.7732405862834542,-3.6712114304860046,0.0
0.0,1.0,0.0,-0.15703956024647692,-3.114547265963468,0.0
0.0,1.0,0.0,0.5638233647813014,-3.8852491889388645,0.0
0.0,1.0,0.0,2.9843024898610837,2.89843280681965,0.0
0.0,1.0,0.0,-3.0143134455291065,-0.2077119750197225,0.0
0.0,1.0,0.0,1.7644378245630454,-3.457845163130078,0.0
0.0,1.0,0.0,-2.9595172560741885,3.06398422917563,0.0
0.0,1.0,0.0,1.4723438493441572,-2.0654001431098346,0.0
0.0,1.0,0.0,-2.9115266979549936,0.705498711860387,0.0
0.0,1.0,0.0,2.2808695606914684,2.2796652224092258,0.0
0.0,1.0,0.0,-1.7692526686222605,-3.6718595353080037,0.0
1.0,0.0,0.0,3.9055573408362125,-3.017836796668351,0.0
0.0,1.0,0.0,3.913394074495887,0.6362611974666192,0.0
0.0,1.0,0.0,3.881385526153408,1.9010535463298757,0.0
0.0,1.0,0.0,-1.0956703934372234,-3.573681625876122,0.0
0.0,1.0,0.0,0.42461458647606065,1.529334269513507,0.0
0.0,1.0,0.0,-0.3321838014881635,-3.4519686218765004,0.0
0.0,1.0,0.0,-3.3946863154801132,-2.184140428219864,0.0
0.0,1.0,0.0,3.7255294102078587,1.901250933334226,0.0
0.0,1.0,0.0,1.6408546523241352,3.550302494578739,0.0
0.0,1.0,0.0,-3.0444734002848834,-3.204788662672165,0.0
0.0,1.0,0.0,-3.0188185354340655,-3.6469699589587403,0.0
0.0,1.0,0.0,-3.793419761812282,1.3964580709613221,0.0
0.0,1.0,0.0,-0.28727070966707746,2.380669205930289,0.0
0.0,0.0,1.0,-0.39679886024224764,-1.1461012973831872,1.0
0.0,0.0,1.0,-1.3723929886079578,1.3928273994158182,1.0
0.0,0.0,1.0,-1.3406289910012337,-0.8790037827695381,1.0
0.0,0.0,1.0,-3.2154096773710528,1.1640066746243694,1.0
0.0,1.0,0.0,-3.3627371332729634,-1.2413058336962877,1.0
0.0,0.0,1.0,-3.6634833641873303,3.7990205472582304,1.0
0.0,1.0,0.0,0.7338345887552427,0.7569573848427211,1.0
0.0,0.0,1.0,3.221156700277735,3.72300375667497,1.0
0.0,0.0,1.0,-0.9227911983199713,-1.8768315617585598,1.0
0.0,0.0,1.0,2.083778338235277,3.4338001638697015,1.0
0.0,0.0,1.0,0.29094813478668957,-2.682157867001017,1.0
0.0,0.0,1.0,1.6596902393093274,-3.353671181695418,1.0
0.0,0.0,1.0,3.5012720324296547,-3.1723085198496346,1.0
0.0,0.0,1.0,-0.27841499047849716,3.0177547739799673,1.0
0.0,0.0,1.0,0.6105672780290261,0.32521333049387025,1.0
0.0,0.0,1.0,-3.699846219007499,-2.5553475128521157,1.0
0.0,0.0,1.0,-2.335952689307356,-0.4282516784348349,1.0
0.0,0.0,1.0,-2.0031217696409067,0.23459425513696708,1.0
0.0,0.0,1.0,-3.979527269644568,-0.11153993511608551,1.0
0.0,0.0,1.0,-3.164321177801969,-1.6715277252001632,1.0
0.0,0.0,1.0,-2.2907302970432317,3.4739514626993993,1.0
0.0,0.0,1.0,1.189659772070736,-1.4283454454915239,1.0
0.0,0.0,1.0,2.617041728892688,-2.8237182706083104,1.0
0.0,1.0,0.0,1.5579726910357774,-0.88098799371312,1.0
0.0,0.0,1.0,1.301582572310723,0.034653036608878196,1.0
0.0,0.0,1.0,-3.768931599243838,3.0055885492645746,1.0
0.0,1.0,0.0,-0.5023426503842039,2.7622459739337195,1.0
0.0,0.0,1.0,1.6970513051090368,-2.6378930745929576,1.0
0.0,0.0,1.0,0.9346305278837868,-1.2759637947917684,1.0
0.0,0.0,1.0,-0.07694996990748848,1.490148369205909,1.0
0.0,0.0,1.0,3.798032499558574,-1.4757460985070194,1.0
0.0,0.0,1.0,-1.6718544389724084,-0.5217168892016169,1.0
0.0,0.0,1.0,-0.8750202514565606,3.689319402635518,1.0
0.0,0.0,1.0,-3.0861295209694166,-2.4804667344876474,1.0
0.0,0.0,1.0,1.4279183372817954,3.506725589395776,1.0
0.0,0.0,1.0,-3.758528099448381,1.9113549203907958,1.0
0.0,0.0,1.0,2.284547960992982,3.579672918752837,1.0
0.0,0.0,1.0,2.2173313439206046,-2.733308891789111,1.0
0.0,0.0,1.0,-0.5579829904315421,1.072309305041073,1.0
0.0,0.0,1.0,-1.3339302126188448,-1.0073821659796316,1.0
0.0,0.0,1.0,-1.4551730994820709,-3.466429551047338,1.0
0.0,0.0,1.0,2.4238669716905035,-2.412857281334454,1.0
0.0,1.0,0.0,-3.2711530879126443,-2.417701149809796,1.0
0.0,0.0,1.0,1.1823655307021221,2.4321562905818848,1.0
0.0,0.0,1.0,3.222334877922803,-2.2032952585088035,1.0
0.0,0.0,1.0,2.1262295679247494,0.7224654373945407,1.0
0.0,0.0,1.0,1.419396331301093,-1.4936905857525007,1.0
0.0,0.0,1.0,-1.9175021825720187,0.9608500304950613,1.0
0.0,0.0,1.0,-2.2367487074902064,0.5021129951017258,1.0
0.0,0.0,1.0,-1.610392682371236,-3.910437625609263,1.0
0.0,0.0,1.0,2.2365158245017565,3.223642659586144,1.0
0.0,0.0,1.0,-0.13438271332840923,-3.4798636838242034,1.0
0.0,0.0,1.0,3.388992889291899,-3.237243116124394,1.0
0.0,1.0,0.0,3.0637055996879354,-2.091060941813774,1.0
0.0,0.0,1.0,0.36265582587688616,1.1796496646715662,1.0
0.0,0.0,1.0,0.559736561386468,-0.6459981952064018,1.0
0.0,0.0,1.0,-1.253782121333705,2.4154569519998246,1.0
0.0,0.0,1.0,-2.278048029182485,-0.4356324895997563,1.0
0.0,0.0,1.0,2.797641822297784,-2.4222273449895146,1.0
0.0,0.0,1.0,1.9972364461726162,-0.2049804376280706,1.0
0.0,0.0,1.0,0.5780278150903406,-1.0054432531507995,1.0
0.0,0.0,1.0,-0.2629697112796361,-3.731801479046153,1.0
0.0,0.0,1.0,-0.7513193140707708,3.512926709817867,1.0
0.0,0.0,1.0,-0.6027558524104881,1.30317857037178,1.0
0.0,0.0,1.0,-2.48953669329436,-1.9919890461427494,1.0
0.0,0.0,1.0,3.052324682006847,-1.7635197917002179,1.0
0.0,0.0,1.0,2.250019657705775,-3.115137751526623,1.0
0.0,0.0,1.0,0.7578089835704356,-0.8534360209982825,1.0
0.0,0.0,1.0,-3.0567825096154877,-2.1986026622540322,1.0
0.0,0.0,1.0,-0.5821395823501918,-0.30724046473914246,1.0
0.0,0.0,1.0,0.9036334766664247,-3.649042536507623,1.0
0.0,0.0,1.0,-3.168980600099256,0.1356266170501712,1.0
0.0,0.0,1.0,-3.523447416064717,-0.08208870603965313,1.0
0.0,0.0,1.0,-0.48327471780148556,1.798548411624548,1.0
0.0,0.0,1.0,0.7254223594100235,2.3027982713552007,1.0
0.0,0.0,1.0,-1.2236024139207533,0.9220881863544141,1.0
0.0,0.0,1.0,2.888879378070059,1.8683547862034127,1.0
0.0,0.0,1.0,1.494412273032089,1.2940699623979102,1.0
0.0,0.0,1.0,3.2536427241088512,3.619769371470942,1.0
0.0,0.0,1.0,-2.1298180531322553,2.315879090996325,1.0
0.0,1.0,0.0,-1.2804646134921214,-0.252509753722288,1.0
0.0,0.0,1.0,-0.4055098975287974,0.29308607257579755,1.0
0.0,0.0,1.0,3.376354000913291,1.3899313769495691,1.0
0.0,0.0,1.0,3.017535954701062,0.8985094682342485,1.0
0.0,0.0,1.0,1.58551407851792,0.9213167869312757,1.0
0.0,0.0,1.0,-3.248357946065873,3.595822496015786,1.0
0.0,0.0,1.0,-2.512335072593922,-3.659728481626323,1.0
0.0,0.0,1.0,-2.193310058190457,1.2559939323788205,1.0
0.0,0.0,1.0,2.707457139248576,-1.9725555580080183,1.0
0.0,0.0,1.0,1.0502288390643715,-3.433130670782502,1.0
0.0,0.0,1.0,-0.6777086536250021,3.64105620090165,1.0
0.0,0.0,1.0,0.8232889839083377,-0.8844162113910556,1.0
0.0,0.0,1.0,-1.639561404281106,1.715471826489865,1.0
0.0,0.0,1.0,1.8428968234820413,-1.2261979084441714,1.0
0.0,0.0,1.0,2.8287202317710696,2.638469547657248,1.0
0.0,0.0,1.0,2.9159712543780856,3.0267488043027075,1.0
0.0,0.0,1.0,2.8593901540310513,3.921491842541787,1.0
0.0,0.0,1.0,-2.062121409401996,2.176562544891068,1.0
0.0,0.0,1.0,2.3824799145959403,-3.080657969796416,1.0
0.0,0.0,1.0,0.5182267903987974,2.75372418516039,1.0
0.0,1.0,0.0,-0.9672892403057132,0.030718252652377487,1.0
0.0,0.0,1.0,-0.4093691726564641,-3.9536991394728904,1.0
0.0,0.0,1.0,0.1598606622779597,-0.6170356048833003,1.0
0.0,0.0,1.0,-2.593374547563852,0.4843257753399337,1.0
0.0,0.0,1.0,-3.163886229090193,-3.873499372366985,1.0
0.0,0.0,1.0,-0.2654756648484522,-1.374574347009939,1.0
0.0,0.0,1.0,1.4944805702818158,2.054295366663255,1.0
0.0,0.0,1.0,-2.7339282682491683,1.801203304545182,1.0
0.0,1.0,0.0,1.4555048562630626,2.0264196292561056,1.0
0.0,0.0,1.0,0.9199667108859444,-2.4485204326539103,1.0
0.0,0.0,1.0,0.22259270407156162,0.08866239691296851,1.0
0.0,0.0,1.0,-2.800303802601362,-0.46619822825416257,1.0
0.0,0.0,1.0,2.4858089462611677,2.194636976600507,1.0
0.0,1.0,0.0,-1.2468446848237278,3.1488706608807906,1.0
0.0,0.0,1.0,-0.2606513242546571,-1.89164772346136,1.0
0.0,0.0,1.0,3.0458779341631566,1.7517123856350132,1.0
0.0,0.0,1.0,-0.9396237621464509,-1.5351367912861278,1.0
0.0,0.0,1.0,-1.59287214087772,2.4591869667775095,1.0
0.0,1.0,0.0,2.222323938181993,-0.6816292527276522,1.0
0.0,0.0,1.0,0.1774680602944123,3.749601104309833,1.0
0.0,0.0,1.0,3.0256412502123364,1.503930504510186,1.0
0.0,0.0,1.0,1.102273829978059,-0.8344234632143692,1.0
0.0,0.0,1.0,-2.9109384482992002,-1.122784737162779,1.0
0.0,0.0,1.0,-1.3203881981853236,-1.3681227857334601,1.0
0.0,0.0,1.0,0.4743284532241878,1.485697969486239,1.0
0.0,1.0,0.0,1.857275432969538,3.601994324689888,1.0
0.0,0.0,1.0,2.9447470483993694,-1.8700880524180787,1.0
0.0,0.0,1.0,-1.8377304610739715,2.392610457711167,1.0
0.0,0.0,1.0,3.8584197450960476,2.219799532783137,1.0
0.0,0.0,1.0,-1.9666035856721011,0.1820979440130941,1.0
0.0,1.0,0.0,1.8274038433856221,-2.70050957178268,1.0
0.0,0.0,1.0,3.901459505705126,1.9135673068954793,1.0
0.0,1.0,0.0,-0.6193778900682183,0.26417172579623216,1.0
0.0,0.0,1.0,-1.760484363710776,3.0912125843576783,1.0
0.0,1.0,0.0,3.0863344784335816,-3.463793485856252,1.0
0.0,1.0,0.0,-3.323048958568057,-2.158267115903742,1.0
0.0,0.0,1.0,2.094372345886339,-0.5348353262228098,1.0
0.0,0.0,1.0,1.3964382746003867,2.6372783932731227,1.0
0.0,0.0,1.0,-2.2407870586312093,-1.2511543304328567,1.0
0.0,0.0,1.0,1.9251840549317674,0.7240363450985887,1.0
0.0,0.0,1.0,-1.995898949170284,-2.0655991937045863,1.0
0.0,0.0,1.0,3.4726700447099397,-1.6784140455911105,1.0
0.0,1.0,0.0,-3.991044067611181,-1.845745454894388,1.0
0.0,0.0,1.0,1.8138227761231933,-1.5459510920394477,1.0
0.0,0.0,1.0,-1.0395884797122976,-2.970812245469868,1.0
0.0,0.0,1.0,-1.8459567568991044,1.188178463561778,1.0
0.0,1.0,0.0,-1.2874081333524607,2.064621387350771,1.0
0.0,0.0,1.0,-1.2101814261537243,-2.7769247466279436,1.0
0.0,1.0,0.0,3.6049869117460025,3.294061803268133,1.0
0.0,0.0,1.0,2.5704711254509007,-2.496048845081452,1.0
0.0,0.0,1.0,-2.8028486951416918,-0.9479858290816603,1.0
0.0,0.0,1.0,-3.7603458505318548,3.0884607580893624,1.0
0.0,0.0,1.0,0.8929831665505441,-0.3892688291221251,1.0
0.0,0.0,1.0,-0.7143724691571371,2.4609308015046434,1.0
0.0,0.0,1.0,-0.9315814842903363,0.6252412989578335,1.0
0.0,1.0,0.0,-1.3996158882726544,3.0737256582006225,1.0
0.0,0.0,1.0,0.869114807405345,-2.1253466509401484,1.0
0.0,1.0,0.0,3.6633583985665155,0.8152688545637075,1.0
0.0,1.0,0.0,3.093958890822001,2.4350478532411666,1.0
0.0,0.0,1.0,0.15091197090476616,-3.7681023124688977,1.0
0.0,0.0,1.0,-2.962031742628734,3.0664041924790686,1.0
0.0,0.0,1.0,3.023479176002283,0.047143075335625895,1.0
0.0,0.0,1.0,-0.32519414099173716,3.1512714339807815,1.0
0.0,0.0,1.0,1.7560724160459271,2.3646819403406143,1.0
0.0,1.0,0.0,3.225984563448126,-3.1771932546271096,1.0
0.0,0.0,1.0,1.816128338146168,-3.4386882723520253,1.0
0.0,0.0,1.0,0.3407940141615562,3.287036664426469,1.0
0.0,0.0,1.0,2.707674956490515,3.8368092343011098,1.0
0.0,0.0,1.0,-0.03333465914056788,-0.9107231455537805,1.0
0.0,0.0,1.0,-1.4840932730639684,-3.010249308075104,1.0
0.0,0.0,1.0,1.617138215839299,-3.935120860572095,1.0
0.0,0.0,1.0,3.954783967187523,3.3932424899590883,1.0
0.0,0.0,1.0,-1.6689487965283245,2.4021991983666107,1.0
0.0,0.0,1.0,1.0390345711576163,-1.364081559072548,1.0
0.0,0.0,1.0,0.6725493278238623,-2.0635523622111753,1.0
0.0,0.0,1.0,0.2961516962937871,1.873787241712571,1.0
0.0,0.0,1.0,0.5377695701732765,-3.2669442490424556,1.0
0.0,0.0,1.0,-2.0403989819175763,2.6843105390602773,1.0
0.0,0.0,1.0,-0.1117872642941311,-3.5496359614829176,1.0
0.0,0.0,1.0,3.579680067580183,1.972864347883955,1.0
0.0,0.0,1.0,-1.9569633964217026,-2.0033193357114447,1.0
0.0,0.0,1.0,1.362207441863517,-2.7071133059019976,1.0
0.0,0.0,1.0,0.20101658333147743,-1.40514467399416,1.0
0.0,0.0,1.0,2.529143722672078,-2.239243466681655,1.0
0.0,0.0,1.0,2.7433318379928107,1.674939653661908,1.0
0.0,0.0,1.0,2.634473369758089,0.6146955815613824,1.0
0.0,0.0,1.0,-3.7175576510462376,1.808866522226408,1.0
0.0,0.0,1.0,1.6816518907517084,-1.5726993769944508,1.0
0.0,0.0,1.0,1.0613684402403285,-1.336596353509889,1.0
0.0,0.0,1.0,3.3092197676289006,3.824348878793943,1.0
0.0,0.0,1.0,0.26862119216154934,-1.3168160614543991,1.0
0.0,0.0,1.0,0.39057241292230493,-1.058552101802757,1.0
0.0,0.0,1.0,3.8716394807861825,-2.599138337023172,1.0
0.0,0.0,1.0,-1.395291748364377,1.0999580950998338,1.0
0.0,0.0,1.0,2.0575553276693883,2.5399666588695045,1.0
0.0,0.0,1.0,-2.0536921854308554,-0.1811112990812891,1.0
0.0,0.0,1.0,-0.7985553983173386,-1.3979920456825718,1.0
0.0,0.0,1.0,-0.8791208698139528,3.9208198129197847,1.0
0.0,0.0,1.0,-0.4650133741888265,0.4830689731408615,1.0
0.0,0.0,1.0,1.6596569242634427,2.7895152467489,1.0
0.0,0.0,1.0,-3.806802872998394,3.1740855411191404,1.0
0.0,0.0,1.0,1.8109235611475336,2.2960553416213365,1.0
0.0,0.0,1.0,2.5705870980229575,0.11075318034872339,1.0
0.0,0.0,1.0,-3.017586302704056,-0.36535174664108716,1.0
0.0,0.0,1.0,-3.9032828416871057,3.7985576287945015,1.0
0.0,0.0,1.0,1.3921313806088893,-0.7891577808881873,1.0
0.0,0.0,1.0,2.754563548579503,3.139635045528048,1.0
0.0,0.0,1.0,2.569692696183165,-3.273314764849177,1.0
0.0,0.0,1.0,-3.256189489597463,0.2858990040470406,1.0
0.0,0.0,1.0,0.45518676420948,3.216561775537733,1.0
0.0,0.0,1.0,1.7847676362602805,-0.06937397935959222,1.0
0.0,0.0,1.0,-1.4092012512159018,2.218307429048213,1.0
0.0,0.0,1.0,0.6219518566795417,1.7252572724584478,1.0
0.0,0.0,1.0,-3.1440420177520023,-0.20566124947505848,1.0
0.0,0.0,1.0,-0.12695161152397372,-1.0782344039576275,1.0
0.0,0.0,1.0,0.5872806548382359,-2.8685754059479676,1.0
0.0,0.0,1.0,-0.785276171902888,3.412663512298118,1.0
0.0,0.0,1.0,3.989676653832059,-0.5133355896513132,1.0
0.0,0.0,1.0,2.0901890355183967,2.869722069777774,1.0
0.0,0.0,1.0,-0.8835487924837313,-0.17193470325576232,1.0
0.0,1.0,0.0,-2.6068143118293694,1.6363611521648993,1.0
0.0,0.0,1.0,2.937499817054521,2.7377582337421567,1.0
0.0,0.0,1.0,-3.993747066409318,-1.6468529248976687,1.0
0.0,0.0,1.0,-1.0669568726593477,3.1080777917880784,1.0
0.0,0.0,1.0,2.64643962130188,-3.1617446439476193,1.0
0.0,0.0,1.0,-0.6852882302498413,-2.5694828476647666,1.0
0.0,0.0,1.0,-0.7468505733885422,2.267933166902461,1.0
0.0,0.0,1.0,-3.770195957776295,1.5934046074030457,1.0
0.0,0.0,1.0,-2.9200528619162505,3.067160627051659,1.0
0.0,0.0,1.0,2.2883798500131327,-1.2146902415950667,1.0
0.0,0.0,1.0,0.9610483464503341,2.8100842610594716,1.0
0.0,0.0,1.0,-3.0945687886529134,-3.207780640815839,1.0
0.0,0.0,1.0,0.4276877116486073,-0.8863945227215693,1.0
0.0,0.0,1.0,-3.5503628090954926,3.4605831960973523,1.0
0.0,1.0,0.0,-1.9644537990647217,2.450862217907435,1.0
0.0,0.0,1.0,0.42677005908949184,-3.96796390992823,1.0
0.0,0.0,1.0,2.787406975184486,-3.451186246921166,1.0
0.0,0.0,1.0,-0.30086709903415176,-3.8300633122157244,1.0
0.0,1.0,0.0,1.3684919931062778,1.977468224176028,1.0
0.0,0.0,1.0,-0.09991896106678322,-3.473018299569147,1.0
0.0,0.0,1.0,-3.130096527639889,1.5394370380588072,1.0
0.0,0.0,1.0,3.2594319617531475,2.6651755391505327,1.0
0.0,0.0,1.0,1.8088719869319192,-0.8333551590370227,1.0
0.0,0.0,1.0,0.01257788406176541,3.1145981335152095,1.0
0.0,0.0,1.0,-1.8278524453710503,0.1621065512997557,1.0
0.0,1.0,0.0,3.9970921890734985,2.1936517915595966,1.0
0.0,0.0,1.0,0.016295141146996706,1.1374499243298954,1.0
0.0,0.0,1.0,-3.8654620923961804,-3.809538420216949,1.0
0.0,0.0,1.0,-3.79633528023436,3.1035306479545683,1.0
0.0,0.0,1.0,1.614320672910745,2.911873934327212,1.0
