cat_core_1,cat_core_2,core_1,core_2,noise_1,noise_2,target
1.0,0.0,0.4259774888516723,0.6268630969120055,0.3684654498762081,0.3458376529280023,1.0
1.0,0.0,0.3593206236906748,0.6034296502247368,0.42782211498321454,0.12392676591258778,1.0
1.0,0.0,0.28406156072096916,0.7709291029226267,0.4959062952990676,0.4551558768046723,1.0
1.0,0.0,0.5630721020915884,0.663183786535803,0.442564977172989,0.11843996136051649,1.0
1.0,0.0,0.43928373695415285,0.7779050898162746,0.06369037340468131,0.36202157086573244,1.0
0.0,1.0,0.25156447874692195,0.656650244755996,0.4710014534206032,0.39944038155263256,1.0
1.0,0.0,0.4112317784358998,0.8387269066992333,0.5695487189120011,0.2508876451618782,1.0
1.0,0.0,0.3435635704913549,0.6699108244199372,0.4379474001843727,0.8603652401947981,1.0
1.0,0.0,0.4920481041274051,0.6455354244267577,0.38882000006676437,0.48640857648113056,1.0
1.0,0.0,0.4048194292098021,0.4527343372709379,0.2814705805821749,0.7832081973457485,1.0
0.0,1.0,0.26311687746991924,0.5147083991676367,0.8014121528581339,0.7916255805302785,1.0
1.0,0.0,0.2956518618870743,0.7261772205362518,0.4057656166121643,0.5069621002340828,1.0
1.0,0.0,0.3079054786024549,0.5785733143792655,0.7030628966247604,0.7969185566054229,1.0
1.0,0.0,0.3239479117512152,0.487304660985361,0.40748154539949927,0.6955624330013344,1.0
1.0,0.0,0.3962645792251797,0.6500145597643037,0.533991264173969,0.5756568126489134,1.0
1.0,0.0,0.3497834412331877,0.7080173618032337,0.793882267581642,0.9867668043205793,1.0
1.0,0.0,0.3375638425089277,0.7437359995706534,0.47560752096458103,0.864735431434754,1.0
0.0,1.0,0.5035983143861361,0.7884751183397848,0.7621773705401689,0.17039913796328787,1.0
1.0,0.0,0.4795607861889601,0.68236725037387,0.09048866619858686,0.33450870089407003,1.0
1.0,0.0,0.4675258256527258,0.7511710626167378,0.8577887909976779,0.7078597843140045,1.0
1.0,0.0,0.2974852266244339,0.5303062641303448,0.4009615482803712,0.40543941642682924,1.0
1.0,0.0,0.41884038855628164,0.7027343793273824,0.41693093438686235,0.9472097357353266,1.0
0.0,1.0,0.4691572347069051,0.6328625066166278,0.38735060832019486,0.06342302876196743,1.0
1.0,0.0,0.46526437174286767,0.6982748917338866,0.8815617099348834,0.5332992713221937,1.0
1.0,0.0,0.44310375870749547,0.6466263904302192,0.9945127098507607,0.08114489486797705,1.0
1.0,0.0,0.26030721800439055,0.6853072215462376,0.9021484645130461,0.6338633630022107,1.0
0.0,1.0,0.3308930991842166,0.6486904735650189,0.6296747546284152,0.6149539233981507,1.0
0.0,1.0,0.48659623711382227,0.7206407947462321,0.17998505567093087,0.9326221352900325,1.0
1.0,0.0,0.5088716936620605,0.6466514026458112,0.7089424501331627,0.8610736290176921,1.0
1.0,0.0,0.43253392079038544,0.6527508919036856,0.8030719468105991,0.44177000718419124,1.0
1.0,0.0,0.4441980089411567,0.7544337270859572,0.2651337688912696,0.21723832854247288,1.0
1.0,0.0,0.4599317913712216,0.7552253893006352,0.9530460965302098,0.3326066229475485,1.0
1.0,0.0,0.5445229624840783,0.6849104555067163,0.09301358920024028,0.5981529662091575,1.0
1.0,0.0,0.452093970224265,0.721662301491935,0.9288403563231965,0.9761227298589792,1.0
0.0,1.0,0.439055366044032,0.640476199519799,0.33283003145925927,0.32439993371927284,1.0
1.0,0.0,0.45335693664300586,0.7307531910469586,0.6511369344754042,0.5729075831196883,1.0
1.0,0.0,0.294626040878714,0.725211567979317,0.036782086714393425,0.5027912950718103,1.0
1.0,0.0,0.3675619195549421,0.5492764879469929,0.32995358850574685,0.007538681663990576,1.0
1.0,0.0,0.3373777670415441,0.7656689593783763,0.6857861476674665,0.8820369121582036,1.0
1.0,0.0,0.23431545721725316,0.8293486439388573,0.915917524168021,0.9118226717748987,1.0
0.0,1.0,0.3105592307892209,0.6750764964076195,0.4837797940954793,0.11017691381974709,1.0
1.0,0.0,0.451365852889595,0.5399082619854106,0.6893319575974307,0.3385515558188973,1.0
0.0,1.0,0.46619358140196665,0.7218606790709056,0.9487640813140643,0.04445976985512795,1.0
1.0,0.0,0.29584444631417944,0.6991491135611013,0.855723650677548,0.5513946347639674,1.0
0.0,1.0,0.3584117580642503,0.6432925894933368,0.8932859732521616,0.20944204606631833,1.0
1.0,0.0,0.34698381620619845,0.740074673760156,0.97885133583826,0.9434487845453354,1.0
1.0,0.0,0.3131948968326085,0.6033600664599169,0.12154865397908438,0.6911782365512926,1.0
1.0,0.0,0.4130402148060942,0.8154989577784255,0.2319086007188096,0.5424176764130115,1.0
1.0,0.0,0.34717781756656496,0.6417596930285233,0.4040995367122346,0.5150616907026756,1.0
1.0,0.0,0.49001579207560986,0.7732494367759248,0.4668168406657439,0.3721402193936978,1.0
1.0,0.0,0.4311661175215061,0.7076266313860904,0.30917419583072936,0.9615774038247429,1.0
1.0,0.0,0.5010223586000826,0.657781688916439,0.21462176702912344,0.6439442837929217,1.0
0.0,1.0,0.27848231649356303,0.6970899158143332,0.33384663991387736,0.7731744728815914,1.0
1.0,0.0,0.40526310660001513,0.7357657881838697,0.1461746345208802,0.8476265130342497,1.0
0.0,1.0,0.27190050084208417,0.6143854312221463,0.08061087811308643,0.26909972614857647,1.0
0.0,1.0,0.37279864110113314,0.7473889918701546,0.7649001698066396,0.803488873365739,1.0
0.0,1.0,0.36713603826860863,0.6309939412311187,0.15081009777569643,0.2343057110388354,1.0
1.0,0.0,0.4178851868390213,0.7462030885077235,0.7455363837546397,0.1722696558520344,1.0
1.0,0.0,0.40657864862628773,0.6431564732666027,0.3666089647546411,0.704061890992511,1.0
1.0,0.0,0.31488042882731976,0.6918439946131036,0.9510333534683846,0.9415515882240468,1.0
1.0,0.0,0.30974606892442713,0.7175620367027213,0.715717958509683,0.12054677984242473,1.0
0.0,1.0,0.0,0.6700150627087513,0.14128869276494305,0.9485486148288556,1.0
1.0,0.0,0.5861519144364543,0.685224470962149,0.39115075609715305,0.9641729222161632,1.0
1.0,0.0,0.48048076757000835,0.6061184666349823,0.029389538685703542,0.787945241991941,1.0
1.0,0.0,0.33106334333284654,0.5832930930085017,0.06551694162753624,0.8558722149872845,1.0
1.0,0.0,0.44011794400371484,0.7012092474641262,0.5440695951663658,0.1425732520188977,1.0
1.0,0.0,0.5471871429381695,0.7412483704971341,0.9631104313737111,0.4295848002297881,1.0
1.0,0.0,0.239029851168177,0.824703786859305,0.3382603770378916,0.77989727915794,1.0
0.0,1.0,0.42456428258309525,0.7481827134521707,0.12632910722229895,0.010835942872089332,1.0
0.0,1.0,0.22610816289609265,0.6734193727519266,0.49320719933390256,0.4590961121221057,1.0
1.0,0.0,0.3934626657030299,0.7167906675854315,0.5186992682658357,0.1190493006426459,1.0
1.0,0.0,0.5646879933690269,0.5950932845759943,0.2913227229552112,0.9496842488069518,1.0
0.0,1.0,0.4954733580082736,0.7647385593084091,0.8851525729450513,0.8756005491553236,1.0
1.0,0.0,0.20601776506807762,0.6522574515353932,0.7064573785189122,0.3120707678319554,1.0
1.0,0.0,0.32701668660764427,0.7553343250382466,0.37383580232004543,0.2672906305064172,1.0
0.0,1.0,0.24219034953884822,0.7045681688158696,0.12885212217684433,0.8310753167765019,1.0
1.0,0.0,0.40774825090596434,0.6075565784209531,0.5858407899561766,0.5739263015350978,1.0
1.0,0.0,0.3802716976535115,0.7068586575047239,0.7830657686888766,0.6014539046339282,1.0
1.0,0.0,0.24611804206290278,0.7007600372057803,0.2592658447502343,0.0775929272886477,1.0
1.0,0.0,0.5023849641984215,0.7453245151510102,0.2528664750363707,0.5436731192883569,1.0
0.0,1.0,0.33972645085305964,0.6779554575244886,0.8954927725206567,0.6524542094380004,1.0
1.0,0.0,0.27526064163651887,0.8055663021293316,0.45181904370041726,0.14940395054777622,1.0
0.0,1.0,0.42141770521708444,0.8135237555331789,0.1762383176747459,0.47594260766888297,1.0
1.0,0.0,0.45010696631065905,0.703623906583551,0.6998778309622211,0.6553922288208541,1.0
0.0,1.0,0.3793111798527514,0.6765421005105158,0.39676411028152736,0.7317268573048091,1.0
1.0,0.0,0.19373052381624356,0.6953961630370072,0.13122659457741842,0.45198333487966025,1.0
1.0,0.0,0.30640854044136473,0.7040335081111799,0.6310353303477843,0.40310627989423586,1.0
1.0,0.0,0.36437405137464063,0.6718652405744919,0.2265280572834295,0.3117280645075776,1.0
1.0,0.0,0.42741462186022994,0.680016270565862,0.5297448521760486,0.6571792475282637,1.0
1.0,0.0,0.3381599945368907,0.4817419081678753,0.8995156461969648,0.34755451413396243,1.0
1.0,0.0,0.3965011338198773,0.7204724638174054,0.14676717954203583,0.432100937468476,1.0
1.0,0.0,0.24134420559792685,0.6806946509716137,0.45925560110564423,0.926933280482905,1.0
1.0,0.0,0.2596212688479298,0.5753785170298459,0.03317250008848793,0.6874894985576437,1.0
0.0,1.0,0.36308787700822065,0.5954528069374946,0.2957107874615852,0.2352875360685348,1.0
0.0,1.0,0.3761279130911565,0.5913937872915723,0.18681370235944472,0.8568659832558585,1.0
1.0,0.0,0.43901941114782084,0.6888066342774934,0.048326757821691935,0.8613533658921396,1.0
1.0,0.0,0.276821544433661,0.7235760932122928,0.43628407559931665,0.22203231614915508,1.0
0.0,1.0,0.2920482105177572,0.6234366070873294,0.30626384650665095,0.5227822107247979,1.0
1.0,0.0,0.3290995776998005,0.7134920054493156,0.9509624386627428,0.009744552699148978,1.0
1.0,0.0,0.49399706068911725,0.6033707677852299,0.8050121653415587,0.7479621884205907,1.0
1.0,0.0,0.4000777711044493,0.7683908252368513,0.24221976462667683,0.9723735062833936,1.0
1.0,0.0,0.32820639202000135,0.563764495535201,0.9444320313313768,0.3130840249843154,1.0
1.0,0.0,0.47103844883901413,0.60208078478237,0.44836097825389026,0.4621962878761176,1.0
1.0,0.0,0.409291200248016,0.7452324870885271,0.8687056708185366,0.1924751666170869,1.0
1.0,0.0,0.3304703029454868,0.5084231159126216,0.9460635136772257,0.2924974215478138,1.0
1.0,0.0,0.3982321748748111,0.613949556927994,0.9295129330855283,0.6952069077964975,1.0
1.0,0.0,0.18881730822667003,0.6803017887038645,0.7845794346213699,0.7969933613074933,1.0
1.0,0.0,0.32416017690410437,0.5364459470787113,0.8320671691464094,0.020865512310327072,1.0
1.0,0.0,0.21031508128529242,0.7385625845786156,0.37815168812292754,0.9319893284043654,1.0
1.0,0.0,0.4315692584821351,0.7610644617204301,0.4079764196533636,0.45693985268256443,1.0
0.0,1.0,0.4880301775248309,0.7481996134219808,0.10448983262060879,0.6510836963310302,1.0
1.0,0.0,0.32590449464380555,0.685772091794209,0.6286586557407832,0.7320071170519693,1.0
0.0,1.0,0.36301267929067504,0.6903008350645958,0.2652860228384324,0.7750408956114028,1.0
1.0,0.0,0.3139816810632894,0.6440436418261184,0.32491133406295225,0.7762362862355512,1.0
0.0,1.0,0.4132932128491782,0.6697373843322205,0.1370823541916859,0.7867910006454994,1.0
0.0,1.0,0.5092578927481924,0.7398512367671712,0.03702809969626952,0.8616532511343626,1.0
1.0,0.0,0.39713004348917147,0.7053940449663685,0.9272237097212386,0.7228367099441746,1.0
1.0,0.0,0.3428968406017613,0.6494716382300952,0.7905425795405483,0.37097132275014166,1.0
0.0,1.0,0.21629515232709767,0.6858219740004958,0.4122996988948858,0.181349059768943,1.0
0.0,1.0,0.3251629513272658,0.8111945821755975,0.8409966202345387,0.0893301889884246,1.0
1.0,0.0,0.39001787228645124,0.5878928440813138,0.9998600690268538,0.45992820230888676,1.0
1.0,0.0,0.49711003114074276,0.7278605010695982,0.9504712842762344,0.7052254510700888,1.0
1.0,0.0,0.3689782932497738,0.5821590191243633,0.6791143827440324,0.09119861672560176,1.0
1.0,0.0,0.20976752390469122,0.6065513722821876,0.6438032705299044,0.25518642606426434,1.0
1.0,0.0,0.28739967063701466,0.6328822945330107,0.6200910610744751,0.46143303805966607,1.0
0.0,1.0,0.4156120828236134,0.5183339711235407,0.7815106914642596,0.07337173259588825,1.0
1.0,0.0,0.40551773791799384,0.6035719914618914,0.175840301104484,0.12096289503858004,1.0
0.0,1.0,0.3641217777062808,0.624580874878322,0.8975533389993551,0.5403799670989582,1.0
1.0,0.0,0.31918497230101095,0.5060333824478301,0.08414508817008787,0.11562980526255134,1.0
1.0,0.0,0.5171729648054184,0.6214539493391528,0.3609658456768198,0.3325231445532085,1.0
0.0,1.0,0.4306330741916271,0.6963525448491992,0.03131334618560644,0.12106299462006243,1.0
1.0,0.0,0.36453440724842323,0.7001465345639999,0.7967361571308396,0.06791759742198594,1.0
1.0,0.0,0.2734939036920183,0.6408929897816149,0.1939419334693706,0.16027750536100965,1.0
0.0,1.0,0.3023053698482174,0.6998862741820457,0.6132886575086695,0.1878287428100323,1.0
0.0,1.0,0.22329387254207916,0.6942611819459513,0.020595215522988708,0.15827104953685234,1.0
0.0,1.0,0.3363011204288635,0.7709494426687853,0.06444341977261353,0.5572776848776433,1.0
1.0,0.0,0.3562556454305686,0.6406638955985081,0.5964240312917661,0.8362851340920529,1.0
1.0,0.0,0.18874170250023037,0.6199571817371421,0.5397812724448936,0.18894665871801858,1.0
1.0,0.0,0.4028761374497296,0.7449035099480583,0.06820880237812221,0.037774785834130464,1.0
0.0,1.0,0.3088644176904199,0.577240333824814,0.46179666015200804,0.5018945810330797,1.0
1.0,0.0,0.20048298592619995,0.9639726017971589,0.05828070224159987,0.43342838127871436,1.0
1.0,0.0,0.45014892568420656,0.6647774180268792,0.18837560528039182,0.38508782774097294,1.0
1.0,0.0,0.3169487058027234,0.7348105485556231,1.0,0.4969120138599641,1.0
0.0,1.0,0.3205921314355382,0.5045732313986017,0.3114588890764868,0.07085624602815849,1.0
1.0,0.0,0.2966206066692526,0.7371305420960673,0.06098425944880603,0.399687811179964,1.0
1.0,0.0,0.373178670559259,0.6477513083743069,0.2928068501554895,0.1104865392386658,1.0
0.0,1.0,0.19581476291732264,0.6936490687400602,0.5515889819393058,0.5146619782429641,1.0
1.0,0.0,0.5449932426143894,0.7353911404746621,0.10751146265064199,0.6168677934035282,1.0
1.0,0.0,0.3468281284363804,0.572229431755384,0.0015115307506508024,0.8568127660670806,1.0
1.0,0.0,0.4040710743292577,0.6222893957385952,0.6962308388559244,0.012911611841718684,1.0
1.0,0.0,0.3514486124237548,0.8275413688752609,0.5813838788279586,0.9083068255506321,1.0
0.0,1.0,0.32323156553346066,0.6294113209976328,0.623101916276676,0.578416910838145,1.0
1.0,0.0,0.33907282926717613,0.68911845130543,0.4803501380113763,0.1920137967036279,1.0
1.0,0.0,0.2618464679657087,0.5743755133276192,0.9183846130308264,0.8601270442145147,1.0
1.0,0.0,0.2549665788966633,0.692038060349383,0.14845847835953824,0.41870203881040174,1.0
1.0,0.0,0.30270236068771994,0.7293972664775865,0.8701206335067171,0.6181317229176804,1.0
1.0,0.0,0.4614846433857312,0.8204713280461955,0.7082262144059192,0.59390001930379,1.0
0.0,1.0,0.2643620406345942,0.6866327810520119,0.35804054954612,0.8462394858080758,1.0
0.0,1.0,0.3612886389706572,0.517503369585541,0.17283140877554032,0.5818425531901537,1.0
0.0,1.0,0.4043334225609052,0.5172749197790371,0.2006751731086781,0.9780613878672304,1.0
0.0,1.0,0.26398444843525504,0.6306228586811521,0.6512161016309691,0.10821288199631252,1.0
0.0,1.0,0.3634838630748869,0.7218658535725558,0.2969169438168153,0.6652698893698916,1.0
0.0,1.0,0.36853349615073683,0.7668547485415199,0.4058789001148415,0.3347320425796828,1.0
1.0,0.0,0.2652801480279914,0.6252427514647657,0.7580122051126108,0.7382069905917353,1.0
0.0,1.0,0.20965497704435,0.6496315942769064,0.2878606955715368,0.8949641214064775,1.0
1.0,0.0,0.3823418860121166,0.7320077419948707,0.32325969537369825,0.5547426488365556,1.0
1.0,0.0,0.40070565323689045,0.8217420143866988,0.7536819603284888,0.957765931872537,1.0
1.0,0.0,0.4476771654863928,0.5638874086085809,0.19887285956756512,0.6207453086165339,1.0
1.0,0.0,0.33591617021144726,0.6774999330111201,0.2102297961356987,0.9320900273755495,1.0
1.0,0.0,0.40428925788815595,0.7168153807126636,0.1904102938069112,0.9478648943490355,1.0
1.0,0.0,0.2939469670097007,0.7006425374127072,0.17024315800516882,0.8179901614312868,1.0
1.0,0.0,0.589701706620894,0.5956757424842882,0.8658832481517815,0.37619791277654974,1.0
0.0,1.0,0.46538206918523706,0.6083477438586475,0.2561716188317491,0.6644167617292869,1.0
1.0,0.0,0.4335024480452861,0.6106421362830712,0.408244167634235,0.37385163231546525,1.0
1.0,0.0,0.25096851110604873,0.5884803069417974,0.7661869199620481,0.5912682732545197,1.0
0.0,1.0,0.2444230267732066,0.7347955610638692,0.7698686635600731,0.2663000723806631,1.0
0.0,1.0,0.37685214131577605,0.6878933112240675,0.9168180305280577,0.2964936037434225,1.0
0.0,1.0,0.395383268677321,0.6472418245492977,0.5247502280192382,0.29636298892320295,1.0
1.0,0.0,0.49610259153119723,0.6426885853330061,0.3006272013236382,0.8735650169621805,1.0
1.0,0.0,0.39560888433482627,0.6179651197379665,0.2715900860743839,0.5088495376348383,1.0
1.0,0.0,0.5125522198196238,0.6186026894144999,0.5991239221576419,0.2797032840989511,1.0
1.0,0.0,0.5570047118424508,0.6438734774796804,0.8615750851846309,0.23325975448965086,1.0
1.0,0.0,0.2934414778285689,0.6784049153350056,0.6600428088705989,0.06389727747850166,1.0
1.0,0.0,0.26750519340057366,0.5730535855132024,0.8641057984947418,0.10035996379751921,1.0
0.0,1.0,0.28249785056430204,0.6947929841927465,0.8297781773772517,0.13466571095460955,1.0
1.0,0.0,0.40375984189770514,0.726871132916314,0.3738748966221885,0.07099913645723571,1.0
0.0,1.0,0.5183541817220563,0.6363778770118778,0.39743640862453866,0.1442419116146666,1.0
1.0,0.0,0.5358670273830328,0.760949943557025,0.09170983551657691,0.6185666450469991,1.0
0.0,1.0,0.21534639130949745,0.7076832603473339,0.8713079881619319,0.28221218753929106,1.0
1.0,0.0,0.393625042407363,0.7511532182652596,0.6723866409097369,0.05568568995916534,1.0
1.0,0.0,0.40307748829931195,0.7432271326038846,0.18450831307226534,0.4237400976109031,1.0
1.0,0.0,0.3453338467938294,0.8138177644793297,0.3895922890332756,0.1887487176554194,1.0
0.0,1.0,0.3404672245409096,0.6260492805191028,0.5187305756677462,0.6801934316501106,1.0
1.0,0.0,0.3131966838041266,0.6463110515517877,0.33892631200546897,0.5367306363910911,1.0
0.0,1.0,0.4180194376029074,0.6741672852441835,0.6768728282358096,0.9328691050873166,1.0
1.0,0.0,0.3363397191685551,0.7273545288784872,0.9876778159789243,0.9984964470294775,1.0
0.0,1.0,0.3157030259136421,0.8428135349554313,0.8665393395586595,0.9517697190525503,1.0
1.0,0.0,0.4375901990377589,0.6832374306669966,0.27980815026285577,0.21424188584434034,1.0
1.0,0.0,0.4244479246121062,0.7221295563852259,0.5139699800962366,0.8974909607069659,1.0
1.0,0.0,0.3998961987109578,0.7657112080932875,0.843209330880798,0.3038896857999568,1.0
1.0,0.0,0.31591502451261844,0.6559196508862295,0.2071160465132008,0.049545743650397545,1.0
1.0,0.0,0.3734289626655899,0.6687568915723512,0.29673394586096813,0.9838124096488585,1.0
0.0,1.0,0.2048826486409147,0.6968964217926502,0.8236839478567383,0.5590972305286876,1.0
1.0,0.0,0.4512959347956497,0.6447191838501045,0.4311664696785899,0.22296655958889144,1.0
1.0,0.0,0.49328606958553095,0.6305262264543214,0.15835293141937118,0.29506811578343317,1.0
1.0,0.0,0.3316875959723561,0.8219018878314717,0.9481021164246235,0.1486899423577085,1.0
1.0,0.0,0.47383828862014893,0.7646793976244307,0.5028306463345575,0.618733793584648,1.0
1.0,0.0,0.14719103128809213,0.586085037014606,0.35585658748183674,0.04943085142349746,1.0
1.0,0.0,0.3351647301005899,0.6752297255615058,0.7480223964652886,0.4128835125423769,1.0
1.0,0.0,0.3962617882371232,0.5571430862198659,0.431568929032707,0.4027447530958985,1.0
1.0,0.0,0.4856644667648599,0.6513737859815629,0.5837068607562674,0.35020988085514826,1.0
1.0,0.0,0.3661415588223209,0.6996552832638289,0.3564540207227066,0.6316876246492668,1.0
1.0,0.0,0.28068273505898406,0.7566615569617654,0.32837161643864166,0.1396118498565308,1.0
1.0,0.0,0.3107541557310099,0.7363279562505631,0.6426336421883455,0.6315293438713927,1.0
1.0,0.0,0.37529781762145864,0.6454183519214481,0.30519837613497164,0.7698198807093442,1.0
1.0,0.0,0.4059350338540251,0.6657941391518233,0.7770114760654604,0.644563748172842,1.0
1.0,0.0,0.24250034960464723,0.6965663730470723,0.18055021125940696,0.24129311079783333,1.0
1.0,0.0,0.41679244165145884,0.6609839366550285,0.482194600501346,0.6068028700371837,1.0
1.0,0.0,0.17038725135005733,0.7224606919218189,0.4803951868417526,0.2822402827254292,1.0
1.0,0.0,0.32344630166587557,0.7031572574896499,0.5166041949490586,0.7068546018657965,1.0
1.0,0.0,0.4608138983412437,0.6840851885655639,0.4472583212069097,0.4768330172599286,1.0
1.0,0.0,0.21752636949481252,0.8044664575412226,0.8196640222624008,0.19903304292136664,1.0
1.0,0.0,0.40933745954898415,0.5560064056732678,0.16230819976233501,0.8546771265527395,1.0
1.0,0.0,0.21396190515955804,0.7104332831785566,0.8629562185230903,0.795771295485958,1.0
1.0,0.0,0.46435949042259456,0.5193043372563014,0.35014209884025993,0.2638876255318512,1.0
1.0,0.0,0.3457659288960966,0.763326382352036,0.4250716455044131,0.7515444563881674,1.0
1.0,0.0,0.3829474582798419,0.7141514938104874,0.3712072934652191,0.1744432187668053,1.0
1.0,0.0,0.48883807867553036,0.7321796839311001,0.5009061516869784,0.22883833158590178,1.0
1.0,0.0,0.3732645044586758,0.6812978475767186,0.8969380938779964,0.5565886468178576,1.0
0.0,1.0,0.3014703921629603,0.7230882438785382,0.5402676879766862,0.0993496276505163,1.0
1.0,0.0,0.3548927391107101,0.7200399313154073,0.7774906570252937,0.0018914030702349427,1.0
1.0,0.0,0.3612651035373212,0.6285256212898597,0.9154551379589136,0.285264330042743,1.0
1.0,0.0,0.5842242163255557,0.6453724846735186,0.34230605547612625,0.17418414735264504,1.0
0.0,1.0,0.477992523022481,0.7420532180596198,0.52136949641951,0.05012852531710438,1.0
1.0,0.0,0.3855732683353891,0.7191480762439607,0.6424478169688861,0.6717366499011341,1.0
1.0,0.0,0.5880983865237517,0.5804424006884501,0.8664475440715562,0.9357673378141927,1.0
0.0,1.0,0.4204015270338334,0.9213325862637651,0.7706625878015815,0.39602873380307513,1.0
1.0,0.0,0.5117463719085588,0.6863917291741838,0.19298997961030862,0.597117623828067,1.0
1.0,0.0,0.32291529125229285,0.47349296223263726,0.3702985372399483,0.02483890490875812,1.0
1.0,0.0,0.3498122075847412,0.63785501841934,0.7218388950410681,0.9988062163122331,1.0
1.0,0.0,0.4231894232936319,0.5603501094529246,0.002272841595143127,0.8192095871611651,1.0
1.0,0.0,0.3366416655396608,0.8172875853761727,0.9230870264233053,0.475135735110561,1.0
1.0,0.0,0.4194349589356554,0.5312113932258361,0.7400337935488301,0.2998486946235025,1.0
0.0,1.0,0.35848104021853006,0.6028235177789381,0.8128983674144634,0.9749545804518103,1.0
1.0,0.0,0.47475783211105743,0.6507096505140261,0.033605145767528544,0.2612732566977936,1.0
1.0,0.0,0.4223185454020111,0.6932535898159009,0.9676769278877033,0.7086284202993189,1.0
0.0,1.0,0.5897738767829324,0.6908745184650066,0.9858828493440079,0.8052853140500915,1.0
1.0,0.0,0.3608688147635139,0.6044052066966923,0.42591653065468105,0.9949435372570297,1.0
1.0,0.0,0.46312154242523695,0.7912805511753545,0.4376456245145015,0.28129400447767594,1.0
0.0,1.0,0.3482173437235454,0.6103982491583325,0.7512738641213275,0.04127015492149372,1.0
1.0,0.0,0.41460897090587945,0.7078468326723338,0.7019489228848333,0.9174349514416476,1.0
0.0,1.0,0.3435162069421076,0.7971527610123468,0.33186285464286186,0.8649629192091373,1.0
1.0,0.0,0.4069204070687495,0.7412018474037414,0.35781491261982423,0.40578455219653337,1.0
1.0,0.0,0.18673066290554569,0.5479126053050697,0.9832637661092702,0.8287361348101268,1.0
1.0,0.0,0.26719177199817246,0.6538903131901648,0.8610819043068434,0.9153463455215658,1.0
1.0,0.0,0.4733010427561249,0.6538331137695597,0.871313307168164,0.9401017824255381,1.0
1.0,0.0,0.4862853184997262,0.6843222570548538,0.10790179060656513,0.01599137962013264,1.0
1.0,0.0,0.5998829208460849,0.6577372594722923,0.025005382578906277,0.6526971389850504,1.0
0.0,1.0,0.39668625762780907,0.6540725478585394,0.4071847177390666,0.10912065840890345,1.0
0.0,1.0,0.2650336895673842,0.710773735937157,0.7451492606143062,0.36107075411048906,1.0
1.0,0.0,0.4256833749234107,0.6573171582556139,0.4378168438925752,0.21486792374399072,1.0
1.0,0.0,0.39791660835850956,0.620975173685999,0.3521521077706322,0.08686882388926676,1.0
0.0,1.0,0.37640951526921995,0.7653812105532627,0.6229503368263809,0.38068289699664326,1.0
0.0,1.0,0.4386061749100397,0.5076566137939352,0.9515519180627647,0.19212924164713618,1.0
1.0,0.0,0.3470815256633738,0.6514375199755824,0.2054167479555854,0.5194929720269288,1.0
1.0,0.0,0.18195550312143322,0.7387957392875634,0.32094475697761626,0.9203135838748975,1.0
1.0,0.0,0.4230230718983451,0.6446598520485286,0.4977948827503289,0.9207777415339846,1.0
1.0,0.0,0.5518148388665031,0.6300572118081929,0.16136265518436022,0.43443395192177375,1.0
1.0,0.0,0.41196914750644487,0.6546084252462065,0.670308711752059,0.1834611004608696,1.0
1.0,0.0,0.44280911088163866,0.6754861499367093,0.6557383165343135,0.4604408151362528,1.0
0.0,1.0,0.23141247469233078,0.6572034390756822,0.33045954670846794,0.1135296971522351,1.0
1.0,0.0,0.4138647474968009,0.5347796491828599,0.42320202487862024,0.2687821906482174,1.0
0.0,1.0,0.3133763058613595,0.6475984801728477,0.8645454326612565,0.45966386405882254,1.0
1.0,0.0,0.2581648694510482,0.5797249670428695,0.6571368474130367,0.1729353709624148,1.0
1.0,0.0,0.3517298467089306,0.6472976127476598,0.3666621568079768,0.3348841944158272,1.0
1.0,0.0,0.5156350629559842,0.5461876017327618,0.9220997017866994,0.998448015807206,1.0
1.0,0.0,0.2299341603485086,0.6858281943773371,0.32976843190156363,0.4901825112164985,1.0
1.0,0.0,0.34289590369989775,0.6399713266384778,0.4864070352436931,0.01953231712551723,1.0
0.0,1.0,0.3728240489848145,0.7762091354070004,0.994847650531443,0.5840661807628786,1.0
1.0,0.0,0.3688842486409469,0.7081087713209981,0.47274748418319273,0.18907851773022044,1.0
1.0,0.0,0.4468314363109702,0.49879659623381745,0.3826718311890168,0.5899832668022492,1.0
1.0,0.0,0.13954229315194444,0.7156913571433425,0.35219226145458526,0.6720522532113706,1.0
1.0,0.0,0.2931403479469261,0.44925204504214367,0.7906537685800503,0.8737141746208386,1.0
0.0,1.0,0.5050402348473775,0.5961736593539892,0.008284916419314725,0.4158362470958356,1.0
1.0,0.0,0.3061263859128017,0.8269598995471035,0.584985694333387,0.5190950093206562,1.0
1.0,0.0,0.3765152896017515,0.6727585485230351,0.29097481117485097,0.24443755159756753,1.0
0.0,1.0,0.3345327840746627,0.6931649144981756,0.9075443420005839,0.8621548059810846,1.0
1.0,0.0,0.5743202739464838,0.762670876306264,0.5499444181787003,0.4213230145550583,1.0
0.0,1.0,0.40375150892493394,0.5719013228147574,0.6733562441619176,0.21364013006679466,1.0
0.0,1.0,0.32435491203588884,0.7162927516806874,0.6663005659789698,0.26729006290255564,1.0
1.0,0.0,0.3202155253217092,0.7863711378703817,0.49505862998375344,0.06160772423756,1.0
1.0,0.0,0.4313205350253438,0.6690512865038245,0.9333606946956212,0.8340896963864828,1.0
1.0,0.0,0.4451415335022583,0.6455341691308152,0.2011104287919076,0.29390207000827506,1.0
1.0,0.0,0.5200849332855638,0.687948841148215,0.4060057286731265,0.49769702305124575,1.0
1.0,0.0,0.4506413003443032,0.7835440970036041,0.15314988351226977,0.10411818510036802,1.0
1.0,0.0,0.4910978453996799,0.6645510145670218,0.9690650785130588,0.13209496371627394,1.0
0.0,1.0,0.4032709635157564,0.7723246141526346,0.023909587838875757,0.7984332704613557,1.0
1.0,0.0,0.32223685413431225,0.7000648210329043,0.07364002828814548,0.22041340174402452,1.0
1.0,0.0,0.496217211468677,0.7662710701270063,0.9902578360643775,0.13485515675905974,1.0
1.0,0.0,0.27725759535939803,0.6428596303642968,0.7555556081930865,0.39018987805582167,1.0
1.0,0.0,0.43802540456029393,0.574569304797983,0.7052611671988125,0.6929161798193971,1.0
1.0,0.0,0.27906160236432687,0.7619921295014129,0.9401887697899911,0.13986415229433996,1.0
1.0,0.0,0.5220076691553265,0.6873986265712513,0.05269498330389644,0.338158349791271,1.0
1.0,0.0,0.40675950087707746,0.7115530496482105,0.5351169225591543,0.8832940256503448,1.0
1.0,0.0,0.29704369649379836,0.6227621844970509,0.24723495146048374,0.27208208190302674,1.0
0.0,1.0,0.32632989688357317,0.6186533539720049,0.085851891450483,0.0813160804820166,1.0
1.0,0.0,0.359352853689674,0.6765602752249287,0.40957296728374626,0.8185256747289417,1.0
1.0,0.0,0.3872193913141212,0.842048993496225,0.8551393886548087,0.3838169622764818,1.0
1.0,0.0,0.4127898902918709,0.5128730753700097,0.2795435207793502,0.5476709723675026,1.0
0.0,1.0,0.5012879116691917,0.7260485694808777,0.2529811114609525,0.14328445870006945,1.0
1.0,0.0,0.42971609287225887,0.6938034313284773,0.1066244583336422,0.23325601793695722,1.0
1.0,0.0,0.47492536451380396,0.5723104083100725,0.8974576834268239,0.6069674760841278,1.0
0.0,1.0,0.1557683977155428,0.4815404656592978,0.8266145957225368,0.09730287497040307,1.0
0.0,1.0,0.5511561360178358,0.7017824863725455,0.11768982019753488,0.04611533935806933,1.0
1.0,0.0,0.4811902804043918,0.48581165962253525,0.7553404910320476,0.20467648917386622,1.0
1.0,0.0,0.4605580867304632,0.5874290720852111,0.4752291084340003,0.7729133316109553,1.0
1.0,0.0,0.45619202737061604,0.6836016257162955,0.6910954185711359,0.840659593272922,1.0
0.0,1.0,0.41073006190688843,0.7160029426335517,0.03614799697373966,0.39659673221690284,1.0
0.0,1.0,0.4659596864781739,0.683163332781964,0.31337264804261666,0.9097376205120107,1.0
1.0,0.0,0.2162797778419394,0.7335589462193199,0.5049690826179201,0.4985136748285661,1.0
1.0,0.0,0.38882065592654946,0.5880273345242234,0.5127637938907349,0.04450557808174799,1.0
1.0,0.0,0.4289092732345771,0.5906796544575507,0.27077590462094614,0.392588765456954,1.0
0.0,1.0,0.3631699401690257,0.7967990174037005,0.024745713619983345,0.5032557305366967,1.0
1.0,0.0,0.4005157326479388,0.6263571722932546,0.9435115170651809,0.46834946317047754,1.0
1.0,0.0,0.3804558307134313,0.6031020479625727,0.7930395044260233,0.07673020098276984,1.0
1.0,0.0,0.3985218488653466,0.6791841479159186,0.20858302839672516,0.23898739146798376,1.0
1.0,0.0,0.3652072657614726,0.6801482906081435,0.727075567223455,0.48505657358925647,1.0
1.0,0.0,0.4121387303291857,0.6375102211946102,0.9788498725617192,0.17071324051376113,1.0
1.0,0.0,0.4824914537407025,0.6014866076563173,0.6593885730095828,0.7871942198953659,1.0
1.0,0.0,0.3766152257695468,0.7773023810207433,0.7320833149735269,0.34822303914609837,1.0
1.0,0.0,0.4496416944186452,0.6954328188403317,0.620979861528863,0.6048032020827827,1.0
1.0,0.0,0.43687427745247764,0.5953887337535292,0.7593942784133842,0.8061034902183928,1.0
0.0,1.0,0.26658207598401756,0.7043117000929306,0.8628058244498007,0.5206366587714606,1.0
0.0,1.0,0.37785582770562376,0.6851359036075002,0.43732507655695135,0.5831897951613186,1.0
1.0,0.0,0.4957386370257746,0.5714355851232851,0.25274781959870013,0.00436589336621257,1.0
1.0,0.0,0.3188936857304192,0.553131849656922,0.6536828438655877,0.47918561796382575,1.0
1.0,0.0,0.30115143823968094,0.6530464025522578,0.615108120740752,0.6146666356970654,1.0
1.0,0.0,0.6619371830302132,0.6880388865659091,0.7553248145319171,0.011648971646067041,1.0
1.0,0.0,0.37732755742541546,0.6435031179962231,0.33290104969767,0.6019179336118393,1.0
1.0,0.0,0.18673136419685932,0.6732993246651128,0.04641616629568013,0.849457377774719,1.0
1.0,0.0,0.27353803521151454,0.6362433698926551,0.9103089916415408,0.49335886834820464,1.0
0.0,1.0,0.3470690080815237,0.6440307464332999,0.28846766427432435,0.2263071764346331,1.0
0.0,1.0,0.36518836954779466,0.7796205109827328,0.3447864457669574,0.8260660500652959,1.0
1.0,0.0,0.32416872799935703,0.6558445533540518,0.009078979250671582,0.11436862893166566,1.0
1.0,0.0,0.36009141974874864,0.635282283726944,0.5932199833625609,0.6397126986102867,1.0
1.0,0.0,0.3124711012696112,0.5813119868254513,0.7327391689128429,0.3536982526842689,1.0
0.0,1.0,0.20293535423817977,0.6159219661211636,0.5164801672835967,0.8172443429948955,1.0
1.0,0.0,0.3276295684430569,0.6504082249903258,0.04234573050742363,0.5445122720353842,1.0
1.0,0.0,0.4575151629065,0.5218754284000946,0.44524916066807907,0.8785316995526811,1.0
1.0,0.0,0.49957538500133253,0.7188270785431305,0.7386472152038621,0.8464520164432647,1.0
1.0,0.0,0.4533008488100209,0.7501744308404659,0.7313257202237047,0.8964711733538054,1.0
1.0,0.0,0.41868539873012833,0.6814925238803223,0.9693926579434669,0.9220768580707803,1.0
1.0,0.0,0.3351353694603608,0.5969000002766073,0.27387787134025277,0.9479357933822644,1.0
0.0,1.0,0.3945293981502977,0.6263837819241905,0.30551026230603096,0.6639379164595777,1.0
1.0,0.0,0.32519092037813646,0.699947589863214,0.9278254982768823,0.4039652921904081,1.0
1.0,0.0,0.37681741995512136,0.7092762200517082,0.3273165191174756,0.6482009152455428,1.0
1.0,0.0,0.45463384671604773,0.732845282009553,0.3506500775871497,0.25349023916491187,1.0
1.0,0.0,0.3824664809325099,0.7025683203061354,0.13726753916846002,0.29419777925572776,1.0
1.0,0.0,0.31378053342251255,0.5908875801806293,0.21226409868065893,0.5613417303003777,1.0
1.0,0.0,0.3990209141632041,0.6084293581851993,0.14489008380005342,0.009867867476900993,1.0
1.0,0.0,0.5245686108273402,0.5829567721150213,0.7905472579327968,0.4798353802759544,1.0
0.0,1.0,0.2136887111990985,0.6538680655308959,0.8524941803203108,0.7869525306807175,1.0
1.0,0.0,0.43338138822033795,0.7547593774800605,0.15915696051290085,0.6554142010943131,1.0
0.0,1.0,0.46144554640045665,0.6032905483225022,0.6804223407759684,0.8048164410438258,1.0
1.0,0.0,0.37961807037673645,0.5449072847245567,0.550070721745993,0.05970240877296756,1.0
1.0,0.0,0.4720729418991304,0.6233825703233584,0.033873408946850536,0.8127974218603746,1.0
0.0,1.0,0.46526762644685216,0.7120458127997378,0.6198644424201133,0.46518531784147626,1.0
1.0,0.0,0.3852862859108337,0.6857331003680474,0.19983128055106358,0.6998992604356533,1.0
1.0,0.0,0.2850333818645403,0.5835392837218403,0.5783184128265533,0.41120135457069185,1.0
1.0,0.0,0.3954834212892966,0.749223022023769,0.4012480312183717,0.6143661078692505,1.0
0.0,1.0,0.2389663496841697,0.7775944351669568,0.7944459666847085,0.6161010461356717,1.0
1.0,0.0,0.3368958359823315,0.643717351502506,0.3376458989271315,0.8933472043862565,1.0
1.0,0.0,0.27560410858342704,0.7884549285280422,0.37084444724743165,0.19474923019725526,1.0
1.0,0.0,0.27809265922088977,0.705831648927318,0.10896201551949669,0.6822060131078462,1.0
1.0,0.0,0.6695550552479641,0.7506609738291418,0.7013545263433449,0.463613729153578,1.0
1.0,0.0,0.575457795976708,0.724189197784946,0.31923077402518973,0.21153003042225632,1.0
0.0,1.0,0.3345055520131508,0.627936527680802,0.8286598612001715,0.48974771426454855,1.0
1.0,0.0,0.38122819310293055,0.6382109204563208,0.15741990189854393,0.706227238035634,1.0
1.0,0.0,0.30545783297500817,0.6178751649795765,0.2265778287075082,0.6253041448398969,1.0
1.0,0.0,0.2567895352985929,0.8256327241146869,0.8610511892867421,0.8573298687513322,1.0
1.0,0.0,0.2138439621110232,0.639139933346992,0.1481194406269748,0.8621503531853817,1.0
1.0,0.0,0.40338059127055564,0.7368372530945136,0.9498329496703766,0.42702686623535707,1.0
0.0,1.0,0.43674181840614396,0.6888311413607636,0.5007086848476991,0.8928549809627204,1.0
0.0,1.0,0.48234360690863476,0.5847046853613904,0.9779318124737705,0.8856191753885205,1.0
0.0,1.0,0.42866234117777835,0.673209216078992,0.24031997832811203,0.7959195681836051,1.0
1.0,0.0,0.2893368980207843,0.5891367684975578,0.8125895705045522,0.08842595180150142,1.0
1.0,0.0,0.30848316901395656,0.8280032711506686,0.9708982512455502,0.2252180687672682,1.0
1.0,0.0,0.33956327151620336,0.6525288340486384,0.9126561945100387,0.245320011589099,1.0
1.0,0.0,0.36182462209193567,0.7916730975240234,0.6223345263692148,0.9977714197279445,1.0
1.0,0.0,0.38691358240705354,0.7420970851660802,0.4512789648169243,0.4686103565687656,1.0
1.0,0.0,0.28129360537856085,0.6233123360187888,0.32435308708706867,0.8713828420144284,1.0
1.0,0.0,0.2922732249538301,0.6441996291093753,0.414500589543974,0.22749652256265523,1.0
1.0,0.0,0.44979912498538177,0.7704038636004009,0.12020382493713505,0.5576754381777077,1.0
1.0,0.0,0.3676208942664593,0.7198534675285446,0.5250529095145255,0.8734557775749806,1.0
0.0,1.0,0.4877772300965038,0.6580929182302655,0.10791341735013366,0.14176930340869837,1.0
1.0,0.0,0.3246598724403251,0.6050752532173128,0.05603238373937075,0.3198850555347418,1.0
0.0,1.0,0.4033010890366576,0.5640717324281227,0.911431605246742,0.393865147748259,1.0
0.0,1.0,0.4256973549723022,0.5897836036976389,0.271160799317089,0.3528974366063176,1.0
0.0,1.0,0.38977954810214027,0.41345106493840234,0.7439998991672043,0.07115234143710497,1.0
1.0,0.0,0.27948931035560337,0.6794450101017314,0.024523624865839422,0.013115251732973954,1.0
0.0,1.0,0.39609898640341124,0.7108742295892754,0.9012808896596324,0.5455729511874823,1.0
1.0,0.0,0.530695150397716,0.6245205289753116,0.8278283774083823,0.892494956990886,1.0
1.0,0.0,0.3527511257574926,0.6124520237853832,0.7157741100743142,0.01823110250111276,1.0
0.0,1.0,0.4128002287539915,0.6424956311193872,0.9259631295573297,0.8517768147088525,1.0
1.0,0.0,0.27671134059171165,0.7259859892537461,0.670384740654733,0.09862463153591283,1.0
1.0,0.0,0.4761628727285949,0.708615957374537,0.30650356344246976,0.41956297791750935,1.0
1.0,0.0,0.41934415644453454,0.6796521726945718,0.4005591367187944,0.46063406607023255,1.0
1.0,0.0,0.40707249427842185,0.5283143222349743,0.19969475080313376,0.3886737472705029,1.0
1.0,0.0,0.389175682997137,0.6804037626253253,0.07954906432433578,0.6675876292776357,1.0
1.0,0.0,0.35730041331236173,0.745896525141417,0.03319336677908713,0.4570793080216306,1.0
1.0,0.0,0.44365753106857253,0.6296831305618682,0.885191947966915,0.466348852783402,1.0
0.0,1.0,0.3824366035954922,0.6752589271336741,0.7532424989175377,0.23061629128405636,1.0
1.0,0.0,0.2646295059081857,0.5604021327568077,0.6371059973319961,0.47828379873170734,1.0
0.0,1.0,0.31948573830950106,0.7446058716746485,0.8530951920837107,0.892399191471021,1.0
0.0,1.0,0.15494439069856264,0.7495572889844684,0.9666193237751312,0.79964450571535,1.0
0.0,1.0,0.3262648470812462,0.7501630895726262,0.07720082617475965,0.3799091189808192,1.0
1.0,0.0,0.16338872677264205,0.5604482440390272,0.5944021733680313,0.5226575061690669,1.0
1.0,0.0,0.319536052069992,0.6013832020107754,0.4768607466471466,0.054467930191475555,1.0
0.0,1.0,0.32013114604584403,0.713021560853814,0.21541344986204242,0.5058233785347078,1.0
1.0,0.0,0.42402790338119606,0.66479515263976,0.9209776044033815,0.5528250553722197,1.0
1.0,0.0,0.49956793155465934,0.7997296358504388,0.8815144169331359,0.7039328315076381,1.0
0.0,1.0,0.4911074911568351,0.5570760049955962,0.2524988949579771,0.5565527292126302,1.0
1.0,0.0,0.49674711593216025,0.6349215771310588,0.7948687961875665,0.6471304109716973,1.0
1.0,0.0,0.27846664459874537,0.786510774459526,0.8661284444355004,0.12800635142371786,1.0
1.0,0.0,0.45339706793252776,0.685527664456128,0.6299326360178393,0.36225823959740583,1.0
0.0,1.0,0.2560201919334153,0.6891211100848182,0.35513238437657957,0.9243930318591562,1.0
1.0,0.0,0.301140190491597,0.565173294450971,0.44769204689564285,0.1894106558820407,1.0
1.0,0.0,0.2676250512476962,0.5331283607319144,0.5314664766819834,0.7573511936003349,1.0
0.0,1.0,0.4851090634502926,0.7615628471409805,0.6365787266593265,0.6976285357017098,1.0
1.0,0.0,0.38645008862685243,0.6636222351069838,0.8470310507440832,0.6184738861458741,1.0
0.0,1.0,0.6199677037563609,0.6266771157214163,0.9805263639757029,0.5605012265955556,1.0
1.0,0.0,0.24476871266033345,0.6070589390405565,0.24730431583545398,0.12164295246897272,1.0
1.0,0.0,0.44285745505248053,0.7719788313422089,0.055796023353345825,0.08991174406349328,1.0
1.0,0.0,0.44189665144320744,0.6388913316900648,0.29556049755073144,0.030715720756205545,1.0
1.0,0.0,0.35144265867439795,0.8489607082533541,0.14558510523200735,0.42288960451926905,1.0
0.0,1.0,0.31587154342684587,0.5928501454567527,0.9024884743846321,0.3180808247461929,1.0
1.0,0.0,0.40982282887932003,0.636228000280412,0.38034417194766384,0.38720283801188726,1.0
0.0,1.0,0.5345993770379173,0.627322434295245,0.9106292254561507,0.9860145580184274,1.0
0.0,1.0,0.32160378302214676,0.5393319231971075,0.8962164978835526,0.23933018742129647,1.0
0.0,1.0,0.532960796620156,0.654720814266003,0.024620327522052565,0.7689210171260056,1.0
0.0,1.0,0.4034452191533499,0.7089221682357368,0.8695178849132901,0.0026434684320832402,1.0
1.0,0.0,0.4279483772530383,0.5452930793113242,0.29753544024375855,0.08071404882445682,1.0
0.0,1.0,0.45537764359607646,0.5163620133195033,0.7686690966951972,0.21750400873427117,1.0
0.0,1.0,0.48209462543677006,0.609430218278668,0.9568132610661764,0.30455121980820077,1.0
1.0,0.0,0.2344653585936547,0.9082868582612071,0.21656571955074122,0.8440443408346286,1.0
0.0,1.0,0.2736897963565925,0.6567182228796534,0.3449926216711931,0.10213748220929253,1.0
1.0,0.0,0.43639534662716084,0.7766708998460811,0.5461895128393938,0.27725957393623246,1.0
1.0,0.0,0.37028299334694215,0.7533447068074839,0.4805143249688299,0.5045199293527745,1.0
1.0,0.0,0.3312470520283437,0.606692672544447,0.6471776531333153,0.01138508746718836,1.0
1.0,0.0,0.33459254288057133,0.8278086958243493,0.2803953104646474,0.08447733967449578,1.0
0.0,1.0,0.386465804060272,0.5886526982982394,0.9805652705181244,0.22677968698044165,1.0
0.0,1.0,0.37394567295691516,0.6955922674464636,0.9602075888935644,0.8132720955355451,1.0
1.0,0.0,0.19363441225244454,0.6870422858988698,0.8516848601071966,0.5902795336360585,1.0
1.0,0.0,0.31150548912176246,0.6870888382595975,0.9973206853383716,0.19018658008976874,1.0
1.0,0.0,0.35590332846567085,0.628053346654826,0.8425565511201507,0.42923183859459346,1.0
1.0,0.0,0.36639269534789487,0.7223181096982937,0.07446947500596057,0.008447964267437102,1.0
0.0,1.0,0.22727132683611506,0.5558176125077232,0.7614704210688897,0.3847710997634269,1.0
0.0,1.0,0.26139404477200157,0.628313818818894,0.29103276296657543,0.9829660028049656,1.0
0.0,1.0,0.39250850032131807,0.7339512235592649,0.9783240649729632,0.30361787011188357,1.0
0.0,1.0,0.33153676034898716,0.5574679696808661,0.47163197963021264,0.48036417631180817,1.0
1.0,0.0,0.4625906706856339,0.6606338490628625,0.48213228459665386,0.2501240729793946,1.0
1.0,0.0,0.3526763305026024,0.6370231235563588,0.05847439871209842,0.680440455419128,1.0
1.0,0.0,0.41544081329804566,0.7299293558059747,0.6330459046174708,0.6092150820014833,1.0
0.0,1.0,0.2959516061592571,0.7034235888004838,0.7976110759445167,0.7329684575789005,1.0
0.0,1.0,0.2812494904735092,0.5722560581761714,0.7542684756520315,0.7108637043563492,1.0
0.0,1.0,0.3425956685639344,0.5908563987469663,0.5807320230039242,0.771640166163626,1.0
0.0,1.0,0.4089810882879888,0.7024300553270264,0.93469246377087,0.3748145136051569,1.0
1.0,0.0,0.4324246998134497,0.6046209465348592,0.3762714270960853,0.48455800969844137,1.0
0.0,1.0,0.5237758575874509,0.6544668633157349,0.2875635913105097,0.22375210859878203,1.0
0.0,1.0,0.25653831149978423,0.6615097515649437,0.659152555761376,0.36481176287985784,1.0
1.0,0.0,0.4530657358193653,0.6179021404980101,0.6176441804311275,0.597407251195146,1.0
1.0,0.0,0.41544826907465093,0.7459890680727421,0.6328886516049246,0.9719266955996875,1.0
1.0,0.0,0.2614298471068959,0.7346104064778985,0.6885620477602638,0.5658952353541973,1.0
1.0,0.0,0.3185628894508605,0.7227723898769478,0.609760796141312,0.2556941409884213,1.0
1.0,0.0,0.40988972222171377,0.6985618385527621,0.29078531263610374,0.38740974827740293,1.0
1.0,0.0,0.3993982315362171,0.6704064916256636,0.924130772540307,0.10731436459563365,1.0
1.0,0.0,0.1745762646411287,0.6577053689328376,0.5761403934676231,0.7055889412795089,1.0
0.0,1.0,0.09291375221422787,0.7469432516816021,0.2900895080802508,0.7375543773513599,1.0
1.0,0.0,0.18074911380526298,0.6345381933783765,0.10096871830523851,0.14972438869225285,1.0
1.0,0.0,0.17844110814884956,0.6414657126722009,0.025368424741083806,0.43301109916407593,1.0
0.0,1.0,0.21576650272645825,0.7809468838242934,0.22664417041523943,0.7450879946454225,1.0
1.0,0.0,0.41508670462158714,0.6458506265772299,0.7858442671800063,0.5005945537440929,1.0
1.0,0.0,0.4012564909037682,0.6645518292713218,0.4434162381057125,0.6100097388548762,1.0
1.0,0.0,0.3273067408049419,0.8350374869761346,0.7824870042710829,0.07743285312823867,1.0
1.0,0.0,0.22224880173332684,0.6793088318236239,0.5876769729617934,0.6040827112273779,1.0
0.0,1.0,0.2897591532253613,0.6629393347475873,0.5783883765307726,0.7198815182552801,1.0
1.0,0.0,0.48538306243673074,0.6630313322375228,0.39086865569738266,0.058645095757886345,1.0
1.0,0.0,0.36647490341182626,0.5152821856048801,0.025175235582729216,0.7993866375619224,1.0
0.0,1.0,0.27300696371218325,0.7994720129852662,0.13794811391973316,0.06447160788463441,1.0
1.0,0.0,0.39589826186201293,0.7682469026841654,0.4188874456957813,0.7859654245681684,1.0
0.0,1.0,0.340053844042126,0.7472841168325274,0.5186223949480221,0.7881122536454264,1.0
1.0,0.0,0.464126139099817,0.5458597032433884,0.7464683228038316,0.3890013940042008,1.0
0.0,1.0,0.5006496735905683,0.6866492351345956,0.8391634903836838,0.33882070324042257,1.0
1.0,0.0,0.3373550015348694,0.7554593189579331,0.58233578602363,0.36816764661505896,1.0
0.0,1.0,0.3878763309694051,0.66443708868599,0.2481562354946511,0.1303925846712451,1.0
0.0,1.0,0.3658714278030024,0.6633933498950801,0.5836001743512927,0.1585185691788627,1.0
1.0,0.0,0.44127551500496554,0.4604134516501937,0.8211956434012049,0.7265597292931592,1.0
1.0,0.0,0.2644500490774499,0.6634135057741178,0.16917059724213068,0.517375649583488,1.0
1.0,0.0,0.2752422872086435,0.7280400714335058,0.05043567786680997,0.5161099326196108,1.0
1.0,0.0,0.3151349781784001,0.6799297347025203,0.7572341954796942,0.23022599015177586,1.0
0.0,1.0,0.5291464744416344,0.5043485923097079,0.003965295905426214,0.5890547277850033,0.0
0.0,1.0,0.5107832176462413,0.5031261434480033,0.05710299546590719,0.3618154021310348,0.0
0.0,1.0,0.30082298594140566,0.19914004072143138,0.7467450596177182,0.3088665108529717,0.0
0.0,1.0,0.658777807535523,0.7314433492227539,0.08485651830534852,0.04927707793839414,0.0
0.0,1.0,0.3423611835217496,0.3809225040356391,0.5250528818960152,0.5375546406330057,0.0
0.0,1.0,0.607146886906201,0.6291786684807255,0.6945543529358873,0.23872360916032997,0.0
0.0,1.0,0.3346665504969528,0.36400094982182574,0.8020301458861846,0.7882930723191792,0.0
1.0,0.0,0.5144674317114467,0.39996257254932477,0.23899367186427556,0.45975685935330285,0.0
0.0,1.0,0.5221481860757125,0.5682999618351958,0.6862648917351707,0.5232875028801361,0.0
0.0,1.0,0.5984352060818774,0.6183842154943217,0.1470398412965146,0.3151882781948668,0.0
0.0,1.0,0.543453245985946,0.6137775400789974,0.9678294743636014,0.586363536762554,0.0
0.0,1.0,0.46821199344419384,0.3757506398017437,0.6278704039096596,0.9257438583825874,0.0
0.0,1.0,0.46612001020796473,0.40552925092368874,0.0930606984460084,0.6849933296216393,0.0
0.0,1.0,0.4765392446454222,0.5429821840663797,0.5380737132247179,0.24740836711215736,0.0
0.0,1.0,0.37649572169456325,0.35299568598874986,0.9176217003479153,0.28625897978546344,0.0
0.0,1.0,0.5674989828852636,0.5225153781611164,0.752282568541684,0.27604319926955834,0.0
0.0,1.0,0.5049959986163934,0.48711306911951224,0.652240430530252,0.2668483290109246,0.0
1.0,0.0,0.5387851612234689,0.5534135613566981,0.5181799097827605,0.7801923173471743,0.0
0.0,1.0,0.47623299290250365,0.4406155155333845,0.347222859873962,0.8114405561672245,0.0
1.0,0.0,0.479876125272806,0.6213423718632032,0.10370803634468173,0.7255104304987651,0.0
0.0,1.0,0.31022892524337653,0.2763471595488475,0.47563068112728585,0.1504256630461721,0.0
1.0,0.0,0.26944431089431564,0.2100634142832674,0.10360529239048877,0.2804694648870393,0.0
0.0,1.0,0.5531350521520823,0.5642979522555469,0.43019459115332304,0.19274411713192546,0.0
0.0,1.0,0.3524947079462653,0.3162578962565428,0.9250867789189046,0.7628224753278472,0.0
1.0,0.0,0.559693343275061,0.5612922505039224,0.23507431229074166,0.07257150103887433,0.0
0.0,1.0,0.5121026748586756,0.5826732071939487,0.7383996158385877,0.812441691281294,0.0
0.0,1.0,0.5741523809764536,0.634603145237886,0.6761875726790223,0.7725844450213375,0.0
0.0,1.0,0.4728902690052484,0.4481652581714195,0.7156881629005967,0.44664518837700673,0.0
0.0,1.0,0.6926546842163228,0.648975143899561,0.6853155485692589,0.22570890927056514,0.0
0.0,1.0,0.5174922007474705,0.49078071337838847,0.36063055279464706,0.7216247661421237,0.0
1.0,0.0,0.390895988853025,0.3637200402656877,0.6639796288828484,0.7095844849275462,0.0
0.0,1.0,0.6555270451449302,0.6545970818625787,0.6263669440552763,0.8981764313469116,0.0
0.0,1.0,0.6455395314571005,0.6678409242319098,0.6603516372377172,0.8762266218416617,0.0
0.0,1.0,0.4379959764702816,0.3758954798938636,0.36608670672149246,0.6440475437696597,0.0
1.0,0.0,0.6005761087918862,0.6874373095064858,0.7547758089448945,0.8716566355605206,0.0
0.0,1.0,0.35018567513974413,0.3539936544511406,0.18064097587216937,0.558180942970073,0.0
1.0,0.0,0.6340617043377561,0.6176898953215193,0.4990374754689441,0.36564139390537864,0.0
1.0,0.0,0.4218005809980845,0.404543483455144,0.08591275478681765,0.08847457163303551,0.0
0.0,1.0,0.41212338158291173,0.4736274043471144,0.20674163471579443,1.0,0.0
1.0,0.0,0.4242571241489086,0.4601074687618146,0.10374699064017245,0.010765344197391447,0.0
0.0,1.0,0.6928648922454913,0.6740153467404648,0.9055642919255065,0.1343668288536236,0.0
1.0,0.0,0.31174016367130564,0.35626428666641696,0.30679125079723246,0.14819051584837845,0.0
0.0,1.0,0.6594228785348137,0.679409920000123,0.3722683998211325,0.9703770263571474,0.0
0.0,1.0,0.6866370139085263,0.703692013246666,0.07535870486920909,0.5986706089814979,0.0
0.0,1.0,0.5238354903993097,0.5299102671074466,0.46384446943784696,0.46471459937679493,0.0
0.0,1.0,0.5280614477310002,0.48187641731043046,0.6118450562046304,0.30834656951513073,0.0
0.0,1.0,0.4016279853317265,0.38800270976791035,0.7220504427602437,0.8320919386399024,0.0
0.0,1.0,0.5454248835463584,0.5130672645820605,0.6350005638491317,0.6335103955079215,0.0
0.0,1.0,0.6446601504470894,0.6065552470225417,0.9645829226112408,0.7294633968000989,0.0
0.0,1.0,0.5906652668577852,0.5668558430784797,0.7437247425405826,0.48853693728639336,0.0
1.0,0.0,0.4432777073543427,0.4200443707004776,0.337373862376056,0.37653997271119144,0.0
1.0,0.0,0.5687349845290885,0.5743636486493566,0.1416876136598484,0.9769167805546278,0.0
1.0,0.0,0.44708753151606045,0.4178035736622733,0.3562395988275059,0.6957000088776061,0.0
0.0,1.0,0.6899208939454742,0.7487045768642632,0.5182957311319396,0.8710795972655252,0.0
1.0,0.0,0.5817398663720882,0.6028982965852804,0.4495820706634838,0.16480521694446537,0.0
0.0,1.0,0.4807649261962949,0.5319886274978587,0.5363840736440639,0.7353459984846223,0.0
0.0,1.0,0.4669466800468992,0.383792064100115,0.18102597396624692,0.1607870858254301,0.0
1.0,0.0,0.4336000618692615,0.3788557177853751,0.3878159643512928,0.9027091774322702,0.0
0.0,1.0,0.33375006254815304,0.38764633637856466,0.17389954352724152,0.13839758761622434,0.0
0.0,1.0,0.5980055659907004,0.5344508160446632,0.01340075600940871,0.8748893510519968,0.0
0.0,1.0,0.7390195156827281,0.8162555177364781,0.09264915708875049,0.3662579681031427,0.0
0.0,1.0,0.27242678672282916,0.2432103033460452,0.5499726460130145,0.3704644301606169,0.0
1.0,0.0,0.6062130046732553,0.5648998021423589,0.014061383100559877,0.937184576477826,0.0
0.0,1.0,0.7408257671905107,0.8010936387585217,0.008983363049961668,0.4444226006221605,0.0
0.0,1.0,0.6104856035783266,0.5543309222827539,0.9339470146845994,0.2872752318467776,0.0
1.0,0.0,0.2492828804519876,0.2429074467183664,0.6058134948866587,0.6638449495902355,0.0
0.0,1.0,0.5108908987861884,0.5633711823501022,0.9130322651654432,0.7692101253637753,0.0
0.0,1.0,0.6300341997106943,0.6015696714717094,0.10591442541007068,0.4666975089216068,0.0
0.0,1.0,0.764888645797846,0.8808939837542444,0.4268512943178564,0.2684931056642994,0.0
0.0,1.0,0.3327627179234709,0.36146445784656056,0.8221629947891995,0.9947834784940943,0.0
0.0,1.0,0.565806791521421,0.6070383692007593,0.5257824262907896,0.4876266448317645,0.0
0.0,1.0,0.4355759023428977,0.4908369507953195,0.3746540371598437,0.41582019856941865,0.0
0.0,1.0,0.5976482749690265,0.6692717032794467,0.07524636234321525,0.34269919790919134,0.0
0.0,1.0,0.6140823512458317,0.656310318669229,0.23692864471050862,0.28138905556659743,0.0
0.0,1.0,0.5221429305408007,0.5293782989411898,0.022472447046487987,0.7428152154361453,0.0
0.0,1.0,0.45092353602373225,0.42491384472352073,0.488281626564105,0.3368334058017907,0.0
0.0,1.0,0.45615967611536246,0.40115510842489727,0.7957517833096911,0.25209354272853013,0.0
0.0,1.0,0.5904975438956043,0.6409883846584301,0.0,0.8865046205153286,0.0
1.0,0.0,0.5355921034941079,0.6245321737234801,0.7914083946817472,0.32212863808619113,0.0
0.0,1.0,0.4226786652670148,0.4160828482700182,0.9828874612675208,0.9405102686652881,0.0
0.0,1.0,0.525036407412084,0.579501297550008,0.39998478707432894,0.787775653425999,0.0
0.0,1.0,0.4828136358268288,0.40764882791812684,0.08912214113490874,0.2739813939122655,0.0
0.0,1.0,0.6176858191142058,0.7574624940422491,0.11875729904678273,0.09424957142192059,0.0
0.0,1.0,0.40209624324600735,0.33007215080915486,0.48890604227371015,0.7204818985932617,0.0
1.0,0.0,0.6235342768765222,0.6244227143058638,0.007631651054618771,0.9002563255657168,0.0
0.0,1.0,0.5456223481056,0.5195997151531485,0.13138448292684657,0.4896254583683003,0.0
0.0,1.0,0.6791796134518095,0.6935997904715763,0.6341919053166452,0.11735271320755691,0.0
0.0,1.0,0.4260852412565149,0.36293879715199706,0.8001739918695668,0.29540696264060085,0.0
0.0,1.0,0.3134328111376933,0.28456222911902224,0.8286464952132817,0.27621290139416066,0.0
1.0,0.0,0.134072342269269,0.06594396564707433,0.9184907179428566,0.9987954591325073,0.0
0.0,1.0,0.6387649071042651,0.5843978415376352,0.8095743364127264,0.676186919110565,0.0
0.0,1.0,0.4665955348479621,0.38290761961978226,0.7830814037884071,0.989176410614814,0.0
0.0,1.0,0.6845406535465595,0.7137520683298472,0.921148792853601,0.13963878727948742,0.0
0.0,1.0,0.5494447991375033,0.5944598663930118,0.8350333268681039,0.9310017627558531,0.0
0.0,1.0,0.33250333211266847,0.39476646795696557,0.03406175270555173,0.17762370836637287,0.0
0.0,1.0,0.5145288951090657,0.5236414973518407,0.02745560473990255,0.36317166473631535,0.0
1.0,0.0,0.21527222559206782,0.24528627346012166,0.8297964659397841,0.5857542172138132,0.0
0.0,1.0,0.4995733152282149,0.4539850027783898,0.016894846599451174,0.8113995901839339,0.0
0.0,1.0,0.36635242012009445,0.4175321604506538,0.7082908874141975,0.6011855702217781,0.0
1.0,0.0,0.25660765275247593,0.32683069619557076,0.6127374075156611,0.7843073958796054,0.0
0.0,1.0,0.39177073051100125,0.3793105512705332,0.673259013191031,0.32956772744820695,0.0
0.0,1.0,0.7687046818409382,0.7430912420009128,0.0763730759666526,0.22170745587373236,0.0
1.0,0.0,0.53282744324272,0.49881017969591707,0.14420812529801336,0.06998219340385553,0.0
0.0,1.0,0.6564430131815902,0.6874657535402914,0.19101624794216743,0.7913521853546674,0.0
0.0,1.0,0.7704798688676318,0.6862047410687084,0.30219902583141034,0.9049088308324904,0.0
0.0,1.0,0.7110943373345829,0.6970279826946447,0.7745414744050101,0.02978910504272314,0.0
1.0,0.0,0.4484643035157084,0.40746915685163176,0.2871866373245471,0.09799837561392927,0.0
0.0,1.0,0.6419576357805462,0.6667705770194874,0.5781622666711126,0.7733130956164037,0.0
0.0,1.0,0.3560402355451742,0.4239541979520594,0.7911024851709064,0.6747989144347042,0.0
0.0,1.0,0.43477608916490973,0.5045326863205953,0.4678926238106784,0.29138498153064696,0.0
0.0,1.0,0.3589638571772428,0.2656955740750533,0.39269434905956774,0.4882201750636515,0.0
1.0,0.0,0.45576584432868916,0.41203441154001147,0.5257031867167736,0.20537322400715902,0.0
1.0,0.0,0.6094249166288579,0.7278829469406605,0.6196488975677368,0.41849406640265163,0.0
0.0,1.0,0.2043846600197623,0.20714845846329194,0.8217290146421128,0.3805368486538961,0.0
1.0,0.0,0.432916576266169,0.30250717373684755,0.4153274325370812,0.336092780257797,0.0
1.0,0.0,0.4325595289602132,0.4380568185181203,0.26411024858988974,0.9889393399834017,0.0
0.0,1.0,0.5407952657037198,0.5096212737276884,0.10941175593302654,0.9572690840575001,0.0
0.0,1.0,0.5362474271481554,0.49463036686369044,0.35742771955867425,0.6772605732809683,0.0
0.0,1.0,0.6844721283016117,0.7447698354125121,0.06977979011715768,0.742827901128399,0.0
0.0,1.0,0.4996481486687707,0.41616011775185835,0.8925532488224023,0.891193741226765,0.0
1.0,0.0,0.44927504053312356,0.4317750740367784,0.22357420590620847,0.9412529646092546,0.0
1.0,0.0,0.5098012955745674,0.4607140750491545,0.4952935474153319,0.909747752987386,0.0
0.0,1.0,0.5685135092449637,0.5265520087931925,0.6329013830350312,0.949580697435962,0.0
0.0,1.0,0.5386986248265024,0.5750750454028134,0.19888494143626556,0.20781466583266534,0.0
0.0,1.0,0.4642541373702829,0.443921975291407,0.04582250444583391,0.009049032770749532,0.0
0.0,1.0,0.7481643969318039,0.7509580076624625,0.061481593940792834,0.34220653788885513,0.0
1.0,0.0,0.4315589970349627,0.36868090062436026,0.04313006550047693,0.3275809362003967,0.0
0.0,1.0,0.5448419487279637,0.4779851787501014,0.03462464901147405,0.6596256985740553,0.0
0.0,1.0,0.4251439601799782,0.40403602230443203,0.25866501740955056,0.1771006853027794,0.0
0.0,1.0,0.6534775318553332,0.7498324729388924,0.2114163812810615,0.6849382939747591,0.0
0.0,1.0,0.7209673296221096,0.8109973417382197,0.40568367191834676,0.11332474046840468,0.0
0.0,1.0,0.6560098981132827,0.6328963911294946,0.11679292164872401,0.859972196222836,0.0
0.0,1.0,0.6767557881450599,0.7348498015634874,0.045755426449289094,0.0,0.0
0.0,1.0,0.43021549830541567,0.4674358359593301,0.12987833887672773,0.1538582788953038,0.0
0.0,1.0,0.600325022278872,0.6435461678390482,0.535819332353159,0.20858636485347914,0.0
0.0,1.0,0.2264386484732917,0.16941758258883016,0.6516280120052578,0.40425741440052376,0.0
1.0,0.0,0.5743720537867376,0.5917874043610084,0.8750654902507782,0.8917339956932807,0.0
0.0,1.0,0.5329331172805214,0.5502175845501438,0.10081097460860322,0.5920750596549648,0.0
1.0,0.0,0.5046053692866,0.5146574927239111,0.3010436806919972,0.9456600239297657,0.0
0.0,1.0,0.3860387660335448,0.33488869319342607,0.8289925349792708,0.48438021181239,0.0
0.0,1.0,0.5576099131857041,0.591590977110315,0.37007082697015814,0.6958848397042531,0.0
0.0,1.0,0.8610363267322556,0.8552551769821769,0.27168642873245213,0.5672263749970557,0.0
0.0,1.0,0.49977209334345374,0.45995816834009723,0.7336912764134089,0.5019093716138288,0.0
0.0,1.0,0.4097145777977762,0.384710166640565,0.10414099634464713,0.5403261250872584,0.0
0.0,1.0,0.28930025304427487,0.24792674306601903,0.8721334237008408,0.2929014981574851,0.0
0.0,1.0,0.5719149980087034,0.6037953152885277,0.3705339451735935,0.09730472890737529,0.0
0.0,1.0,0.22657652716489574,0.24529514791372392,0.014272277543552203,0.28068013450635,0.0
1.0,0.0,0.31425198755448913,0.30256335189980144,0.7392816321717454,0.19347178390832281,0.0
0.0,1.0,0.4312587582191094,0.42190326361790487,0.7468150863597477,0.12088482572017717,0.0
0.0,1.0,0.2486551521730554,0.17699135855861825,0.7977505103038718,0.8534272431095928,0.0
0.0,1.0,0.6203751829250138,0.6232379191070571,0.548709034907379,0.35659253860525697,0.0
0.0,1.0,0.45087536291835706,0.43570346900828616,0.03966681920572668,0.05314386826091383,0.0
0.0,1.0,0.4605045727876952,0.4081178982780602,0.34711731099490906,0.9876973044102776,0.0
0.0,1.0,0.5632641746587634,0.5996251235208131,0.7059939026261112,0.4720883948958232,0.0
1.0,0.0,0.5395984776031797,0.5637315873254762,0.11987751400585073,0.8479888095979304,0.0
1.0,0.0,0.7906086326993349,0.7915578524151361,0.7672720051523175,0.5923839101320273,0.0
1.0,0.0,0.5654214412414067,0.5531561197939695,0.263040913798349,0.21100543441929953,0.0
0.0,1.0,0.6364813643029675,0.661787133623298,0.5465031230585262,0.3671326102803226,0.0
0.0,1.0,0.5294583772981626,0.5289356512800212,0.9992587509583533,0.36897458270699124,0.0
1.0,0.0,0.49659042447989626,0.48176405605669254,0.15520653051381011,0.9814284019968014,0.0
1.0,0.0,0.29758459474325416,0.24346570825227964,0.82645551253404,0.7152202273759336,0.0
0.0,1.0,0.6666379643626096,0.6759690926918854,0.763607815745156,0.1463607724808607,0.0
0.0,1.0,0.34728167260811077,0.37890213019656127,0.14034209413303306,0.8115173164304885,0.0
0.0,1.0,0.29480809902488475,0.2784248392837696,0.6656080172395138,0.5867213237003699,0.0
1.0,0.0,0.5904976047577563,0.6428801510021923,0.3072857174319962,0.6015884073204751,0.0
0.0,1.0,0.46903901881061566,0.46083282232005707,0.3857063145994012,0.7526140863772504,0.0
0.0,1.0,0.5563806744700116,0.5838185384008333,0.35692385734543264,0.805145205600555,0.0
0.0,1.0,0.4609811026830569,0.46566016565317286,0.1787208631508348,0.24434277359700823,0.0
0.0,1.0,0.4027369605683397,0.40298363237554613,0.558867792231766,0.1567485456898946,0.0
0.0,1.0,0.49081402444235894,0.39114741549822407,0.5400398689728185,0.2922290586438049,0.0
0.0,1.0,1.0000000000000002,1.0,0.2291857530605828,0.22279319996088037,0.0
0.0,1.0,0.5047972336341291,0.5485049786192312,0.2044565203477649,0.9598894914667967,0.0
0.0,1.0,0.26002886639668954,0.279545408918973,0.9134482196515457,0.024704925445628523,0.0
0.0,1.0,0.22149364835130275,0.18959872007534861,0.3257004436630236,0.23765964990696903,0.0
0.0,1.0,0.21326670883872295,0.08161466427834613,0.5880533132164845,0.2359703156050424,0.0
0.0,1.0,0.4918377052676865,0.3955049641805508,0.10348034724886451,0.9547554994568117,0.0
1.0,0.0,0.6239502479960679,0.6327211138748569,0.4087872635279246,0.133432056994651,0.0
0.0,1.0,0.16396344547466285,0.009332114781958556,0.3275956052596977,0.004226596985343389,0.0
1.0,0.0,0.6338863001416362,0.707670897558099,0.8173423191127028,0.5026407017633082,0.0
0.0,1.0,0.5491344697166608,0.3987321585631728,0.7161513396622353,0.7491804292647835,0.0
0.0,1.0,0.4823503464352226,0.49508958625320276,0.631994246725581,0.5709668539792557,0.0
0.0,1.0,0.2886818741857141,0.231087336653586,0.16025628432481243,0.6037050438380726,0.0
0.0,1.0,0.5750811749423625,0.5620984855318205,0.49307500327182363,0.791834936444276,0.0
0.0,1.0,0.6320249057563245,0.5895334314149006,0.8010182753673885,0.7079599513052517,0.0
1.0,0.0,0.5802785091187205,0.5222258470323708,0.8196048861331966,0.0864929360038692,0.0
0.0,1.0,0.6993161247263979,0.7820806780296716,0.5851171500140273,0.25034974650666497,0.0
0.0,1.0,0.43507831709625283,0.3334380583637174,0.9964574020783039,0.15897204847914637,0.0
1.0,0.0,0.6351573733900553,0.595062751709227,0.756654142708352,0.7106646270528755,0.0
0.0,1.0,0.5707741925798393,0.6030659176981906,0.6952671334855594,0.4311335076761816,0.0
0.0,1.0,0.4085318002058298,0.3856814881000907,0.19486225460894846,0.7491729758153949,0.0
0.0,1.0,0.6312399025202964,0.7003987501670459,0.5943792810595547,0.8312251124786842,0.0
0.0,1.0,0.6374650375007058,0.6950503304726597,0.9669132866754899,0.7699879420713921,0.0
0.0,1.0,0.525572946907552,0.5637305260867829,0.060177028313236125,0.36944549580647457,0.0
1.0,0.0,0.1957758404381792,0.23662869364154154,0.7656823587509537,0.8355919582740355,0.0
0.0,1.0,0.6143155890853018,0.6323816538058497,0.40883066613107905,0.04891631253736428,0.0
1.0,0.0,0.3654444865116353,0.38138681342698455,0.42169194212385086,0.4319356513278532,0.0
0.0,1.0,0.48584128879077787,0.5326542818073876,0.15504905233177707,0.22609930230777486,0.0
0.0,1.0,0.6877397011912132,0.7005171517879076,0.9398416289566309,0.46473312207950024,0.0
1.0,0.0,0.5593887288455134,0.592124139642052,0.8038812775854334,0.9352541640278649,0.0
0.0,1.0,0.6743857621416824,0.6941090052336124,0.315673170621086,0.5430337222997025,0.0
1.0,0.0,0.6393944909313299,0.6332408051585416,0.6882095417951848,0.05198724507615898,0.0
0.0,1.0,0.5400530676950536,0.48179141918921775,0.8443768547116992,0.024379809246796114,0.0
0.0,1.0,0.5936532901401051,0.5562833422233773,0.19605101797337932,0.1486622828681517,0.0
0.0,1.0,0.36753802411508085,0.3719520325560927,0.8694127032478391,0.43261690286046006,0.0
1.0,0.0,0.5896607851436765,0.525964326362194,0.058427658766672164,0.017272412102336987,0.0
1.0,0.0,0.42198319429284414,0.44317254029941,0.6244573525581838,0.7732087555022907,0.0
0.0,1.0,0.016519968559941478,0.0,0.326278822196803,0.3576318104733498,0.0
0.0,1.0,0.41039959479387905,0.4062017342881991,0.8052949250734407,0.34077211808048535,0.0
1.0,0.0,0.3888820378338115,0.34490734934577716,0.6327206354003231,0.4514001577197524,0.0
0.0,1.0,0.7338332340858662,0.7667145343749953,0.4452740753815516,0.2116202732506261,0.0
1.0,0.0,0.4868149155087675,0.4261277205889915,0.21218734551365576,0.6842417605394067,0.0
0.0,1.0,0.5847822912006981,0.6470254626924842,0.44397020192928466,0.8793582013148002,0.0
1.0,0.0,0.6006409940599654,0.584956566203401,0.6967877234339164,0.6149633553911645,0.0
0.0,1.0,0.7369912380134309,0.7856823020626587,0.17936030159415794,0.5691612629878987,0.0
0.0,1.0,0.6335315293673128,0.5513556326488762,0.29150777641133485,0.049002547806899166,0.0
0.0,1.0,0.5027985127192559,0.40888865085057563,0.3073566670650897,0.9206704366802082,0.0
0.0,1.0,0.5979642117084826,0.5944616935535086,0.42263732193285414,0.4327255358762936,0.0
0.0,1.0,0.642255268514448,0.612358850839806,0.04587636949743856,0.48464256384660803,0.0
1.0,0.0,0.4179105307298925,0.361688636163749,0.46899870454321096,0.5186386251953518,0.0
0.0,1.0,0.6408060345814057,0.6491665242227256,0.592097469081644,0.21318408728897853,0.0
0.0,1.0,0.4442005606337458,0.34864741496541984,0.03993667553844721,0.6913207168355179,0.0
1.0,0.0,0.6438796860726591,0.6298031439580251,0.2707155760449016,0.11142294756244625,0.0
0.0,1.0,0.525314146009129,0.5314459648550367,0.8566043605111267,0.13758224937646446,0.0
0.0,1.0,0.409748385664904,0.36992044696079895,0.17955962330356362,0.08532014577528463,0.0
1.0,0.0,0.45397862943247114,0.4599821203992261,0.7319432602466897,0.9871874399511158,0.0
1.0,0.0,0.3902154412693107,0.4026896122875823,0.07896943621540814,0.9305788187312465,0.0
0.0,1.0,0.3968177467334699,0.42752253781454874,0.1856683058146797,0.3649222446931293,0.0
0.0,1.0,0.6603822596725704,0.6850394283409791,0.6762120345853055,0.5444102635019267,0.0
0.0,1.0,0.5552818893630257,0.5268293629402808,0.2845526106322907,0.19816490406305298,0.0
0.0,1.0,0.5665407789240307,0.5284765263854737,0.17653544627706685,0.9715585693253184,0.0
0.0,1.0,0.43640193459680504,0.3598739767798689,0.27044966320274155,0.12907109177641485,0.0
1.0,0.0,0.5873192911287652,0.5833015879222365,0.8664551517984509,0.7361643933034554,0.0
0.0,1.0,0.4504164402799485,0.40281771250472975,0.5784338113418204,0.14039730067764677,0.0
0.0,1.0,0.5513993023671899,0.5348870031014077,0.6353462525918401,0.3969117650841112,0.0
1.0,0.0,0.19834224283708562,0.17819849538712118,0.33050354280638594,0.9213799742261947,0.0
1.0,0.0,0.5421357247539632,0.5750248887839211,0.5268295659173092,0.20054916682504487,0.0
0.0,1.0,0.48506614628370504,0.4822866691976714,0.27790242109586083,0.2643002379191225,0.0
0.0,1.0,0.6208713051514755,0.6434807813097584,0.6558040656300803,0.1648680224542633,0.0
0.0,1.0,0.30908276261425494,0.2615885502719537,0.08442372213496246,0.5025566154637326,0.0
1.0,0.0,0.6343388037953808,0.6152074697363583,0.34139154761033663,0.8962478631243886,0.0
1.0,0.0,0.2995979178540563,0.3351149561043473,0.3763405996143212,0.42569305384586653,0.0
1.0,0.0,0.5221528114699111,0.46112891712013343,0.6538761573136486,0.8488014561367259,0.0
0.0,1.0,0.6784881023312174,0.6584261317596367,0.0022650467708258404,0.5107202200563093,0.0
0.0,1.0,0.4952318321846867,0.4722466618705277,0.2805309123655666,0.5717194385829362,0.0
0.0,1.0,0.5913076905562772,0.5507261746057269,0.12266111027628318,0.3010615591151292,0.0
0.0,1.0,0.3790898377443259,0.31155806148099713,0.6408857275168672,0.08946977819077967,0.0
0.0,1.0,0.8405439697504168,0.8221710722654094,0.4225614305372579,0.34185739022170947,0.0
0.0,1.0,0.557114791697208,0.6016275234295965,0.3202023882287215,0.7116229017341534,0.0
0.0,1.0,0.4479856231817708,0.45653960378259134,0.440010057878133,0.3467741083797029,0.0
0.0,1.0,0.700860292843281,0.5508760673162242,0.33116352754531597,0.3969109368485061,0.0
1.0,0.0,0.5697009506517303,0.6060196574271804,0.15379380086632372,0.43621706117863146,0.0
1.0,0.0,0.5749880639023259,0.5382281270415378,0.004297452701178706,0.9557781154004674,0.0
0.0,1.0,0.6119585890659999,0.6778542923564173,0.362874570162982,0.27772462004455273,0.0
0.0,1.0,0.4784977708782593,0.5060480146878982,0.8749660089407202,0.6629336957740458,0.0
0.0,1.0,0.4347680551426759,0.4549537540198554,0.8862794879654494,0.23833686011569521,0.0
0.0,1.0,0.7382208066114359,0.7263933925391026,0.7183603661778376,0.9236405611722198,0.0
0.0,1.0,0.7831832086830128,0.8454666728711874,0.8587898632229106,0.9639521875229572,0.0
0.0,1.0,0.5052732720463271,0.5106628642659501,0.6209989941915631,0.0676034053085236,0.0
1.0,0.0,0.44514619125382765,0.4631676191794519,0.08651175091923996,0.09716767137283794,0.0
1.0,0.0,0.36762351912216806,0.3580090614290504,0.8195467897387289,0.26736601969163204,0.0
1.0,0.0,0.7577078928130391,0.7782608046056021,0.744079358016178,0.24451409820850872,0.0
0.0,1.0,0.8340296404188003,0.8741176697885717,0.1407413922869486,0.8197879459480651,0.0
0.0,1.0,0.43831287143205067,0.4159177925612474,0.064582499161147,0.2785409013464536,0.0
0.0,1.0,0.4459094947977054,0.38108963874654567,0.7082124651519668,0.3621083350488049,0.0
0.0,1.0,0.6147802737586961,0.6327030421205775,0.05249637611363406,0.7799696935808529,0.0
0.0,1.0,0.637647091673743,0.7132966444835352,0.7538054284162363,0.9026956541737321,0.0
0.0,1.0,0.4463137995354313,0.461232713378561,0.47282145046367013,0.9289150625515498,0.0
0.0,1.0,0.5780173859705983,0.5579886295849333,0.476296213893588,0.21409452885138985,0.0
0.0,1.0,0.44969413845809175,0.4675016040709142,0.49354028811539263,0.7581036611704957,0.0
0.0,1.0,0.4625248244745225,0.4368199635571144,0.1064994223053386,0.9977088733754533,0.0
0.0,1.0,0.6545020484178266,0.7093170046321475,0.8610816221722282,0.5828494460395692,0.0
1.0,0.0,0.4150141252599361,0.3545315394390023,0.25473069953837923,0.25029378238778854,0.0
0.0,1.0,0.6756415623996245,0.6597187170699275,0.37013690894056855,0.9742760276197737,0.0
0.0,1.0,0.6549012408459609,0.6379983636665283,0.29151391033630214,0.4404156240411318,0.0
0.0,1.0,0.6094554319204872,0.5940314800288666,0.8121837098794051,0.18258494582521567,0.0
0.0,1.0,0.7161307949757527,0.7555916679617731,0.371984222473286,0.4303004944682859,0.0
0.0,1.0,0.46835301649892763,0.397492431053386,0.9760146013669053,0.7215307373101952,0.0
0.0,1.0,0.5094027287835452,0.47839614878008496,0.5377052474082612,0.26175857764659854,0.0
0.0,1.0,0.12790639030458056,0.10140273615637752,0.30006698243132474,0.27760351266458366,0.0
1.0,0.0,0.6324957697804633,0.5783113741246613,0.4779837425865786,0.1769485911512546,0.0
0.0,1.0,0.6437836937847553,0.5932737877829901,0.8270497264450904,0.8762513382880215,0.0
1.0,0.0,0.4120060060163422,0.4516229177064397,0.6108888314120662,0.12691766197585613,0.0
0.0,1.0,0.40915012923765487,0.43045922852109303,0.8807933434538083,0.5210318504590804,0.0
0.0,1.0,0.2439118689252125,0.22236170070075228,0.6203787773907381,0.6791605348239731,0.0
0.0,1.0,0.3744491390823028,0.2688873180715232,0.8627440757653514,0.4863454326019963,0.0
0.0,1.0,0.7344550708682783,0.8186051336067435,0.7734832919227917,0.09539897076864362,0.0
0.0,1.0,0.4889395854787613,0.48564513261678166,0.1346999214738317,0.19671862110324917,0.0
0.0,1.0,0.5137170517690165,0.5078845318442291,0.04942556735916259,0.3883646458410642,0.0
0.0,1.0,0.3266065356307613,0.23196485196297606,0.5701687158248389,0.7755671479930524,0.0
0.0,1.0,0.5883637484059931,0.5481475626677077,0.5109137740651293,0.3952048095697649,0.0
0.0,1.0,0.2707445597665457,0.2209806800148218,0.014747446665834496,0.9405929721002063,0.0
1.0,0.0,0.633093809394192,0.7419081918193104,0.9352362611395021,0.39726143043481527,0.0
0.0,1.0,0.6198716974218305,0.5818516357160712,0.0500148149549155,0.25033945245680667,0.0
0.0,1.0,0.651187107424311,0.6425910456808455,0.646110637699092,0.9772290892210234,0.0
1.0,0.0,0.6000026631042269,0.540350176398296,0.1859698168258198,0.3403443236000938,0.0
1.0,0.0,0.10469596674971354,0.1280274537474903,0.1518370275347788,0.6259552019235399,0.0
0.0,1.0,0.7644561577330896,0.7322353444708742,0.549094630559381,0.7006327495531072,0.0
1.0,0.0,0.6483276838151943,0.7318673562757665,0.28360792088206366,0.8438994227013568,0.0
0.0,1.0,0.5506342707125677,0.578409968544749,0.14551113888846906,0.5277122903725167,0.0
0.0,1.0,0.5400358777972545,0.47508368116952443,0.9191707984276822,0.34917207950988016,0.0
1.0,0.0,0.5732550381687831,0.5869389806049944,0.3428754151238137,0.013927565372157114,0.0
0.0,1.0,0.5711356604067916,0.5034855042107381,0.6371390165488521,0.7769714007364941,0.0
1.0,0.0,0.6727313349850067,0.7066875287932952,0.6217051319995366,0.599630005382181,0.0
1.0,0.0,0.47814105808478813,0.4529871483694134,0.8075628468948433,0.24178170651892633,0.0
0.0,1.0,0.3600810836865399,0.35149990582763213,0.07971136865414263,0.09294207925114822,0.0
1.0,0.0,0.5699389317885811,0.5201212381425148,0.9661093028033776,0.287264925463519,0.0
1.0,0.0,0.7078056499589181,0.7210899764231697,0.019901225376815823,0.4829768948074887,0.0
0.0,1.0,0.6252064202840163,0.6308487143765499,0.13177915737233648,0.8190663669817564,0.0
0.0,1.0,0.5480003711691023,0.443366217175442,0.9743307698169774,0.7658066871276578,0.0
1.0,0.0,0.733452273405882,0.743551255929896,0.17906876477226147,0.6662700726543678,0.0
1.0,0.0,0.4117291464111048,0.4114622791004182,0.1727842462208103,0.9070117253646922,0.0
0.0,1.0,0.6279575196005573,0.6053778812256534,0.1504155894645981,0.5330664523340838,0.0
1.0,0.0,0.21934775188157596,0.1897085522783613,0.10841565183876956,0.6634925879893805,0.0
1.0,0.0,0.49435535100078765,0.4235609173227791,0.780423630932052,0.9195394067824554,0.0
1.0,0.0,0.2744838171636237,0.2533008570788693,0.4019229140341771,0.6279145131737403,0.0
1.0,0.0,0.3036040177412487,0.2500934137277376,0.714142256608792,0.4920883359622216,0.0
0.0,1.0,0.4010995335201784,0.3603853780740264,0.8357357396282823,0.35088835236731236,0.0
0.0,1.0,0.6578688398765806,0.6717611238766912,0.42518138474378303,0.139086377357731,0.0
0.0,1.0,0.6213261932381056,0.6201644106175163,0.6836692050103654,0.47460526669702074,0.0
0.0,1.0,0.7213480760592523,0.7333035005366264,0.9484103718097763,0.5078636867737327,0.0
0.0,1.0,0.5317439986409492,0.5394702135004166,0.8952152420601216,0.6503020704867525,0.0
0.0,1.0,0.19292105517454083,0.1380423004079278,0.4868709884711922,0.44274770108033823,0.0
0.0,1.0,0.5352221023131603,0.5840776697471994,0.48896762266839466,0.8144375742386581,0.0
0.0,1.0,0.463737994476077,0.45722914859797187,0.2671493804275999,0.016010294552094406,0.0
1.0,0.0,0.49630912462096805,0.5150035293386096,0.8421097865003118,0.9863256105521077,0.0
0.0,1.0,0.36634443269299455,0.3134207031610652,0.4192329320943855,0.8715429556816221,0.0
0.0,1.0,0.5840695681841677,0.5165555386361451,0.010396097405016569,0.4469956962588063,0.0
0.0,1.0,0.46080473877204897,0.4270700413324232,0.6592057494888793,0.6158109742303814,0.0
0.0,1.0,0.5823034306515142,0.5135168407093574,0.1660123049801986,0.8800648028478275,0.0
0.0,1.0,0.3516069738416765,0.29986542158083673,0.20663806363736975,0.6076806340097667,0.0
0.0,1.0,0.6313962204836714,0.5995549552552204,0.12985399574135864,0.8377434019817357,0.0
1.0,0.0,0.6780429654309388,0.6259338038090496,0.5763932656202987,0.41628367265557664,0.0
0.0,1.0,0.3001277274129611,0.2766014888088338,0.5299737989726251,0.9447503867211786,0.0
1.0,0.0,0.5487962328000902,0.5278585037887011,0.028097582425737844,0.48622514401411926,0.0
0.0,1.0,0.7600854890595442,0.718610717754713,0.157324951028598,0.9838810304967154,0.0
0.0,1.0,0.44083453073421636,0.35819522577533647,0.24643321854780553,0.2644901886910286,0.0
0.0,1.0,0.698259155995403,0.6956909778908033,0.8617621938077005,0.03611173449863625,0.0
0.0,1.0,0.48311189213227945,0.3782234471642522,0.8885506423970541,0.8505577383865048,0.0
0.0,1.0,0.6697085432843632,0.7111559047753556,0.8149689513169973,0.06652592739343804,0.0
1.0,0.0,0.5253095782302982,0.5580124693827657,0.7821988273770564,0.1731649541353858,0.0
0.0,1.0,0.5608654035276597,0.45666374886780803,0.7498817949052763,0.9979986825474273,0.0
0.0,1.0,0.346196933070681,0.3183887256228535,0.2861063110406761,0.049610177065025185,0.0
1.0,0.0,0.43796851276362714,0.4347645463796145,0.45099206490634913,0.2796154053669869,0.0
0.0,1.0,0.30079268207324794,0.401390597200485,0.8696135345804169,0.05164288087064833,0.0
1.0,0.0,0.6605007449800829,0.6338212163721743,0.6483238661774242,0.24115364483620672,0.0
0.0,1.0,0.46423033126832247,0.33161074411699587,0.4659744661155465,0.7692115362947767,0.0
1.0,0.0,0.4394458306215253,0.38595504212579845,0.1768343054161186,0.6090956289237176,0.0
0.0,1.0,0.5481138628955247,0.4905186276661463,0.9076034713129784,0.6253359047777738,0.0
0.0,1.0,0.6646506719962993,0.6845313995061176,0.6105940204369392,0.18350700180606194,0.0
0.0,1.0,0.524286085457908,0.5522765920946,0.4288876972816307,0.9655038618160144,0.0
1.0,0.0,0.5799088167068568,0.5431607827421622,0.0896891244919798,0.8689201392753201,0.0
0.0,1.0,0.29281600890045156,0.2771878901044652,0.2877769096430993,0.5051238577449014,0.0
1.0,0.0,0.4113002742778127,0.38725854845976104,0.02593756396283209,0.18449657292718857,0.0
0.0,1.0,0.3858952055937651,0.4282559119897439,0.011484866056801823,0.3394136466612314,0.0
0.0,1.0,0.4086152545686781,0.3834051871304522,0.24652488388393295,0.5777948485829185,0.0
1.0,0.0,0.5479633464345214,0.5772894189089997,0.17112819784090527,0.9419124492552375,0.0
1.0,0.0,0.7876202415548138,0.8366191088648995,0.9314399703967001,0.3715123847724763,0.0
0.0,1.0,0.7120036397738967,0.6562403711892136,0.5886866434838283,0.5772288114684392,0.0
0.0,1.0,0.4703988990764952,0.4759769976943991,0.8565366404675373,0.9965217292503377,0.0
1.0,0.0,0.5163130989674922,0.49217511950345527,0.8999009293195632,0.26293178518989124,0.0
1.0,0.0,0.23541511034430013,0.27117339238796023,0.26290950359332277,0.2812741233876254,0.0
0.0,1.0,0.5811854813893299,0.5361342596252113,0.4999459537137081,0.06820882309783921,0.0
0.0,1.0,0.3011714304129349,0.3111636713051703,0.7565213772017203,0.9853746380764392,0.0
1.0,0.0,0.5758173500030882,0.527004395206005,0.8569749758146943,0.35201429179849325,0.0
1.0,0.0,0.5903292136453728,0.690314092250072,0.4599242337871958,0.713805193809852,0.0
0.0,1.0,0.5510030357095907,0.47981524337012865,0.041133853156454125,0.8015050728659575,0.0
0.0,1.0,0.35538692821789647,0.40737358510519084,0.4685778188909706,0.13219818150440504,0.0
0.0,1.0,0.37129452910517896,0.36410131787101757,0.379448171477711,0.12161931055112962,0.0
0.0,1.0,0.7244477680619426,0.8288197694617964,0.6872300958284474,0.6438628804135544,0.0
1.0,0.0,0.6220038396968351,0.5297406639800426,0.20755650602512682,0.880288508741538,0.0
0.0,1.0,0.35186636407428395,0.36662301222713684,0.15618059347003066,0.6487585037217192,0.0
1.0,0.0,0.4982721471468035,0.5071457621711786,0.16675092558261623,0.4190855900134081,0.0
0.0,1.0,0.5793128254695264,0.5229410045349253,0.05995861402918934,0.18088113199937045,0.0
0.0,1.0,0.4621150705474508,0.40726177157353766,0.0407122213478453,0.21629322939372092,0.0
0.0,1.0,0.3563582488208522,0.33135376521536686,0.8712406241283159,0.14950829875025445,0.0
0.0,1.0,0.26341896609488946,0.20228987725274256,0.07642882231149756,0.19498590410233252,0.0
0.0,1.0,0.3586518720448444,0.3144186542821716,0.16786125412751662,0.814878754006229,0.0
0.0,1.0,0.34830481134185437,0.2943786328407862,0.6290126252966336,0.9852041585902385,0.0
1.0,0.0,0.6494985694312041,0.6317926507683383,0.9694975352404743,0.41663105419258595,0.0
0.0,1.0,0.3874317671366523,0.37439023480033606,0.9198047311376497,0.5351008726358145,0.0
0.0,1.0,0.6528119744726,0.616863454901858,0.43124818703993756,0.19190471582697616,0.0
0.0,1.0,0.4115141329800282,0.459439293064682,0.6015040719387067,0.48644759170945046,0.0
0.0,1.0,0.66944542142697,0.7225892266465664,0.9509691527085693,0.1829199347578061,0.0
0.0,1.0,0.4422252906890237,0.4169892507685975,0.21743043485731867,0.14124003875886293,0.0
0.0,1.0,0.5739079517666377,0.5501145986489213,0.9226502417832901,0.9753254808098513,0.0
1.0,0.0,0.7532219830609037,0.8032271186461053,0.5003833961476907,0.6935395928203469,0.0
1.0,0.0,0.3096965089663044,0.2337211400840119,0.7507441087483363,0.6729570953806878,0.0
0.0,1.0,0.3655492296153309,0.38651792888901293,0.030289483877958656,0.7655919465607326,0.0
1.0,0.0,0.742130757896473,0.6858943768307075,0.8849564566709329,0.47939074677567123,0.0
0.0,1.0,0.5104530864551186,0.4881416369573358,0.9972934467251404,0.00570866311770557,0.0
0.0,1.0,0.6427353622362342,0.6317161172957005,0.2710801353935802,0.4951287320444165,0.0
0.0,1.0,0.6675492243937371,0.6773579848671106,0.7091166700745642,0.34792547215047376,0.0
1.0,0.0,0.5109233376844259,0.5617802470015063,0.926773642099544,0.5442584424257053,0.0
0.0,1.0,0.4069288322356788,0.39385704398465843,0.10049655331291046,0.6516699394799944,0.0
1.0,0.0,0.3905695286947357,0.4703332812812686,0.07988660269738523,0.1381529757584979,0.0
1.0,0.0,0.5938018271510909,0.5341745432353978,0.7272204554111097,0.4956266586936954,0.0
1.0,0.0,0.6464134634344572,0.6631975626781063,0.02952866654655134,0.5873583864739231,0.0
1.0,0.0,0.5273860793649028,0.4684377311682691,0.06964722463777817,0.6262282841960811,0.0
1.0,0.0,0.7685980884587733,0.7134948930021009,0.5985647841593527,0.17836370102220916,0.0
0.0,1.0,0.6064323846554281,0.5776078256059666,0.9053421844727343,0.17192049401744475,0.0
0.0,1.0,0.31164169340331604,0.2027794726978454,0.5345753921925199,0.5869717563098089,0.0
0.0,1.0,0.3180131969694675,0.2421259850184908,0.715562805709868,0.5589645956196665,0.0
0.0,1.0,0.27712950614589477,0.24559611265362352,0.48827066393675195,0.7062824674297591,0.0
0.0,1.0,0.4392719089096859,0.4806908246695567,0.8824431653669804,0.399924031279821,0.0
0.0,1.0,0.47614947245168027,0.4435872214031189,0.13413103139131632,0.23218052762797137,0.0
0.0,1.0,0.5026697344807837,0.3803114271278346,0.14959202668261629,0.2677172985614125,0.0
1.0,0.0,0.2832282563114497,0.16984640586290334,0.2879566247331125,0.633027275691143,0.0
0.0,1.0,0.7195865602416652,0.7443513293783925,0.24395361489280404,0.5221135751444556,0.0
0.0,1.0,0.4595843993200515,0.5818803764528142,0.6884817838247842,0.3795269032169888,0.0
1.0,0.0,0.5154878742935792,0.49722517419808737,0.8750861777731531,0.48970533879547573,0.0
0.0,1.0,0.5193939504708037,0.4815681377403897,0.9072001496450653,0.4933130398034801,0.0
0.0,1.0,0.44624557374062385,0.4104699983493423,0.5983900989669263,0.15326836202341865,0.0
1.0,0.0,0.6272459510155237,0.7349104628330752,0.21486510411325294,0.79091216101585,0.0
0.0,1.0,0.6547124818496821,0.7135576249991042,0.41816641058491405,0.594398052637342,0.0
0.0,1.0,0.4578424575841134,0.5126993115909951,0.38859528889638845,0.1664742121251263,0.0
1.0,0.0,0.5090322178955871,0.4712565754235556,0.27197828330637114,0.7565003905811816,0.0
0.0,1.0,0.5353883743253404,0.5115871247009333,0.7924267519376211,0.9497225982719976,0.0
0.0,1.0,0.681493429840222,0.6284277647064288,0.4921347100779155,0.005513553049026121,0.0
0.0,1.0,0.3780320359191093,0.2774725765760351,0.41903238649619773,0.14166415789249792,0.0
0.0,1.0,0.4624090822593519,0.4029044043420952,0.5349441103936609,0.3443268711616255,0.0
1.0,0.0,0.3686188375163374,0.3037041101395106,0.532307865481914,0.15097943105280687,0.0
0.0,1.0,0.5789934241642214,0.5450840847498973,0.7826848221776643,0.6055298421425729,0.0
0.0,1.0,0.446768279081869,0.42486881219668726,0.08650025197415351,0.35792680607034333,0.0
0.0,1.0,0.505231586200321,0.45365695202722056,0.10878351349220411,0.8121912518625656,0.0
1.0,0.0,0.471863662152,0.44288179298901786,0.9848326590870357,0.9818074086461509,0.0
0.0,1.0,0.23149549375306488,0.1757591120038357,0.33817417596355737,0.37308959658488766,0.0
0.0,1.0,0.5361970811174784,0.6057564688008232,0.5269395646534046,0.6809849992589443,0.0
1.0,0.0,0.2222459561456861,0.16746771620984002,0.8504306567132924,0.11901692712585676,0.0
0.0,1.0,0.49075223842355653,0.44725103881687095,0.6388867820147759,0.25701914602077625,0.0
0.0,1.0,0.5518050409894206,0.48081219647051104,0.8505666957989064,0.6954669173283021,0.0
0.0,1.0,0.3017688288265254,0.36078708946358773,0.48968625477446137,0.7241222391177716,0.0
0.0,1.0,0.5119907560664642,0.5154269892952049,0.6269916840621051,0.10867889842237372,0.0
0.0,1.0,0.6904133123395436,0.7555259625490786,0.8868584462744995,0.817040333836126,0.0
0.0,1.0,0.42066225601750007,0.4140560977439113,0.0366245015839986,0.6013916090896747,0.0
0.0,1.0,0.38011616431304784,0.33908381725711245,0.47368395846187245,0.9796284662678993,0.0
0.0,1.0,0.5665286259584166,0.5539053999417198,0.7540146963739813,0.5790763513344638,0.0
0.0,1.0,0.6832046352573224,0.7199002576414271,0.5232452520565818,0.902229161247914,0.0
1.0,0.0,0.5908326510726043,0.5298623439700962,0.9246496228564776,0.8141059615395374,0.0
1.0,0.0,0.744615652686129,0.7664791890799996,0.02862081408757927,0.17576126049548318,0.0
1.0,0.0,0.6487700834661485,0.6512003164763187,0.6113863932368986,0.9662440295125221,0.0
0.0,1.0,0.4485560566487403,0.40563353170611016,0.0775337421929132,0.9710981687670646,0.0
1.0,0.0,0.7795108422510032,0.8116768043907135,0.41903071561577965,0.2463071730751964,0.0
0.0,1.0,0.5100841748483537,0.465068616643032,0.660109335847529,0.7164278396360843,0.0
0.0,1.0,0.3945466069107119,0.35218438354859016,0.894289031450755,0.6773797644830483,0.0
0.0,1.0,0.5437415285744455,0.4874966728334167,0.3165315803501126,0.30870877932356056,0.0
0.0,1.0,0.43389700192769376,0.408927802044158,0.12617061053649498,0.08526089194542974,0.0
0.0,1.0,0.6107252576845867,0.5571352636826843,0.3989586612587024,0.4021185341118442,0.0
0.0,1.0,0.5120678870410689,0.48828382548439303,0.6753938870029075,0.6092017348167728,0.0
0.0,1.0,0.44111520363347606,0.4356105672417322,0.8466732046618322,0.9472541444984772,0.0
1.0,0.0,0.48832786478345663,0.35911118549316934,0.6941519454676492,0.8963336647238671,0.0
1.0,0.0,0.38569242471540055,0.2941690907441833,0.9702519604680468,0.5296631680816279,0.0
0.0,1.0,0.46214996057764685,0.3972273458664137,0.7966563719056605,0.09704181643658805,0.0
1.0,0.0,0.5202051720260625,0.5702166648183019,0.27924755529357304,0.1040078935865914,0.0
0.0,1.0,0.7442422371908561,0.8198289052968832,0.19402102217191164,0.5303847636164243,0.0
0.0,1.0,0.356185549888116,0.32449172481580535,0.056907509212279495,0.19957272151236632,0.0
0.0,1.0,0.3047178533582061,0.25787277995518254,0.382294499991212,0.02177475411289398,0.0
1.0,0.0,0.47740622747138983,0.3613288367962807,0.8326231337090996,0.3703931194201713,0.0
0.0,1.0,0.5607530793310624,0.5167851178003959,0.8993138123278077,0.0916775463389718,0.0
0.0,1.0,0.45296761543204034,0.47523456408151876,0.9671445315324956,0.9756949085801894,0.0
0.0,1.0,0.45441080869218675,0.4303592283010173,0.647687337816778,0.21298608472377045,0.0
0.0,1.0,0.5177042664260346,0.4151946918390603,0.38908453275943256,0.004762242660480975,0.0
1.0,0.0,0.745400633171984,0.7371713801444956,0.22436203881309663,0.37214167267544407,0.0
0.0,1.0,0.6592201443864236,0.7347035934225271,0.750703786039418,0.6066958505160852,0.0
0.0,1.0,0.5804967463935352,0.6812447228813382,0.3255993072071009,0.15871929142772323,0.0
1.0,0.0,0.296031670538124,0.29267568689758694,0.4456763093848278,0.6529418675673262,0.0
0.0,1.0,0.37436932645062404,0.39687323107523087,0.5889019880470752,0.14624042258948455,0.0
0.0,1.0,0.4932404823409686,0.4496735524256708,0.664032860618849,0.6433826164400652,0.0
0.0,1.0,0.5035416421758413,0.44172154531856134,0.954170213382107,0.5680158903315503,0.0
0.0,1.0,0.3918799365064367,0.3795590440564237,0.8032202396383239,0.14575210279052958,0.0
0.0,1.0,0.39601282965272266,0.4009441485852011,0.32789213531485895,0.5221799965677214,0.0
0.0,1.0,0.2589495676738537,0.16349358213244436,0.5458928237356746,0.7103664265323852,0.0
1.0,0.0,0.12177820155404262,0.06499815967630912,0.35688766009230255,0.2690296001432081,0.0
1.0,0.0,0.5645460060659734,0.5302049212075913,0.35844538551215,0.7500284347441808,0.0
1.0,0.0,0.2850937996154588,0.2677828402097554,0.03756246002900743,0.3385623165068964,0.0
0.0,1.0,0.3510794105285162,0.28117389178321284,0.3972325585758064,0.8425484205166258,0.0
0.0,1.0,0.5706427211452739,0.6168697367513752,0.9968797065488542,0.0560716773896916,0.0
0.0,1.0,0.5641014134094936,0.614589508023394,0.12614699746175195,0.47929005494362265,0.0
0.0,1.0,0.4799851200149348,0.44348675947518446,0.3593154254176112,0.18941761452526323,0.0
0.0,1.0,0.6746015975786573,0.6757011081712491,0.6237808828030356,0.7483657924949758,0.0
0.0,1.0,0.4119778753260984,0.44839437791916403,0.5417836649945591,0.5292097559639877,0.0
0.0,1.0,0.375499696382135,0.4880495032692369,0.6195090923074251,0.9221904997411638,0.0
0.0,1.0,0.7472235601103462,0.8043148152734907,0.2394314416145289,0.3003779438341979,0.0
1.0,0.0,0.27503986564951216,0.2043764267053257,0.6507174511469729,0.6040939886216379,0.0
0.0,1.0,0.7504961817353404,0.7566149824227467,0.7457276153942606,0.14919243585197667,0.0
0.0,1.0,0.7207968308380808,0.7171634695137754,0.7640605117625237,0.29228173123303325,0.0
0.0,1.0,0.17297199015259856,0.11611686291983586,0.1531623964820007,0.5187971553453602,0.0
0.0,1.0,0.7722913537780565,0.6631762733783998,0.4970755147938714,0.3288906759548421,0.0
0.0,1.0,0.623357771902165,0.5750042840046486,0.849793085532772,0.5350130128772523,0.0
0.0,1.0,0.4289002618622799,0.43175523471764443,0.17407186350483078,0.4848887183270018,0.0
0.0,1.0,0.6073074475866024,0.627957486574757,0.18050878346738586,0.08640226799764122,0.0
0.0,1.0,0.5891652211720255,0.6657789073707592,0.1708215549105112,0.919507887571503,0.0
0.0,1.0,0.5466125568435432,0.591016814736686,0.5347307670882403,0.8946203774831547,0.0
1.0,0.0,0.512826843220406,0.49247597410507593,0.24937588921572684,0.3349735928906812,0.0
1.0,0.0,0.30447827264841304,0.2967784078154177,0.306812243921938,0.11857680035729612,0.0
0.0,1.0,0.7217345500850068,0.7089501068124472,0.9852195123541082,0.6382667838930931,0.0
0.0,1.0,0.2973140478371876,0.25151673054501594,0.9325401004097145,0.24072789897263785,0.0
0.0,1.0,0.6805411325820967,0.7276159787275515,0.33836879878702864,0.36396081190766105,0.0
0.0,1.0,0.5683568381099815,0.547664664634206,0.7116809846729586,0.6364799532750787,0.0
0.0,1.0,0.46674232179166314,0.4922982647260207,0.12240157479327557,0.6123729376424409,0.0
1.0,0.0,0.3911205670097725,0.4610173742258681,0.30886305275161197,0.14671089792860093,0.0
