cat_core_1,cat_core_2,cat_core_3,core_1,core_2,noise_1,noise_2,target
1.0,0.0,0.0,-1.7984527313624006,1.5400030097342248,3.1038153900904595,0.748229039894448,1.0
1.0,0.0,0.0,-3.7389905297765793,2.2117403195303758,-1.5517086309472443,-3.73403914799146,1.0
1.0,0.0,0.0,-0.2196163839969898,2.7903596756126383,-3.2707595668387617,1.2616506098233922,1.0
1.0,0.0,0.0,-2.7375430641787566,1.7399727096021973,1.5109643217235096,0.3190973441101166,1.0
0.0,1.0,0.0,-1.3560455210871551,1.324046391979167,-2.6146749674259393,-3.641381868094107,1.0
0.0,0.0,1.0,-3.4196673600426415,1.5146146051103064,-2.5597073959857672,0.1978916168664,1.0
1.0,0.0,0.0,-2.4727252281088323,1.7029750402607389,-3.4007141684423043,3.7227133176237572,1.0
0.0,0.0,1.0,-0.18299327620436112,0.300639799379,-3.563980402954046,1.503505095410408,1.0
1.0,0.0,0.0,-0.9401442579982493,2.1822062390039636,3.1969875746216285,3.715161941638036,1.0
1.0,0.0,0.0,-0.741807000930472,2.2043401256152046,1.9088634317739848,3.4257493113176087,1.0
1.0,0.0,0.0,-1.8307857113130417,1.7706818841787237,-0.9154414568039595,-0.6688998102289112,1.0
1.0,0.0,0.0,-3.8953650173203656,1.5706345910424255,-1.7495306366574699,1.6198221366252694,1.0
1.0,0.0,0.0,-2.1756630486575697,1.691699574442,1.1852943879462714,3.154298065236474,1.0
0.0,0.0,1.0,-2.278899833220078,2.722858811131306,-2.430081797006488,-2.4847304789751536,1.0
0.0,1.0,0.0,-0.47580460846814265,3.2976494713514652,-0.06529618145038718,-2.788447263876207,1.0
0.0,0.0,1.0,-0.7972571759486242,1.187775399676387,-2.6496533696258924,-3.867694158845648,1.0
0.0,0.0,1.0,-2.7487561692637468,3.014597626026605,3.814181505724391,3.1228885718724113,1.0
1.0,0.0,0.0,-1.2411301723936499,0.2333208267874669,-0.03856771873592013,-3.498514005225198,1.0
0.0,0.0,1.0,-5.156708628659507,3.0256753867829147,-3.000919277297542,-1.3471831217942745,1.0
0.0,0.0,1.0,-1.519752443348111,0.7472528356984436,1.6996802648907048,0.5627870593406508,1.0
0.0,0.0,1.0,-0.34581028816625103,1.5546742567599,2.686657647132945,-0.7055341669443127,1.0
1.0,0.0,0.0,-0.5359611794146608,0.5342982711821305,0.99601450451184,3.672887023385874,1.0
1.0,0.0,0.0,-1.6137449851096533,0.50324260843624,-3.120680914838526,-0.368289973313658,1.0
0.0,0.0,1.0,-4.034163268057539,1.6008921971878745,-2.5593704387427056,-1.0294518637211798,1.0
0.0,0.0,1.0,-2.037011277812792,0.7871252984537254,3.994547324355133,-1.4636510218084613,1.0
1.0,0.0,0.0,-0.8790380737676544,2.6556635892846527,0.950227393641037,-1.3641876803734254,1.0
1.0,0.0,0.0,-2.376991828083004,2.0205081911541516,-0.8805402142788266,-2.9208184042375933,1.0
1.0,0.0,0.0,-1.1814858579952547,1.5404333826558916,-2.077535325954279,-3.562248469700191,1.0
0.0,0.0,1.0,-1.1505871161779897,0.8027964100767295,-3.6917948386470396,-2.9633300057232876,1.0
1.0,0.0,0.0,-5.8288577823773675,1.4890410092836304,-1.3959000057895459,2.7925483852137907,1.0
0.0,0.0,1.0,-3.8099976245335254,2.861496063759954,-1.089383312718903,1.401986292198357,1.0
1.0,0.0,0.0,-1.3479810339490157,2.9568178929596836,-0.46750837672918255,-0.8963582338486598,1.0
0.0,1.0,0.0,-1.3449813165235764,1.808454489875421,3.018155116652725,-2.778242023013811,1.0
1.0,0.0,0.0,-3.036834382883108,3.0549051239502383,-1.3447746646367973,3.374669823005407,1.0
1.0,0.0,0.0,-2.601478873440548,1.7281050462820033,3.031568593125786,0.19721688416197125,1.0
1.0,0.0,0.0,-1.1958318577038187,2.49662652003852,2.2360180109379897,-3.2369837929191485,1.0
1.0,0.0,0.0,-2.465313176997987,0.7161140392284189,-3.909688387703511,-1.5530416083951888,1.0
1.0,0.0,0.0,-0.7463248237211215,1.3138790418571364,2.1698492834347327,2.2803224389221617,1.0
0.0,0.0,1.0,-3.120196631810384,2.7100938164108586,2.2446570955910206,2.9405970778271673,1.0
1.0,0.0,0.0,-2.009530992760901,1.7505821572940676,-1.1391859869406025,1.74764684216722,1.0
1.0,0.0,0.0,-2.7802489932587404,-0.3905930578709049,-3.668004324413449,3.9758366627061745,1.0
1.0,0.0,0.0,-2.188503910246986,3.799861869422409,-3.057785623620769,-1.2322219408597572,1.0
0.0,1.0,0.0,-2.3028975924345985,2.358750300208991,-3.1175030700166078,-3.8406073767063704,1.0
1.0,0.0,0.0,-2.996296501461377,0.20864622915018138,1.0596972583139568,3.405627062608472,1.0
0.0,1.0,0.0,0.2683512562385788,0.054958230349579695,2.392038169725473,2.600230123210169,1.0
1.0,0.0,0.0,-2.108646799921056,2.1983056658481104,-2.9027601782635744,1.0851541639267985,1.0
1.0,0.0,0.0,1.6118051078314477,1.3209187280601116,1.1460334177223128,3.6841977006065054,1.0
1.0,0.0,0.0,-1.2327387246906967,0.43839656258247994,-2.050223158492944,-0.8071431949739436,1.0
1.0,0.0,0.0,-3.3080877380446414,2.4607322537228704,-0.6769449369020872,-3.6277564812744583,1.0
1.0,0.0,0.0,-4.018902744640418,0.8164597455247884,3.075848506008321,-0.4756595067521756,1.0
1.0,0.0,0.0,-4.332642231301978,0.4588381257315055,2.2139918912416654,-1.7681317358675734,1.0
0.0,0.0,1.0,-2.7158443301560866,2.282745322771663,2.1091135131845915,0.4463988830916712,1.0
1.0,0.0,0.0,-1.2499457065348532,2.013963763738823,0.3659580071859043,-1.1729371052288462,1.0
1.0,0.0,0.0,-1.856244695114723,2.201239576289152,-1.4659998732842663,-0.9939524482465814,1.0
1.0,0.0,0.0,-1.5534428820788946,0.939122063146838,-3.0238384472527944,1.8741990059421694,1.0
1.0,0.0,0.0,-2.971665369756643,1.2970788448563668,3.596130795638702,-3.395955662480561,1.0
1.0,0.0,0.0,1.3564978538191026,1.2071345474741453,0.03604731864568489,2.769326914098891,1.0
1.0,0.0,0.0,-2.946057780624521,2.385073634169782,-2.439145707057677,-3.274633223658671,1.0
0.0,1.0,0.0,-3.2079048784338235,-0.0253096103704209,-1.3176215798988489,-3.4032270657175827,1.0
1.0,0.0,0.0,-0.4774901880012066,0.6302220503108682,1.7348713525858486,-1.0297252487838708,1.0
1.0,0.0,0.0,0.7049521476176852,2.3578727740195093,-2.7424328807163176,1.0551151537887629,1.0
0.0,1.0,0.0,-1.128420564937549,3.69691174387353,-2.194972066700246,2.587230364661007,1.0
1.0,0.0,0.0,0.6047757112533452,1.2283222771846884,-2.2131183123766354,-1.209556475271624,1.0
1.0,0.0,0.0,-1.5203163491074985,2.6145311009573424,-2.8094861394072277,-1.2763213074845519,1.0
1.0,0.0,0.0,-1.3620148484557246,2.2096826739730924,2.323157223241128,-0.08086805306827749,1.0
1.0,0.0,0.0,-3.7688913050546473,2.291939847676434,-0.18614183625484682,-3.6693943672255864,1.0
1.0,0.0,0.0,-3.717483484676378,2.05257140334409,0.33707644616610466,-0.7416153251435817,1.0
1.0,0.0,0.0,-1.0395577944992118,2.4969468390847207,2.9762558368900436,-3.6994189093520644,1.0
0.0,1.0,0.0,-2.6928742852504466,-0.4538075605166485,1.7233525526728561,0.08288265619262969,1.0
1.0,0.0,0.0,-1.9071171281410226,1.2398895915328538,-2.1175687930803004,2.676030308852278,1.0
1.0,0.0,0.0,-0.8877331106936635,1.5552035153461334,-2.96801425347319,-2.921628872413863,1.0
1.0,0.0,0.0,-1.5051380725762011,0.6165582498113851,-3.2491311842949484,3.734715923776972,1.0
1.0,0.0,0.0,-2.968983146369327,1.8808707142964853,-2.571333395235796,1.916544483269325,1.0
1.0,0.0,0.0,-2.0821778491032408,1.7817708930232563,1.9615761628901582,-2.30105258773001,1.0
1.0,0.0,0.0,-0.525954638339527,1.8131003674065644,3.051633649549066,2.9462960422260354,1.0
1.0,0.0,0.0,-1.6834044915634918,1.7210849325285456,-2.120700877752653,0.4087002390944985,1.0
0.0,0.0,1.0,-3.7790397042163253,1.0320435972839697,2.5486165672786436,-3.784177368098147,1.0
1.0,0.0,0.0,-1.7965822047346158,1.816263032917748,1.2884250379864604,-0.25698045883351917,1.0
1.0,0.0,0.0,-0.37485678671412304,1.6466979440408904,-1.756792492507408,3.9620546592932717,1.0
1.0,0.0,0.0,-2.6653471216516804,1.7903704660063162,0.8410143744514906,-3.311990611227941,1.0
0.0,1.0,0.0,-2.6684329095859,1.8875319918950648,0.07093084108928771,-3.586254510607379,1.0
0.0,1.0,0.0,-0.5337908126912725,1.8927972083262727,0.5617811370210095,-2.147644803949407,1.0
0.0,1.0,0.0,-1.0657138793586167,1.374603554681523,3.3844896760530903,0.7556494885690048,1.0
1.0,0.0,0.0,-2.7996842008113614,2.066417894817039,3.152304510682117,-3.7530054853621433,1.0
1.0,0.0,0.0,0.7188960253626444,2.275835292000562,3.1015622696822547,3.4198613502147026,1.0
0.0,0.0,1.0,-3.9248486755372687,1.5739334922531931,-1.3161125903868793,-3.7053559576085098,1.0
1.0,0.0,0.0,-0.28444182959785325,1.6690780324206986,2.3494352998671637,3.197521074284074,1.0
1.0,0.0,0.0,-2.4904634533927474,1.427585070661884,-3.076005630459398,3.5272797970740823,1.0
0.0,1.0,0.0,-0.3930940259525344,2.359165440621059,-0.1273289012981884,-2.139919562377692,1.0
1.0,0.0,0.0,-2.818452278671462,1.1822662035708076,1.7682292113472835,0.33934004630246317,1.0
0.0,1.0,0.0,-0.110659013282836,3.7075737662681925,-2.9975481980984053,-0.9040164485625333,1.0
0.0,0.0,1.0,-0.6602811066710763,0.8469344612904082,2.9791952330789186,-0.8953151193766571,1.0
1.0,0.0,0.0,-1.080258582079085,2.3929144216422737,-2.316472400989718,2.942967450121432,1.0
1.0,0.0,0.0,-1.3729314713224974,2.706326486390655,3.1089375251919877,3.7663364771355283,1.0
0.0,0.0,1.0,-2.731378336388041,3.038747823422154,2.6260822736308738,-1.8300389667780257,1.0
1.0,0.0,0.0,-1.8584117240291513,0.8454141370427992,-2.1997500834955472,-1.2442471712683485,1.0
1.0,0.0,0.0,-1.859559554653027,3.1701331394021217,-3.8280993036511504,1.3025425589040482,1.0
0.0,1.0,0.0,-0.04373578583855675,1.9086846475482333,-1.555988882829535,2.317423269030945,1.0
0.0,0.0,1.0,-2.9404434924680896,0.8198852692770091,-0.3111028573457215,-1.8777661245643698,1.0
0.0,0.0,1.0,-1.744777588103079,1.768860076264293,-2.0491111372973636,-1.4528208042057686,1.0
1.0,0.0,0.0,-2.3313841092051755,2.335025384346066,-1.2442499050538123,-0.8223131097810059,1.0
1.0,0.0,0.0,-2.584177691497909,2.87506097278789,1.790545155138381,3.5368303211312684,1.0
1.0,0.0,0.0,0.552599563413386,2.499077096230982,-2.25694661702485,-3.6598575636298634,1.0
0.0,1.0,0.0,-1.690379680528,1.386455091464935,-0.04132721959175445,2.186737816385488,1.0
1.0,0.0,0.0,-4.100106913154129,0.8552201932720789,1.6298870780723274,0.6707106402903635,1.0
1.0,0.0,0.0,-1.3942516177455642,3.598924170987534,-0.5429429794489327,-2.4347132414872092,1.0
0.0,0.0,1.0,-2.070671998732066,2.8264511822026153,0.8060960491276381,1.662407842519534,1.0
1.0,0.0,0.0,-3.4953167450697373,3.264915191262019,-0.6564476963047801,-1.1905929683883825,1.0
1.0,0.0,0.0,-3.462113325973065,1.7567387829849745,1.9023655406545181,-1.8017196659634775,1.0
1.0,0.0,0.0,-2.116773161303678,2.3975583866209824,-2.1852602335134677,-2.4076636678212733,1.0
1.0,0.0,0.0,-3.4775833379531234,0.4473748869458427,3.4661945616981065,0.5853885129373122,1.0
1.0,0.0,0.0,-0.143888903797182,2.457273239322829,2.4643788577627905,-2.3143629718797163,1.0
1.0,0.0,0.0,-2.5186144179691365,1.1691852396700528,-2.791541757744212,-0.24481741926972678,1.0
1.0,0.0,0.0,-4.044471072094185,0.865174940726571,-0.7613982806451451,-2.363824259868151,1.0
1.0,0.0,0.0,-1.9769698857101146,2.244757168351528,-0.6861503900360919,-3.585820067440781,1.0
1.0,0.0,0.0,-4.640871905891024,1.5879454858717965,0.3018442848731686,-2.670698244322918,1.0
1.0,0.0,0.0,-3.3770506638665965,0.2912326085800523,-2.1533640088671753,-2.1117355278925185,1.0
1.0,0.0,0.0,-4.016669135255671,2.864492573782936,1.4443410052917773,2.563791998207078,1.0
0.0,0.0,1.0,0.09433956073886973,1.5576254623248118,-3.0588098613928674,-0.18625698545733815,1.0
1.0,0.0,0.0,-3.4659834844196746,2.6809939938098153,0.27808140397954606,-0.4057748897775282,1.0
0.0,0.0,1.0,-3.1864651447014607,0.11191710682876255,-2.56465942174236,-2.2871647443886127,1.0
1.0,0.0,0.0,-2.1116667717018633,3.085625484037725,-1.8370294061987549,-0.39495852975237966,1.0
0.0,1.0,0.0,-1.5374086080425573,0.25317521251246156,-1.8734689040214096,1.6626687246823284,1.0
1.0,0.0,0.0,-1.188569307428105,2.6423884428498168,2.9913925853464667,3.436017984360136,1.0
0.0,1.0,0.0,-3.123355056921677,2.4447993824879184,3.247723327039104,1.4525800864153933,1.0
1.0,0.0,0.0,-2.503702310808996,2.1844068491727984,-1.2947510983563362,2.006148150331911,1.0
1.0,0.0,0.0,0.3268025225913087,2.2740481029920474,0.3240007818686257,2.4501074942305516,1.0
1.0,0.0,0.0,-3.0920858995323615,4.058315857634233,2.820539071294597,1.4786652835927452,1.0
1.0,0.0,0.0,-1.9360046847615628,0.2619375691561483,2.676419458466487,-0.561577588504834,1.0
1.0,0.0,0.0,-2.7534416689730037,2.670349402140685,0.5538162703763163,-0.7792358993680866,1.0
1.0,0.0,0.0,-1.56846056542213,0.17153949397960577,-0.5762620290585421,-3.2073026813491525,1.0
1.0,0.0,0.0,-1.5027111440239924,1.780982029528995,-0.20465868139831578,-1.9271287741500727,1.0
1.0,0.0,0.0,-2.801353254485141,1.1913042026757623,0.9322938032483004,0.4304401328586067,1.0
1.0,0.0,0.0,-1.6761307144294575,2.367031631346498,3.2980155943574294,-0.8712047215645535,1.0
1.0,0.0,0.0,-2.2989731720337394,1.547371838715236,-2.2391934611292728,-0.6144050219868884,1.0
0.0,0.0,1.0,-2.4725020055306226,2.0213330812212145,-3.6997316958856503,-1.5561521815300265,1.0
1.0,0.0,0.0,-5.220290368294552,2.4372691685696144,0.17872302695787745,-0.9880540956272901,1.0
1.0,0.0,0.0,-1.2502607339822789,1.1458000796783656,2.662684165614187,2.9698442915966705,1.0
0.0,1.0,0.0,-2.869480272733366,0.6859787621991005,-0.33170436689164173,-2.985062728196171,1.0
1.0,0.0,0.0,-1.6842077837598952,0.7470141314244052,-3.7419413177987915,1.370633064109005,1.0
0.0,1.0,0.0,-2.5704344260593555,1.0195607320226379,2.846204806576,-2.5372415192008635,1.0
1.0,0.0,0.0,-0.3547161733202908,0.6316527067020987,2.5567643051995015,1.5412102830638634,1.0
1.0,0.0,0.0,-0.021279451345140865,2.6773907982180742,-3.9243129610854144,3.157868193669315,1.0
1.0,0.0,0.0,-2.806483681536543,2.55396361387903,-1.6792590777061873,-2.697975202356793,1.0
1.0,0.0,0.0,-4.508789115101681,2.2012619731592644,-0.4581622845587736,0.5569968310518103,1.0
1.0,0.0,0.0,-1.2499724356425486,2.544017475557789,1.053355099074036,-1.7745079060456073,1.0
0.0,0.0,1.0,-2.7980627251300163,1.7998837438271198,0.8881953230350499,-1.671505014923003,1.0
1.0,0.0,0.0,-5.407083195580556,2.975513684019785,3.630162540143129,1.6956330154208574,1.0
1.0,0.0,0.0,0.6463825664787639,1.2582959649815044,2.763073613175493,-0.49287813964517024,1.0
1.0,0.0,0.0,-0.8938205379575141,1.0446806866545608,2.199228322232785,2.183996853996933,1.0
1.0,0.0,0.0,-1.8336637959911954,3.5324200671917256,-3.3595569039157844,1.8897841318840456,1.0
1.0,0.0,0.0,-2.617281330230521,1.7557762657796487,0.7935952599912035,2.9850171460254,1.0
1.0,0.0,0.0,-0.2823976778896353,0.6347751562082486,1.0160543473261079,-0.7108193201081727,1.0
1.0,0.0,0.0,-0.10194183605180629,1.535101948458705,1.3122730243581646,-1.8542075131136846,1.0
1.0,0.0,0.0,-2.1091919924900377,2.0115097393264922,-2.3281808951284875,-2.4120155968526253,1.0
0.0,1.0,0.0,-2.317950339896983,2.837623372186467,1.9774647507058116,-0.8510875098112578,1.0
1.0,0.0,0.0,-4.903438247901702,1.1171534693831406,0.5159866138149996,3.7391354213257566,1.0
1.0,0.0,0.0,-0.8233608624486906,1.1522400882875388,1.4876082987977686,-3.2522772410470706,1.0
1.0,0.0,0.0,-2.1299482856266576,2.2976587706604863,-2.2031042279281356,1.9372267792247948,1.0
1.0,0.0,0.0,-3.132533230610842,-0.0414924657095086,-0.030379123954654474,-0.49823917474622803,1.0
0.0,0.0,1.0,-3.911630267677566,1.0107515378250207,3.7608317410894294,-2.8436338388082625,1.0
0.0,1.0,0.0,-0.032440693561443856,3.065110168520595,0.5926891512368568,-3.5591851314266227,1.0
0.0,1.0,0.0,-1.892716888397513,3.4242830544995613,3.9086431168879603,0.8719768906654082,1.0
1.0,0.0,0.0,-4.094920878444656,3.681298598401189,-2.6244989629178264,-3.6682271280098515,1.0
1.0,0.0,0.0,-0.7145724859348495,1.187336288413801,-2.6816546246346977,0.9078061290454142,1.0
1.0,0.0,0.0,-1.7466964263177784,2.2414118005000954,-1.0358429399881084,-0.650592455794051,1.0
0.0,0.0,1.0,0.6891077832294998,1.5941154276176026,-2.3886003385304297,2.5774289317843726,1.0
1.0,0.0,0.0,-3.288289718923595,1.91293092437092,0.9407208303027712,-2.5233464830594654,1.0
0.0,1.0,0.0,-1.2591431876294856,1.0816265159065699,-3.80288672644404,-2.851583204420077,1.0
1.0,0.0,0.0,-4.267608395433786,1.7489734510417994,2.697044736927694,-1.4320852530701638,1.0
1.0,0.0,0.0,-1.784369243719761,2.9730762871349685,-1.791865139500029,-1.5682476975006203,1.0
1.0,0.0,0.0,1.420454195612399,0.8415681036377318,-1.8995148051189208,0.8232935347189239,1.0
0.0,1.0,0.0,0.6133707514818805,2.089134936375809,-0.9314135507573544,-0.6344282723969519,1.0
1.0,0.0,0.0,-2.4434014927571375,1.9459104822926292,-3.1400820344055163,1.6774651064748856,1.0
0.0,0.0,1.0,-2.9738473777088683,3.1127087521837464,-3.7041064904022454,3.918287039408699,1.0
0.0,1.0,0.0,-1.5544340976736457,1.6526820768998118,-2.2202874854785524,-2.8080964974074796,1.0
1.0,0.0,0.0,-2.476035869785136,2.958658980969664,0.5705212955994767,1.3110389011137258,1.0
1.0,0.0,0.0,-0.07636211403726256,2.047097812267239,-3.0892907266761664,-2.0961450897532394,1.0
0.0,0.0,1.0,-3.7435644331355524,2.0109999699703445,-1.7864357657961367,2.388552602523019,1.0
1.0,0.0,0.0,-3.9277428502975367,1.7831665276731115,-0.998752223493697,0.6747368550972777,1.0
0.0,0.0,1.0,-2.2107821848187594,1.3686059663180403,-3.342722264160675,-1.1963250355434178,1.0
1.0,0.0,0.0,-0.3384584788014078,3.249776297950091,-3.1500188311000743,-1.1670787646074166,1.0
1.0,0.0,0.0,1.0001807377393575,2.5477128427352955,0.2630890933310912,-3.2273356615688833,1.0
1.0,0.0,0.0,-0.9615767263845962,2.0073894430471286,1.8229580713926836,3.3066124045882725,1.0
1.0,0.0,0.0,-2.624516412661351,1.8267717184818177,3.666854111860671,3.7653215423242914,1.0
1.0,0.0,0.0,-2.631130310723417,2.766266760120498,-2.542121030910643,2.278671217082807,1.0
1.0,0.0,0.0,-1.481783928889489,1.9444883225412068,2.852887750880339,3.1280063045397695,1.0
1.0,0.0,0.0,-2.286144889518935,3.1461122276966482,-2.5064198341219344,-3.4773869334920295,1.0
1.0,0.0,0.0,-3.165668630680899,1.7521104912283103,1.3029839617776524,-2.517846860330497,1.0
1.0,0.0,0.0,-3.0404060870384235,2.9395717069535583,3.616211152051541,0.8347485890006325,1.0
0.0,1.0,0.0,-2.7866337617207337,2.818999631985028,1.0744245683528728,-0.24184620297979365,1.0
1.0,0.0,0.0,-2.0425140126701726,2.1897259790799346,2.7994860056202464,-1.6573533881025382,1.0
1.0,0.0,0.0,-3.284259073699418,-1.6137793574134842,-2.4574555389677064,-2.11344556797963,1.0
0.0,1.0,0.0,-0.2627418208386243,2.6070403103542814,-0.4150859920782217,0.3917505013481337,1.0
1.0,0.0,0.0,0.8924588386559535,1.7188863866124917,2.978941620771936,3.697255482795252,1.0
1.0,0.0,0.0,-3.7235636139218444,3.841393475505174,-1.0882640218294624,-3.994835094427221,1.0
1.0,0.0,0.0,-3.279125188164813,0.36247740062204503,1.458238905412193,-1.1339381950154603,1.0
1.0,0.0,0.0,-2.8520258463652284,3.524986151572163,-0.43922520472129545,1.378799118746202,1.0
1.0,0.0,0.0,-2.7839519001549724,3.2531253183934496,3.1721895941947027,-0.7802587302217159,1.0
0.0,1.0,0.0,-3.98223836109032,2.4642889027700816,0.9272575538225825,1.7688796543640821,1.0
1.0,0.0,0.0,-3.171258413446518,-0.6298519136053429,-1.5085469135136664,0.8811652612966308,1.0
1.0,0.0,0.0,-1.6981387466092421,1.6980133771156574,-1.5376303501275892,-3.9269475351387877,1.0
0.0,1.0,0.0,-4.0347561242992676,-0.44900327145174046,-0.8115829078433299,1.9597218731261226,1.0
1.0,0.0,0.0,-1.490255158337388,2.544728192880004,-3.742156465160112,1.4094278168906795,1.0
1.0,0.0,0.0,-0.7472042968577532,1.2670866961760372,3.021455587528564,0.49849484531497534,1.0
0.0,0.0,1.0,-1.7695740459627607,2.949405924969319,3.9869197631271778,1.5851232557011823,1.0
0.0,1.0,0.0,-1.8117095001335377,2.0925177750924124,3.2692201919478094,-1.9656218338705846,1.0
1.0,0.0,0.0,1.2106243246661759,0.30430262333113856,0.29937873835395745,0.22113171780373708,1.0
0.0,0.0,1.0,-1.1101062386495855,2.4658590946830903,1.9027869068494434,1.3025514530330353,1.0
1.0,0.0,0.0,-2.967297148578571,2.1134577683938707,-1.2776658213505971,1.9882371692040728,1.0
0.0,0.0,1.0,-1.0352774418661819,1.5268355716508024,1.683659835699589,-3.6174913652805634,1.0
1.0,0.0,0.0,-0.2114583536684307,2.7191139867278116,-2.3674407138641795,-2.6144240941019747,1.0
0.0,1.0,0.0,-1.855599657507257,2.7565215859330916,-3.491509855174053,2.9347810744059633,1.0
1.0,0.0,0.0,-1.541436609985408,1.9011135533026005,1.1194513607411176,3.7093447095764827,1.0
1.0,0.0,0.0,0.022727341162914527,3.3713308709812884,-0.9140960941754699,-0.7236414736075645,1.0
0.0,1.0,0.0,-4.059656358741653,4.189985157474576,-0.9039684235496974,3.895090960172153,1.0
1.0,0.0,0.0,-0.8738587113776222,0.9454944818355464,0.1434120636955898,1.500458205990447,1.0
1.0,0.0,0.0,-1.110665124888408,1.862006464109049,-0.1324178023015401,2.2651836058035473,1.0
1.0,0.0,0.0,-3.3798263750943836,2.2017840526169086,-3.3824785402471047,0.13837180936231963,1.0
1.0,0.0,0.0,-2.5613720788096113,1.8298472007318776,0.022992009887908615,-2.17996818776807,1.0
1.0,0.0,0.0,-2.368503044118691,0.7277009445316909,3.4591885889596234,-2.357108788024017,1.0
0.0,1.0,0.0,-2.2368970406470017,1.1112581161975508,-3.6565314339871122,2.8914923915728714,1.0
1.0,0.0,0.0,-2.3120605339929257,1.1596528447371937,-3.503098727360002,-3.907359977248703,1.0
1.0,0.0,0.0,-2.0868584451408814,1.6815227081542394,3.4576314810479962,-1.740617873700268,1.0
0.0,0.0,1.0,-1.742250644062065,0.15390960611550208,1.3111151677382162,-2.587484266154127,1.0
0.0,0.0,1.0,-0.959029884908442,2.2265830983842854,0.8183871586085392,2.8798257365676836,1.0
1.0,0.0,0.0,0.5805946291234627,1.1090382976849598,3.4331081454453427,2.9945829340126053,1.0
1.0,0.0,0.0,-3.3764721041927377,2.592672026843704,3.599909034821559,2.7166567796657164,1.0
1.0,0.0,0.0,0.09627406567410013,0.3126798931911279,-2.650018645704842,-3.132794436793554,1.0
1.0,0.0,0.0,-0.9356609418289896,3.708195214913788,-3.6164759628752456,0.4545007803348877,1.0
1.0,0.0,0.0,-0.8883903739310124,1.2515986305579156,0.6792336780451746,1.1959206314863007,1.0
1.0,0.0,0.0,-2.604547795348811,2.560004321676675,-1.6425391254506465,1.657598229973229,1.0
1.0,0.0,0.0,-1.9434992586610917,2.7217624472366464,0.2453595770177932,-1.2000526075247882,1.0
1.0,0.0,0.0,-3.1712909806756073,1.7514051599074232,-0.05175781578855254,3.683778025666988,1.0
0.0,0.0,1.0,-4.108090741863366,-0.09015630968034927,-3.5409384084563236,-0.06084261186295947,1.0
1.0,0.0,0.0,-1.6078761346543424,1.7720429818727967,1.1891057915840921,-3.8364564748521994,1.0
1.0,0.0,0.0,0.5716107240484418,2.8048492267339933,-3.163485913285646,-0.48539164657329614,1.0
1.0,0.0,0.0,-4.340621145734549,2.343143199190053,1.3353583003039748,1.5836815120812604,1.0
1.0,0.0,0.0,-2.327291795692499,2.368521457976233,2.2843712588181093,1.342221157180635,1.0
1.0,0.0,0.0,-2.035367610394551,1.595762226753508,2.2930611849033893,0.9853186282436326,1.0
1.0,0.0,0.0,-2.7285742408087024,1.5870633348013339,3.2385238532704443,-3.0102119607580073,1.0
1.0,0.0,0.0,-1.8382646288846394,1.3594608242253035,-1.1419021355951635,-2.521809413893979,1.0
1.0,0.0,0.0,-1.6181731066282,0.2978985449589717,2.3036927215343272,2.7523742464556955,1.0
0.0,1.0,0.0,1.1545019268746932,1.7222138725068261,0.1872199121493825,3.3637199569126066,1.0
1.0,0.0,0.0,-1.3599690128313537,-0.16139140264214413,0.12621558148958467,1.7310197785156678,1.0
1.0,0.0,0.0,0.4003318038437138,1.607375773613883,-2.2701667528713427,-1.2708389080810392,1.0
1.0,0.0,0.0,-2.042296378232531,2.1981092095359234,2.0081513596903067,3.9559746120606265,1.0
1.0,0.0,0.0,-5.175843337996628,2.8683873214120332,1.4865824419901958,1.4800399212163358,1.0
0.0,1.0,0.0,-1.6774921930379225,1.2161245425040916,-0.5998711416878821,2.8558724545615073,1.0
1.0,0.0,0.0,-4.2596056573521714,1.905318957985844,3.2708343658575147,3.290729214896521,1.0
0.0,0.0,1.0,-3.3870082721436505,1.2544448443941767,-3.25718466810543,-3.7299784593544443,1.0
0.0,1.0,0.0,-1.8765529411811779,0.056857403553554065,0.20217244192696882,1.1833913471300797,1.0
0.0,0.0,1.0,-1.262023068239098,1.7487215036106172,-3.203701495706098,-2.6866068575453683,1.0
0.0,0.0,1.0,-3.192494094686671,1.4925564781264362,0.3109201093186247,0.19553423681565807,1.0
0.0,0.0,1.0,-2.4156576750568517,2.572805297804873,2.3024490655589522,-3.810634575744305,1.0
1.0,0.0,0.0,-0.20591733482991548,3.292496606076093,2.952805318214356,3.49542656977734,1.0
0.0,0.0,1.0,-1.002062538782811,2.479886857182369,2.639964481680088,-3.7563035721955265,1.0
0.0,0.0,1.0,-1.5585891760750048,2.112768579001612,1.683957206187662,2.8059150870256326,1.0
0.0,1.0,0.0,-1.2666899913409715,0.4715899367002929,-3.027953569540214,0.7497370918493118,1.0
0.0,0.0,1.0,-2.26084389225944,1.056618739287769,-1.1031531264304988,1.995257428376859,1.0
0.0,0.0,1.0,-4.86461462703433,1.1671034863476732,0.8236289596304491,0.1505975916610538,1.0
0.0,1.0,0.0,-1.2437993819005553,3.468138794800885,-0.010773396187486739,1.3810932410336356,1.0
0.0,0.0,1.0,1.2972704720612112,3.3691794954279293,-3.0108887802264954,-0.6673048627297575,1.0
0.0,1.0,0.0,-1.3514124458785783,1.9699615112722437,2.9594954869541716,0.5302526008085051,1.0
0.0,0.0,1.0,0.3062821806519569,2.008872014111815,1.2862471083383458,-2.6511903270510846,1.0
0.0,1.0,0.0,-1.661621200420968,0.9675549530168579,0.9586806588804784,-0.6203148022908449,1.0
1.0,0.0,0.0,-3.383662406996377,2.366361752837107,2.517877177772558,-2.2143707612518524,1.0
0.0,0.0,1.0,-0.34549454195877205,2.500688344633447,2.908628047605718,3.195821839288567,1.0
1.0,0.0,0.0,-1.4351693811242106,1.0563537829723884,-3.562307917067691,2.8539097119405286,1.0
0.0,0.0,1.0,-3.0743345326545786,2.617525882966315,-2.4158836253361544,-3.9013483055222835,1.0
0.0,0.0,1.0,-1.1378145512865612,-0.3118368464100003,1.2440047486332002,-3.9781626594998754,1.0
1.0,0.0,0.0,-2.554902446436974,2.061809725024922,1.8534388008232288,-0.43442394513617266,1.0
0.0,0.0,1.0,-2.301637479451549,1.1975029259950896,3.833852689604069,2.437043307941688,1.0
0.0,0.0,1.0,-4.224332849512917,-0.02705150553718383,-1.0858055086138103,2.6586713152614747,1.0
0.0,0.0,1.0,-1.6705485056771652,3.0036467104155324,3.8249390551258733,0.9261779295814074,1.0
0.0,0.0,1.0,-1.9947906113704228,1.3376482547267865,-0.07403158933670984,-0.2664453790544945,1.0
0.0,0.0,1.0,-2.142251005292837,1.603077063486747,2.859872012089289,3.4947864943972613,1.0
0.0,0.0,1.0,-1.4818397462096828,1.9865825171746476,2.1606049025993324,2.0221995360183493,1.0
0.0,0.0,1.0,-4.565389386649869,1.9318990915313565,0.8760202661840122,-1.922319854099901,1.0
0.0,0.0,1.0,-0.6635135077489258,2.3525906091260658,3.9569694648472753,1.5039867324506568,1.0
0.0,0.0,1.0,-2.1645783202672706,3.0278643877912628,0.5258005609831002,-1.0168311638869403,1.0
0.0,1.0,0.0,-1.319548504441098,1.5489055928975046,-1.4465089817395764,1.380583854102989,1.0
0.0,0.0,1.0,-2.8894602162460123,3.265101292782089,-3.9071705502345893,-0.6776664992428119,1.0
0.0,0.0,1.0,-0.9331149359882829,3.2654604108365564,-3.238949486652749,-0.1204287542010043,1.0
0.0,0.0,1.0,-3.2713935002137546,1.8203803570856796,0.9822976655391145,2.8903057525498124,1.0
0.0,0.0,1.0,-0.4448429677314858,1.532503216152559,0.6186950470109904,-0.6098237248017764,1.0
0.0,1.0,0.0,-3.8194763093648474,1.7152735676638093,2.526558231302576,0.4948674800985442,1.0
0.0,0.0,1.0,-1.8367690227360103,2.25877890778463,1.483467451855823,-3.4670113255470385,1.0
0.0,0.0,1.0,-0.269546061036966,3.4851878269594265,2.6785004444348166,-3.5257081174649008,1.0
0.0,0.0,1.0,-6.068028255470088,2.681204386227651,-0.24021831911303515,2.014808838713453,1.0
0.0,0.0,1.0,0.23139285708551283,2.347035078622529,-2.2678188207939325,2.556807555280729,1.0
0.0,0.0,1.0,-0.4440915048697487,1.0157654978456354,-0.2408962191619599,-1.408868122960314,1.0
0.0,0.0,1.0,-1.411082995452458,1.6164290111359818,-3.522980196713874,-0.9319971386686392,1.0
0.0,0.0,1.0,-3.514804349652417,1.9947957006967838,-3.160728459763387,-1.9291187174138464,1.0
0.0,0.0,1.0,-0.6093542784548014,2.285690925647141,-0.9075905131265758,-2.786038135087913,1.0
0.0,0.0,1.0,-2.653393350029668,2.568788954439055,-3.7852809700924945,-2.54679836115694,1.0
0.0,1.0,0.0,-2.897911252708949,2.7780571564554526,-2.0945772423787083,2.183404769829518,1.0
0.0,0.0,1.0,-2.9126733765045243,2.7565443966856105,3.0725527808485174,-0.6177314684620141,1.0
0.0,0.0,1.0,-1.7211138279777807,0.889191189726132,0.5493808777956044,1.0873609560132547,1.0
0.0,0.0,1.0,-2.4969894878130527,2.0261804342557124,3.508737343568958,-0.1685919127958151,1.0
0.0,0.0,1.0,-2.7581068984216373,1.4713451930157906,1.5743604190035185,0.42828107826895234,1.0
1.0,0.0,0.0,-1.9391233565383235,1.276558162058842,3.0829134584055495,2.564869959147063,1.0
0.0,0.0,1.0,-2.8084777798326224,2.6781805848614066,-2.84925878744044,-3.0342911589180472,1.0
0.0,0.0,1.0,-2.7218666438097023,3.007649570596412,-2.9273079494609258,-1.9270986289065668,1.0
0.0,0.0,1.0,-2.549170728853652,2.3758914140245304,-3.5449779213102097,-0.3992031727086678,1.0
1.0,0.0,0.0,-0.9295630871900669,1.6049138634678888,-1.9431855855428806,1.2714753743525709,1.0
0.0,0.0,1.0,-0.13802698984319894,3.0226819563883307,-3.6978354388735175,1.6466064904280229,1.0
0.0,0.0,1.0,-0.4155876084429324,3.2886298271169108,3.7009902854770296,3.162516902673868,1.0
0.0,0.0,1.0,-2.505436124034372,3.4882657566090964,-2.8631074630198903,2.983001733296171,1.0
0.0,0.0,1.0,-2.8880822309724516,2.326037475556222,1.9372001512732693,0.059826028036249035,1.0
0.0,0.0,1.0,-3.5487186427596056,-0.034914816536582016,-2.3596989873717824,2.5388323712391623,1.0
0.0,0.0,1.0,-3.6554787384418237,2.429563564265966,0.3225516305120486,-2.741559055283683,1.0
0.0,0.0,1.0,-0.8773604545852567,2.842917483249882,-3.8656882687072676,-3.6011077476652877,1.0
0.0,0.0,1.0,0.8515146677015388,3.2434062397668684,-3.005106417510052,1.3781926690195387,1.0
0.0,0.0,1.0,-1.9299967795501356,3.232911858376296,3.4298482520399514,-3.0128449560969974,1.0
0.0,0.0,1.0,-1.9872197438742787,2.0924923285065304,-2.596813417441063,2.391857715508178,1.0
1.0,0.0,0.0,-3.0633628724910906,1.8011664509918974,2.881521279715794,-2.1659693457587457,1.0
0.0,0.0,1.0,0.8251572916599805,1.9193144910484605,-1.5832026136693935,0.07462702410614419,1.0
1.0,0.0,0.0,-1.414237146287368,0.36980965764441165,2.6939619679274687,-1.6960993577833996,1.0
0.0,0.0,1.0,0.8585020327329942,2.0516786007732293,-0.8343973523601296,3.8836464486165045,1.0
1.0,0.0,0.0,-2.268334165430154,0.426980443993761,-0.22759630355968863,-0.8087473544135486,1.0
0.0,0.0,1.0,-2.4624074564286618,0.32057957013136673,1.8196362391179095,1.471594133119683,1.0
0.0,0.0,1.0,-1.7372400918653157,1.910567522686248,-1.8070695042511682,-0.5619278494834079,1.0
0.0,0.0,1.0,-3.4319498763517338,0.2590587418698389,2.1593373823490998,-0.9780464397713216,1.0
0.0,0.0,1.0,-4.047150755702038,1.1636311288163586,-3.8609808873486307,3.723718919605955,1.0
0.0,1.0,0.0,-1.8609140357133518,2.7123484860232536,0.7583033138695523,0.9582168556725543,1.0
0.0,0.0,1.0,-1.26679210079288,2.040232221409588,-2.475889547496881,0.7525725649370614,1.0
1.0,0.0,0.0,-4.637066290194552,2.781552920164007,3.8691189532515313,-0.13792860728306167,1.0
0.0,1.0,0.0,-2.9035643623401928,2.4998366282538402,-1.5064956933485822,-2.9950076859695756,1.0
0.0,1.0,0.0,-1.7007180035423093,3.0484747310677616,-3.244182673254115,3.179448907020233,1.0
1.0,0.0,0.0,-5.176511373812734,2.352948311654924,-0.7604841479446502,2.474692351565124,1.0
0.0,0.0,1.0,-2.834869499593335,0.23766044092187522,0.16408752560586226,3.796672446296718,1.0
1.0,0.0,0.0,-2.2974756969088377,2.731709250263866,-0.6818854097700999,0.9228027606419387,1.0
0.0,0.0,1.0,-2.426469924464186,0.8525164114363253,1.2094777516807564,2.8553380706444615,1.0
0.0,1.0,0.0,-2.0980754623935307,0.3241941014358083,3.5784424309900595,-1.159718901001372,1.0
0.0,0.0,1.0,-2.062801976602282,2.6847538862621088,1.663268267351878,1.8590628316310225,1.0
0.0,0.0,1.0,-2.0912442056794633,1.2361997197107155,-3.5778731225887164,0.38771499904978945,1.0
0.0,1.0,0.0,-2.6890964705877116,3.4063484772597956,0.24158532866440297,1.7674925171612168,1.0
0.0,0.0,1.0,-1.3268799465746073,1.4753851144586583,-2.4823744576672215,-3.300918498418868,1.0
0.0,0.0,1.0,-1.6749308915452148,1.8524195616546346,0.7485473741859607,1.5196828272497616,1.0
0.0,0.0,1.0,-2.2460115717127853,2.7290937477596797,-2.8400650973627233,-2.709783250263518,1.0
0.0,0.0,1.0,-0.45428743138217587,1.9741413857677959,3.145285117340112,3.986371471599072,1.0
0.0,0.0,1.0,-3.5314371253155077,2.6599868634697694,-3.8305991633292598,-2.703238137707892,1.0
0.0,0.0,1.0,-1.2992420497167956,1.2691819587059707,1.7681371075070071,-2.5590795533709683,1.0
0.0,0.0,1.0,-0.5165476176841832,2.1555611177940106,-0.8555015008392717,-1.5049143106201726,1.0
0.0,0.0,1.0,-1.7799366340463076,2.3125183681182335,-0.18195175451970957,-0.5092818505195424,1.0
0.0,0.0,1.0,-0.7356831352653062,1.84799384261915,1.1494916681745044,0.015658868151123606,1.0
0.0,0.0,1.0,-2.0946814962960616,2.4819214640336402,-3.807332899205102,3.845785111713676,1.0
0.0,0.0,1.0,-2.115522263977008,2.52371428466338,1.9705148258725647,0.42171317890843873,1.0
0.0,1.0,0.0,-1.3828393989173318,1.1757874829076382,0.9744880230791688,-0.9106849793925216,1.0
0.0,0.0,1.0,-4.892094444080207,0.9554920141217176,0.38862039812935123,-0.3078250522467352,1.0
0.0,0.0,1.0,-1.8761516439351509,2.9251384223688897,-1.1466543092571744,0.48339503343711154,1.0
0.0,1.0,0.0,-2.2275085525479543,1.465693841726059,-2.3985199145959406,-3.5141200843433467,1.0
0.0,0.0,1.0,3.5042410825642536,1.6897345812663007,0.17497097377234905,-2.2992769300353455,1.0
0.0,0.0,1.0,-0.3451943890207321,1.866265548943598,-2.4848084459782447,-0.47280624348871925,1.0
0.0,0.0,1.0,-2.9206937435257707,2.4616825774056044,-0.42401571379492786,-3.4364471845389044,1.0
0.0,0.0,1.0,-1.0710987615213317,3.021654273736261,-0.972095120596606,1.0446540165683054,1.0
0.0,0.0,1.0,-1.3296549480785367,1.0551716512210123,-0.1924958784418278,3.2929907176866093,1.0
0.0,0.0,1.0,-4.382863702981717,4.208770997480635,-3.828272542740578,-2.7923602018951863,1.0
1.0,0.0,0.0,-4.980315820709859,3.2596413224018144,-1.2353858859430167,2.9823367138304944,1.0
1.0,0.0,0.0,-3.6410082169626383,2.767223165946085,2.1213199032173398,1.4496872841831978,1.0
0.0,0.0,1.0,-0.910082519086648,2.0405635895651053,-0.3799986736247378,-2.9024325510842948,1.0
0.0,0.0,1.0,0.4028353309310093,-0.005373127858041116,3.5770092123539072,2.384530418478654,1.0
0.0,0.0,1.0,-5.660260718978937,2.472781592882079,1.6869313029133597,1.204148215879556,1.0
0.0,0.0,1.0,-1.5133079160893788,2.1994653629125485,2.461604325826573,-0.4846559432013233,1.0
0.0,0.0,1.0,-3.1207316997926275,1.5203531982331984,3.898248199152527,-0.8379559213493248,1.0
0.0,0.0,1.0,-1.2722149437640988,1.3859883111899869,3.412503155925517,1.2342166716008638,1.0
0.0,0.0,1.0,-2.243365735674506,1.664334021592391,0.6145400304179596,-3.9537542442294358,1.0
0.0,0.0,1.0,-0.802731002308102,3.3909604828280893,-1.7462355507403702,-1.446840905447293,1.0
1.0,0.0,0.0,-0.6249474060868341,3.5164402477235934,0.5363584218421762,2.037121563661797,1.0
0.0,0.0,1.0,-2.065451651821889,2.4143404906049684,2.1294094662838283,2.898616690886284,1.0
0.0,0.0,1.0,-2.783567380227091,1.0753443155770714,2.477121081336648,-0.7057586583606463,1.0
0.0,0.0,1.0,-2.9484820749942706,3.735519091677473,-3.1334449539989526,1.9149776154669969,1.0
0.0,0.0,1.0,-1.2209796378182403,2.044196436948896,-3.0043754623605095,3.1085443381308195,1.0
0.0,0.0,1.0,-3.368492334593265,1.397397260064344,-3.9924202751464772,-0.34581997932187836,1.0
0.0,0.0,1.0,-0.46867484803896464,1.9708597784779587,1.9987174800917709,-2.585593004637099,1.0
1.0,0.0,0.0,-0.8438144811729869,1.6611461350248962,-1.288719634790283,0.7030333913792033,1.0
0.0,0.0,1.0,-1.1960676388836358,1.5258528651606076,1.3049073669919258,3.25188294135366,1.0
0.0,0.0,1.0,-0.33984410524954867,1.9664020529697805,-2.326983851327932,1.855663579605352,1.0
0.0,0.0,1.0,-2.647283420371416,1.9324154336546269,3.2337471858431046,-1.4996378902164995,1.0
0.0,0.0,1.0,-3.707884357287007,0.9989882185887922,0.43399270242666343,-0.33991192774363643,1.0
0.0,0.0,1.0,-1.5569333314685208,1.872347662127936,1.4004088044883467,-2.362173815602504,1.0
0.0,0.0,1.0,-1.9964194156469286,2.340169934832258,-1.5608182777354687,2.670006690129693,1.0
0.0,0.0,1.0,-2.040960730049958,3.2814196050405737,-3.662810353393862,3.511204493685419,1.0
0.0,0.0,1.0,-1.6419800184560733,2.0322577675982725,-2.140700760784335,-3.8618865862240126,1.0
0.0,0.0,1.0,-3.658251825796505,1.6864961155458071,-0.3270255123836767,-0.023654241409687415,1.0
0.0,0.0,1.0,-2.8997523843977375,2.280509692479179,-2.223066101760482,3.8499686643049325,1.0
0.0,1.0,0.0,-0.637469959197134,1.7931122113066023,1.2701454102059948,-1.8489378075562382,1.0
0.0,0.0,1.0,-0.46846520310931616,1.9285881118035502,-2.4548532076546348,3.322388311766394,1.0
0.0,0.0,1.0,-1.187415000121292,3.048694899496359,-3.570558466921999,-0.14411402364443848,1.0
0.0,0.0,1.0,-1.154539999887465,1.5438547237205622,1.7857492522289906,-3.331923670464467,1.0
0.0,0.0,1.0,-3.765374177518029,1.9429083428437355,3.229467434677389,-0.6791503079935755,1.0
0.0,0.0,1.0,-5.028857372172692,1.6393938208594243,-3.115598791030555,-1.181024537834828,1.0
0.0,0.0,1.0,-2.2772188292375146,0.1422081600925531,2.1355464049310715,1.260983771523236,1.0
1.0,0.0,0.0,-1.574062276575962,3.82043286079186,-3.9569051431640894,3.5015502312886877,1.0
0.0,0.0,1.0,-2.301724975923868,1.6871348351776425,-0.06462742232766505,3.0913286111578033,1.0
0.0,1.0,0.0,-1.3891918615228005,2.8470616623963534,-3.3021620321361755,1.784047934759112,1.0
0.0,0.0,1.0,-1.9389633578125423,-0.36444897522441044,3.3768567032216303,3.194134984736925,1.0
0.0,0.0,1.0,-0.368552559809443,1.8292602809018261,-0.5579192859571274,3.9682103355382585,1.0
0.0,0.0,1.0,-3.632707581622467,1.0725829543404513,-0.3101171870029109,-1.7429168763495015,1.0
0.0,0.0,1.0,-2.848659865558886,2.131578160373457,-0.24131769749550624,-1.9079666631296908,1.0
0.0,0.0,1.0,0.20186823873275683,1.2917224115015526,-2.570916062178968,-2.931744173329321,1.0
0.0,0.0,1.0,-1.365521200779225,1.402828104730808,3.204013274643187,0.9291007029239173,1.0
0.0,0.0,1.0,1.724628255122974,3.075254804912105,-1.5328936280246293,1.041339588392078,1.0
1.0,0.0,0.0,-2.7173475288500613,0.5931305400062972,3.514616658088018,-1.3670812198306042,1.0
0.0,1.0,0.0,-4.005724071465625,3.279218277337435,-3.7328832025587086,1.065726465865004,1.0
0.0,0.0,1.0,-4.371585499362557,0.9438096733537495,-1.6061344065813277,-1.3366843526246628,1.0
0.0,0.0,1.0,-3.3083035184420155,0.4597686118318227,-0.7955775524745672,2.013969196983748,1.0
1.0,0.0,0.0,-3.9058994083973078,2.979370772172901,-2.1260225611422694,-0.0920860496328233,1.0
0.0,0.0,1.0,-1.6039119600116398,2.3983242310677086,-3.78152482743877,-2.7674940169410744,1.0
0.0,0.0,1.0,-1.3207716740617779,1.1030170314302836,-2.3178984916798484,-1.3068457600819672,1.0
0.0,0.0,1.0,-3.669083443254067,2.936188368973374,-0.6485868244779702,0.3674446654164214,1.0
0.0,0.0,1.0,-0.1816427215590959,3.8503962232344406,-3.480936297372672,-3.755558783485318,1.0
0.0,0.0,1.0,-1.2214004527294913,3.0481384758376615,1.8529878603911758,3.9150623180790545,1.0
0.0,0.0,1.0,-1.8535994274221304,-0.1603931450081486,-2.96478268319642,-3.1093302479631113,1.0
0.0,0.0,1.0,-2.2897090335930983,2.078437883991521,-2.127608795958654,-2.551836835979543,1.0
0.0,0.0,1.0,-1.3428902420341278,2.597518730269003,-2.9770095254145277,3.4434855639987108,1.0
0.0,1.0,0.0,-3.9165148030443797,1.696752610602196,3.4837525623813477,0.8015167126196028,1.0
0.0,0.0,1.0,-2.3125741949307828,2.367431962954735,0.44074995370849823,-2.2243118828056616,1.0
0.0,0.0,1.0,-0.8863583362748575,3.6737660434513364,2.506932109736911,0.279964637474893,1.0
1.0,0.0,0.0,-1.1236869444628796,1.7570768964232872,2.313974355071924,-3.9297851701607804,1.0
0.0,0.0,1.0,-2.4287142962916066,3.618978220080791,1.6489661658493642,3.399506947408356,1.0
1.0,0.0,0.0,-1.9418040593212045,2.4566616653820614,-0.20088509652864506,2.0759706118783825,1.0
0.0,0.0,1.0,-3.124516674902333,1.7952849613779442,-1.762691540433381,-0.4206003983817155,1.0
0.0,1.0,0.0,-1.166361993704022,2.8668855935444277,-1.0644294563802434,-1.4461045929758827,1.0
0.0,0.0,1.0,-2.1290434270635425,1.1826997551121665,-0.12596882631902862,-2.565848714247931,1.0
0.0,0.0,1.0,-2.971980089069831,1.487829776797801,-0.07332762503802837,-2.6211847466632374,1.0
0.0,0.0,1.0,-2.651565723532366,3.8022099984538755,-1.706251153637675,0.8042181395298869,1.0
0.0,1.0,0.0,-0.7481871531857207,2.4273554057105238,3.1835112907828593,-0.4512665221898713,1.0
1.0,0.0,0.0,-3.284257281245254,2.6887121504729388,-2.9303443371039526,-0.3937663367548998,1.0
0.0,0.0,1.0,-1.0777555672455716,2.421073162342177,-2.019503505646984,0.13410220974071585,1.0
0.0,0.0,1.0,-3.790269562356557,3.1666346956857656,0.7706208834467185,-1.8192617915178673,1.0
0.0,0.0,1.0,-0.8708600235036614,2.391503514074768,3.380220943956587,1.8858604715347491,1.0
1.0,0.0,0.0,-4.952890043024689,2.6274245805915313,-0.1563197873434321,-1.1801265584361413,1.0
0.0,0.0,1.0,-0.7886699505140158,2.9595923128788546,-1.886250452125661,-1.6454647108415221,1.0
0.0,0.0,1.0,-1.4483744019873321,1.8754159504832244,-0.27133143006643223,1.6552497703594966,1.0
0.0,0.0,1.0,-1.1635806519824765,1.893286332533507,0.7078835725210695,2.030427590561536,1.0
0.0,0.0,1.0,-2.0761310263002946,1.0772625835107652,0.4820774356858175,2.6074827253565145,1.0
0.0,0.0,1.0,-2.432670092476379,2.5831472497068995,-0.7004947328602791,-1.502799869632784,1.0
0.0,0.0,1.0,-3.890035537280684,2.8834175164175146,1.0014244185889627,3.134544018145103,1.0
0.0,0.0,1.0,-0.944623660817338,1.9467820600991512,-3.33312972090056,-3.6433382882258627,1.0
0.0,0.0,1.0,-2.79140320304497,2.1467399680292196,3.1825464789078852,-1.193328058061521,1.0
0.0,0.0,1.0,-2.6488727664336853,3.6068683216784994,-3.464232427162006,1.55915206107273,1.0
0.0,0.0,1.0,-4.343468173105199,3.96452414425202,-2.774504334633172,-3.2916417492576207,1.0
0.0,0.0,1.0,-2.5633665367933283,2.1863088250985907,-3.1573426941883342,-0.27400802898002485,1.0
0.0,0.0,1.0,-4.482578907621592,3.3652716145876704,-0.08832071956358423,0.6098290005809872,1.0
1.0,0.0,0.0,-0.14109365434437016,4.188021196638863,-1.8901308430677366,1.2450115777076505,1.0
0.0,0.0,1.0,-5.007022444445802,3.0486375192554824,1.5945024139555901,2.050946868664986,1.0
0.0,0.0,1.0,-3.1285847630851533,2.176738476906201,0.8356083763448678,1.4261852050540078,1.0
0.0,0.0,1.0,-0.8089238867453259,1.6000562273966095,-2.574780146836277,0.9481876999271606,1.0
0.0,0.0,1.0,-0.853537261686526,0.5144889139199513,0.3036135515467553,0.42374218640923367,1.0
0.0,0.0,1.0,-3.6503805277199417,2.1572027620975636,0.21973476028835037,-1.414124563099044,1.0
0.0,0.0,1.0,-3.7973513077305876,2.8357045882444485,-2.943410045663051,-1.3880686161288756,1.0
0.0,0.0,1.0,-0.29499435432110155,2.993671643424547,1.1239089044192125,-0.5495092263735923,1.0
0.0,1.0,0.0,-1.017459487169301,1.262476479864429,-2.8968012143060733,-1.9126127365041574,1.0
0.0,0.0,1.0,-3.894786212116277,2.185462749668023,-0.9073813014033174,-1.7544732063329427,1.0
0.0,0.0,1.0,-2.958998819963124,2.963952943982692,-3.409188935520877,2.015510728980673,1.0
0.0,0.0,1.0,0.04793742556191383,1.924545444654373,-3.671927545602207,3.293549878634966,1.0
0.0,0.0,1.0,-2.3434860461256273,1.4021935868985016,-3.1071516747740615,-2.959298694152369,1.0
0.0,0.0,1.0,-1.5910816696673653,1.4811581231172042,1.779287598776956,1.451989861828216,1.0
0.0,0.0,1.0,-1.3262592181398536,2.745548117596332,1.910956309535698,2.892912694489276,1.0
0.0,1.0,0.0,-2.756427748796214,0.6004823794558511,3.2693659252049905,-3.084484266406646,1.0
0.0,0.0,1.0,-0.9082383127747815,1.2820713829676258,-3.6520273486706527,-0.25491770924316715,1.0
0.0,0.0,1.0,-3.0422365783355954,1.5115747807592315,-3.356971159913991,1.0096349161971796,1.0
0.0,0.0,1.0,-2.016371607631926,1.7732779454126264,-0.30988929496265083,-2.623038169521787,1.0
0.0,0.0,1.0,-0.33401312678282946,1.3455573944351937,-3.4668464444209492,0.20102491570871006,1.0
0.0,0.0,1.0,-3.170853701117645,2.194139251350564,-1.3112793330866692,3.9675638420618693,1.0
1.0,0.0,0.0,-0.7466481728774148,1.53602180259658,-1.430427872837435,-0.647396612792134,1.0
0.0,0.0,1.0,-1.3478765493200178,1.1603875456250452,-3.8512638824338996,-1.0190844008867055,1.0
0.0,1.0,0.0,-1.8220892975326353,1.1177739087747807,1.6111417412599813,-1.2129780234573007,1.0
1.0,0.0,0.0,-2.452434166430669,1.698358488386305,0.16786555156713412,-3.8217105666889672,1.0
1.0,0.0,0.0,-0.39208442420630085,1.4285453151480194,0.7560636075417726,3.885112621355171,1.0
0.0,0.0,1.0,-1.5617536334391062,1.2373366191847044,1.608233892275062,-3.865707101976552,1.0
0.0,0.0,1.0,-2.5457370019263896,2.685221047450552,2.868564260188159,-2.6205913322515686,1.0
0.0,0.0,1.0,-1.3027294523138346,3.3605381760197988,-2.1011746258278263,-1.8699008534524193,1.0
0.0,0.0,1.0,-2.0865690048802747,1.9333077236063205,0.32078005627106077,-2.413084845526722,1.0
0.0,1.0,0.0,-1.9181001360088645,3.0052776065997824,-1.1823373753413522,-2.7586138893718495,1.0
0.0,0.0,1.0,-1.486894082539429,1.4177598578472361,0.8021108430421702,1.572053183876883,1.0
0.0,1.0,0.0,-2.6326531605732346,2.227339431853374,-0.8923439900088299,1.5742790559191047,1.0
0.0,0.0,1.0,-2.2335913457857934,2.7123463932065146,-1.8058116654291112,1.7158293070088435,1.0
0.0,0.0,1.0,-3.2597944072577065,2.084232104937231,0.5211265923910595,-1.0476512694070834,1.0
0.0,0.0,1.0,-1.9553900574812657,0.5414052419094291,3.974605834151463,-1.330311709853425,1.0
0.0,0.0,1.0,-0.40236335980367044,1.6657241117621502,0.10811187692099544,-1.0703541356548882,1.0
0.0,0.0,1.0,-3.116028904396297,2.785459645066079,1.7979836241699152,-1.0733911031867658,1.0
0.0,0.0,1.0,-1.4189905834146557,2.413769710158525,1.2150057175685758,-3.0812397222478314,1.0
0.0,0.0,1.0,-2.0813438526999057,1.5475203699694207,-3.9563535250042863,-1.0600395479599358,1.0
0.0,0.0,1.0,-3.6597271805927125,0.9595665991151958,0.3926768948172983,-2.4140677484405195,1.0
0.0,0.0,1.0,-2.4614026607879156,0.007208083925843489,-0.8553335886281106,-3.2628203218863607,1.0
0.0,1.0,0.0,-3.4895051000466184,1.9389524207376883,-3.91023934659066,-3.050875325691364,1.0
0.0,0.0,1.0,-2.452489468088411,1.397108471685037,3.044485417664811,2.232342858767441,1.0
0.0,1.0,0.0,-0.8402859353230376,1.4329187631783928,-1.9467928959440268,0.7849465557756643,1.0
0.0,0.0,1.0,-0.6284773036026903,3.1534705170309287,-1.2976009312973424,-1.357561700430769,1.0
0.0,1.0,0.0,-3.7038503355951695,2.2153164773078173,-2.229610581935189,-3.4111944592209174,1.0
0.0,0.0,1.0,-1.4107339839358537,2.864993090938462,-2.983135116021103,-3.1518675014615427,1.0
0.0,0.0,1.0,1.0415875446689196,3.2238397678109934,-2.79757621177804,0.6633047573646733,1.0
0.0,0.0,1.0,-3.2282568078610474,3.395473445256467,-2.6546392547042137,0.76425634858089,1.0
1.0,0.0,0.0,-1.2090944904854388,0.8832979337020552,0.7392403566852632,-1.9552699683311436,1.0
0.0,0.0,1.0,-2.6393687219857496,1.723669994177832,-0.43404276372845807,-1.3941283963401432,1.0
0.0,0.0,1.0,-1.0164489200916762,0.7557377960720784,1.4301402848815625,-2.749387818884549,1.0
0.0,1.0,0.0,-1.1242622643787308,3.229797315117503,-0.22327162014122415,-0.6716094425486583,1.0
0.0,1.0,0.0,0.5387071426557926,-0.861234854843957,-1.5294632864161306,2.4512065122070075,0.0
0.0,1.0,0.0,-4.44748850439617,-5.277702244827174,2.4809788487757176,-3.4591490782789736,0.0
0.0,1.0,0.0,2.170080124174908,0.9262571338199611,1.5620583695333892,0.44087163257396167,0.0
0.0,1.0,0.0,-1.0137933176758838,-0.1465954101491252,-0.5338986365305365,0.3319316715069327,0.0
1.0,0.0,0.0,-1.2712527362091521,-0.15903947501586524,-2.182790701310016,-3.432888811420386,0.0
0.0,1.0,0.0,-2.9024071749836193,-2.467569219021732,-0.7376237236132788,-3.597584059030706,0.0
0.0,1.0,0.0,-0.9796351302360503,-1.1783553465078034,2.4570764599476886,-3.1718207210125264,0.0
0.0,1.0,0.0,-0.5732292041378461,-0.22655553466291004,2.6498635657552496,3.8139363550572716,0.0
0.0,0.0,1.0,-4.781506160587069,-4.730711618006238,3.082221252913036,3.2577256716688323,0.0
0.0,0.0,1.0,-2.657958174409074,-1.833794382810375,3.3600953583366255,-0.9251375387628471,0.0
1.0,0.0,0.0,-1.3667469351172714,-0.12256561218058004,-1.6506950124801003,0.6474812227900761,0.0
0.0,0.0,1.0,2.1151544467724843,1.6434445049666937,3.7320237688127005,0.18677658415696463,0.0
0.0,1.0,0.0,-0.17331249645219415,-0.8805767707752159,1.4598902097809088,-1.981612836561509,0.0
0.0,1.0,0.0,-1.1057141102929309,-0.8949910361824498,-1.507922535338234,-2.2128181777991562,0.0
0.0,1.0,0.0,3.266579743283892,3.044420915228821,-3.5174914040471297,-1.594844335801926,0.0
0.0,0.0,1.0,-3.731523531034242,-3.3254619096066373,-1.9885402568489159,-1.229764997423219,0.0
0.0,0.0,1.0,4.762306384444292,3.3134966505310945,3.8935031648034126,-1.8793433418690357,0.0
0.0,1.0,0.0,-0.6561815169146914,-1.0252866277567991,-0.43602821199547215,-2.032432509082378,0.0
0.0,0.0,1.0,0.9861835575156603,1.2404729115421431,2.416364308299605,-2.15523388253766,0.0
0.0,1.0,0.0,-0.35289232015508426,-0.8280275759100313,-1.0466080315877369,2.4780342094887766,0.0
0.0,1.0,0.0,0.0002227939015613245,1.1615148517889096,-2.1534344795517155,-1.1575379147447196,0.0
0.0,1.0,0.0,-1.4316754606525668,-1.0575312920024074,-0.7351504978637085,3.109132457052377,0.0
0.0,0.0,1.0,-0.6476732197239715,-2.046412398337237,1.554645627787564,-0.8586098173767667,0.0
0.0,1.0,0.0,0.16305113250874145,0.6400027607910996,0.6215764877744379,3.0854332915963383,0.0
0.0,1.0,0.0,2.4197417655712643,2.462233474638282,1.9629854568002933,0.10514482698084038,0.0
0.0,1.0,0.0,4.030954844144903,5.012140442257232,2.555223810378185,2.1657074934451854,0.0
0.0,1.0,0.0,-0.6878650945947602,-1.0041560037056005,2.5480287414721507,-3.373298729727445,0.0
0.0,1.0,0.0,-0.5348994415852499,-0.19417970194700762,-1.330731292563792,0.9753193165119622,0.0
0.0,1.0,0.0,-1.5839754124478773,-0.8086227478836072,-0.4368964082726281,3.5868590261139497,0.0
0.0,1.0,0.0,3.115746575187553,3.4523431505273714,-3.6959185304103555,2.1818861004951158,0.0
0.0,1.0,0.0,-2.9057509116899527,-3.1954936879762808,0.44375252674839416,-2.0209649697443535,0.0
0.0,1.0,0.0,-0.2740441479519128,-0.6770400916606492,0.2167327431898345,2.6405924280281905,0.0
0.0,1.0,0.0,0.6809978458033235,-0.09483572377352684,1.6833494228761667,-0.7409618695610565,0.0
0.0,1.0,0.0,-0.9884475199417018,-0.3620909038733015,-3.4707626768458066,2.289968690014952,0.0
0.0,1.0,0.0,1.8709619328925449,1.2183810895269018,1.9902237796991757,1.1393944154354605,0.0
0.0,0.0,1.0,-4.904082837853403,-3.830906721790541,-0.8488315978063206,-3.8488276417101606,0.0
0.0,0.0,1.0,1.2774484191284692,1.5313420736976238,0.062017271155361264,-3.510462718839012,0.0
0.0,0.0,1.0,0.4142908628837455,0.8670680856040335,2.019825771224,-0.5230227351242593,0.0
0.0,0.0,1.0,-1.969434528562507,-2.3539751743092374,2.391002297635697,0.5959423591457131,0.0
1.0,0.0,0.0,-1.2028999167159102,-0.45533263668093665,2.5776678408882248,1.8936758238785831,0.0
0.0,1.0,0.0,2.976786417301731,2.774191158186025,1.920732025973642,-3.7703712698722187,0.0
0.0,1.0,0.0,-0.6385663311928221,-0.36375565072462746,-0.8900020282951226,3.2054790234960846,0.0
0.0,0.0,1.0,-3.4110775123958277,-3.4984993047723156,3.386834875507854,1.5148193351815458,0.0
0.0,1.0,0.0,-1.017739468181207,-2.274106746636307,3.1387204868793397,3.702173084263075,0.0
0.0,1.0,0.0,1.5887327914213263,0.8921083402093244,-1.4643666454722997,-2.771736783520973,0.0
0.0,0.0,1.0,-0.1595208417479438,1.6756304805212552,-1.8525748793205299,-1.5685701454210292,0.0
0.0,1.0,0.0,0.9362864977164087,1.5066036442259987,-1.595893240273881,-3.2553156317811176,0.0
0.0,1.0,0.0,-0.47300788751627115,-0.11699855819926469,-3.1423848482350056,-2.3386667266792474,0.0
0.0,1.0,0.0,0.4291782594701256,0.9508424180931909,-2.534591455967271,2.6918874047177628,0.0
0.0,0.0,1.0,1.6907847633224873,1.7810048629250774,-2.8006188673901615,-1.6340146484487308,0.0
0.0,1.0,0.0,-0.279114055229129,1.4193468445817587,1.0045882766315914,-0.921979183347748,0.0
1.0,0.0,0.0,-2.7826158022347496,-2.734941016329169,-0.9693690311128211,3.8398498297275045,0.0
0.0,1.0,0.0,1.1153350620206572,0.9219325426222506,0.24093278856054123,-3.8862401981418317,0.0
0.0,1.0,0.0,0.9212645421538548,1.0307448596744093,3.1739102033725946,3.9218866082003156,0.0
1.0,0.0,0.0,1.406681540645246,1.3017628558561924,3.4745090470732887,3.410871373340595,0.0
0.0,1.0,0.0,-0.9936228626644461,-0.48984681493006055,3.4739214762446977,3.975312760214618,0.0
0.0,1.0,0.0,-1.4478565848128195,-1.8232147224307818,-1.972977731423704,3.23053945330268,0.0
0.0,1.0,0.0,-1.3207903108036068,-1.1353912917490352,2.6100682845528267,-0.16071319302693787,0.0
0.0,1.0,0.0,0.18930187727436512,0.2590223271827773,-2.1104335574534625,1.6100236435348823,0.0
0.0,1.0,0.0,-0.17524308394170685,-0.35689285361896006,3.1161131820086236,-2.5459349645780938,0.0
0.0,1.0,0.0,0.12579389783564393,-0.3657851347878946,0.07789785366203272,2.99020484913445,0.0
0.0,1.0,0.0,-3.287485071325508,-2.75892500145353,2.6035616281122245,3.4212140194409226,0.0
0.0,1.0,0.0,0.9735238107581276,0.732476543475525,2.978494203397207,-3.125375353644449,0.0
0.0,0.0,1.0,-0.24468820478141548,0.17693440410925224,-3.154388907652156,0.6689632063509201,0.0
0.0,1.0,0.0,1.3667089571663844,1.2030612161761387,-1.9479204613446273,-1.7309272005327667,0.0
0.0,1.0,0.0,-0.4352437423948665,-0.7761554159745123,-2.7974209689313287,-3.331949647517483,0.0
0.0,1.0,0.0,-0.9025546174737582,-1.8884315984140478,2.634868119583458,-3.8454898989628212,0.0
0.0,0.0,1.0,-2.681007257226101,-3.0641819040721554,-2.513664753938185,2.3625773257743976,0.0
1.0,0.0,0.0,-1.5474197835738563,-0.8025759746403767,2.215368674708473,2.2653443595046445,0.0
0.0,1.0,0.0,3.6583382462464984,3.657444703254508,0.6008250203113317,3.862864668450775,0.0
0.0,1.0,0.0,-2.061638738318484,-1.7592541710121625,-2.0299902845678437,1.3267212536692563,0.0
0.0,1.0,0.0,-2.5957020993769495,-2.8164557652220905,-1.0086503704669525,0.28406644953979665,0.0
0.0,0.0,1.0,-0.5644227736176779,0.455971146059094,1.1303086881380349,0.26869181499140193,0.0
0.0,1.0,0.0,-2.5863223709798926,-1.4942887899081971,1.7825372216881457,1.4415869698854014,0.0
1.0,0.0,0.0,0.899176537728454,0.7499402379369589,1.0145214545730097,-3.711840106172726,0.0
0.0,1.0,0.0,-3.2324196647409034,-2.9848977097465204,3.289086746727799,-0.2685297504527622,0.0
0.0,1.0,0.0,-0.05392013632060311,1.287410079795321,-3.2227278237743313,-3.957423678652411,0.0
0.0,1.0,0.0,-0.4414275720579997,-0.33360219808194264,-2.4338275132365386,-0.9939963754966996,0.0
0.0,1.0,0.0,0.4033796228534474,0.05128178043148093,-0.3634164985674646,3.028041060076495,0.0
0.0,1.0,0.0,1.1023246848597426,2.443234167282949,0.36417581465036974,3.6304826573894795,0.0
0.0,1.0,0.0,0.04007278544004325,-0.4096669378288552,0.4604567226314664,-2.390106913393552,0.0
1.0,0.0,0.0,2.09562823104723,1.8617259132365296,-0.14705471897573474,1.5887621231228266,0.0
0.0,1.0,0.0,-1.1369763668914643,-1.6247949022162274,1.7981151177146941,-2.6600855907699996,0.0
0.0,1.0,0.0,1.2568429838804736,0.8811712131938882,3.0995127035869725,-2.3389652729765418,0.0
0.0,1.0,0.0,-0.20488701634876577,0.14705416244860503,-2.7624705384739725,-2.0173924050182954,0.0
0.0,1.0,0.0,-0.7462844360262453,-0.2560392997874481,-1.704975764602235,0.5513007902695257,0.0
1.0,0.0,0.0,2.1193283909812566,2.177715255379449,2.837990780577365,-2.199584079313496,0.0
0.0,1.0,0.0,2.664170344219363,2.5156590367525227,0.9555537971581387,1.4230416919661142,0.0
0.0,1.0,0.0,2.8926695355619714,2.9485041775898972,-3.801346753909801,3.2782773310629594,0.0
0.0,1.0,0.0,-2.6649038945063546,-3.636148074633337,-0.10709239038021323,-2.6795623468621343,0.0
0.0,0.0,1.0,-1.8208841065038326,-1.6371239373241917,-0.05282703092832275,-0.3042165094329521,0.0
0.0,1.0,0.0,2.790107913897673,3.3798195666271207,1.0967584326665785,3.9417553186085756,0.0
0.0,0.0,1.0,2.930570109285365,2.670835146411666,0.40892344774570333,1.2779086002306865,0.0
0.0,1.0,0.0,1.317086910940039,2.5338607796121977,-1.073296887326081,-1.7005977346447576,0.0
0.0,1.0,0.0,0.6493952262937641,1.3511704004891476,-3.6205440090812093,-2.677830607355011,0.0
0.0,1.0,0.0,0.9463509219343047,0.6149068556317545,2.2697140730825245,-3.8063793084560587,0.0
0.0,1.0,0.0,2.0244721120455464,2.4576363529887804,-2.6408733212734843,3.3128705523487465,0.0
0.0,1.0,0.0,-0.10811543726116013,-1.316565248523074,-3.5011525699881076,-0.5118068243350882,0.0
0.0,1.0,0.0,0.9973872058352109,1.380147378898338,0.7225016774955808,-3.8212006676039127,0.0
0.0,1.0,0.0,-2.8814399892426854,-1.338913363174135,0.1572312254626551,-3.437229506459743,0.0
0.0,1.0,0.0,-1.020611278445613,-0.3945702613442672,0.6159136988293579,-3.2819796860246013,0.0
0.0,0.0,1.0,2.986598021746161,2.747325394791698,-3.60104515896386,-1.4995642785729055,0.0
1.0,0.0,0.0,-2.742294223992137,-3.3680856671794714,2.4785166439664774,-3.8088473105735225,0.0
0.0,1.0,0.0,-1.6351865541758277,-1.2521445239161515,2.923884984518173,1.2777436598905467,0.0
1.0,0.0,0.0,1.8817435061016554,2.7955570016001876,3.4228896620734375,-1.0308997095556638,0.0
1.0,0.0,0.0,0.536608391720411,-0.08983556016154906,0.12128426272015691,-3.9680474587218884,0.0
0.0,1.0,0.0,1.120604464427873,1.5283638728595264,-3.8223188366730714,1.2772386999007939,0.0
0.0,0.0,1.0,3.231160304643199,3.5214249028637448,0.873868151484082,3.260124616343668,0.0
0.0,1.0,0.0,-0.33045581165820676,1.019420298753004,2.5922334010740276,3.4982099346482736,0.0
0.0,1.0,0.0,0.8963172350399387,0.08253460294573656,-1.6365252421590535,-0.8554318358352351,0.0
0.0,1.0,0.0,2.4072336375307284,2.173924888868612,-1.8955573867634117,1.4394600550329653,0.0
0.0,0.0,1.0,-1.2200975548304942,-1.7928700100003387,3.6945306754111114,-0.5353911410360706,0.0
0.0,0.0,1.0,-0.6222581245427103,-1.4357964339076212,0.1468068386005612,0.19792081307877663,0.0
0.0,1.0,0.0,0.936766759803089,0.2892213663649764,-0.36871482524468746,0.2721740223734148,0.0
0.0,1.0,0.0,1.1203067839986134,0.7947709049763649,3.692632851508966,3.043840032428072,0.0
0.0,0.0,1.0,2.238489667307688,2.522650144901482,-1.31100600568619,2.6559860625781004,0.0
1.0,0.0,0.0,-1.419319564178645,-1.4806182208787022,-2.2508166186533236,3.8600733965329566,0.0
0.0,0.0,1.0,-1.676245593036908,-2.376723785019102,-1.631575956286694,2.751492144525158,0.0
0.0,1.0,0.0,-2.0661536908387914,-1.9522560459897935,2.2069622322349076,2.9564434376386632,0.0
1.0,0.0,0.0,1.4748394670139329,1.501294635730129,-1.3579916541140395,3.154065798069184,0.0
0.0,1.0,0.0,2.171242986540429,1.7881843650991143,2.349117423283487,-0.4689382164221012,0.0
1.0,0.0,0.0,-3.1679939965848947,-2.9585311633442046,2.2446136003306547,0.21689812078818704,0.0
1.0,0.0,0.0,-0.20017983767210457,-1.3859559267329682,3.3696290915167078,-2.2666869402607643,0.0
0.0,1.0,0.0,1.0406231936047434,-0.040628566276165956,3.9302001516264022,3.600817785006628,0.0
1.0,0.0,0.0,0.22358726920967614,0.7633481171957122,0.26608876119468317,1.9203691761641384,0.0
0.0,1.0,0.0,-2.7097540386717633,-3.579012888136764,-2.0523740156178762,-1.5848307541060649,0.0
0.0,1.0,0.0,1.4269536741639444,0.44806769834669635,1.9226296804249507,0.8411993673477705,0.0
1.0,0.0,0.0,0.4713849335312663,0.4786887545957408,0.955408889287134,2.350624194118865,0.0
0.0,1.0,0.0,-1.9064388067051397,-1.4158439701711711,0.2893334996329724,-0.8061237355807638,0.0
0.0,1.0,0.0,0.9516858132767941,1.5033794378214176,-2.9343152013832663,-1.979703488302917,0.0
1.0,0.0,0.0,1.042094538055876,1.1646613019914334,3.5505283739579276,1.1519533945158749,0.0
0.0,1.0,0.0,4.21264424865359,3.6704674437378886,1.9664027033625704,1.5689644005877241,0.0
1.0,0.0,0.0,3.6879181684496847,2.3689838962585754,-2.6762490830675247,2.9057678595918413,0.0
0.0,1.0,0.0,-2.0584779845010366,-1.8624020805660453,-1.2691748319091554,2.8307391821096815,0.0
0.0,0.0,1.0,-3.846598407561135,-2.5098324218069927,0.6745553552510524,2.77683733457177,0.0
0.0,1.0,0.0,1.048698308030942,1.3503100067137672,-1.0097565616317192,-1.9415339686478044,0.0
0.0,1.0,0.0,4.938410514214506,4.122320296034062,2.9258468712917702,3.4218729860962274,0.0
0.0,0.0,1.0,2.619788933572373,3.689918793373373,-2.9307835324039946,3.5230574121551594,0.0
0.0,1.0,0.0,-0.7702826646806449,-1.3899711827610195,1.407719706734901,3.1158504030224385,0.0
0.0,1.0,0.0,-2.7608965696955683,-2.94692437575292,0.7220019966189684,2.5398915863028773,0.0
0.0,1.0,0.0,-2.4640964952224373,-3.0872513472293703,-2.4979837032353416,-3.1762969830281707,0.0
0.0,1.0,0.0,-3.176834408632512,-3.4879108620689276,-2.911236579938718,-2.4145036095674293,0.0
0.0,0.0,1.0,1.9851780237766223,0.2528060441022554,-3.543969043685496,-3.641783557188001,0.0
1.0,0.0,0.0,-2.803396496090307,-2.538835958680875,-2.9523657151180966,-3.9811540701257373,0.0
1.0,0.0,0.0,-1.410618002880279,-1.7156590710929152,0.47202522153789594,-3.2635071028996014,0.0
0.0,1.0,0.0,-3.2714805233704958,-2.4352646287298327,-2.6244266510626497,-3.0628795133826134,0.0
0.0,1.0,0.0,-0.33100246534713884,-0.6135507784154226,-0.6661786757648613,-3.674765362184992,0.0
0.0,1.0,0.0,2.242564704653689,2.166902535138985,-3.3503957518722896,-3.1122107684544025,0.0
0.0,1.0,0.0,-4.338778708648826,-5.466878142758329,2.324791117541694,0.04542921944982936,0.0
1.0,0.0,0.0,0.4256668210117247,0.55594646093632,1.1656192999869122,3.4942713128744103,0.0
0.0,1.0,0.0,-0.2763532209110442,-0.3146941354958994,1.7410373144173725,1.9473242927920786,0.0
0.0,1.0,0.0,-0.749680086285147,-0.695794606982907,-0.3578596473845037,-1.5397159628925792,0.0
1.0,0.0,0.0,0.9045879992840078,1.4866201188845474,-1.2032658057427303,-2.9372998392508753,0.0
0.0,1.0,0.0,-3.550958327945268,-4.438424740958877,-0.8408121323124016,-0.8706502574818851,0.0
0.0,1.0,0.0,3.220076599506571,2.8238222977942717,2.5159469548767,-2.6478280095028817,0.0
1.0,0.0,0.0,0.9584328344143452,1.1884299731953734,3.1915668868443996,-2.564148786467422,0.0
0.0,1.0,0.0,-3.849795935429407,-2.613087544505892,3.297028668672054,3.4685345376499006,0.0
0.0,1.0,0.0,2.056598404266282,2.032450082970098,2.0209402508957313,-0.5687104833693581,0.0
0.0,1.0,0.0,-1.197602349082933,-0.9671998891700775,1.1876626937255281,-0.20685238209981538,0.0
1.0,0.0,0.0,-1.5707862891505289,-1.4812398025050815,-0.5514946995791341,-2.528545955639652,0.0
0.0,1.0,0.0,-1.2834567985382774,-2.235370971384948,0.26310974782921015,2.2395498722963536,0.0
0.0,0.0,1.0,-2.142867860649115,-2.8957404731135328,1.002469317765315,-1.9805537418043127,0.0
0.0,1.0,0.0,-2.117639642272569,-3.36672874458322,-3.259179606664122,-2.916780757765191,0.0
0.0,1.0,0.0,2.0100642278800698,2.0342630482672397,2.764480834380964,-2.7484516071431475,0.0
0.0,1.0,0.0,2.6412743973084343,3.1995276502678927,2.4026612932731837,2.558293672247305,0.0
1.0,0.0,0.0,-2.9980452922022187,-3.909011354590081,2.3191895002569876,3.7158113407431195,0.0
0.0,1.0,0.0,0.13702483067885315,0.11709362194282133,3.8329419262027784,-3.50517586083798,0.0
0.0,1.0,0.0,-0.8434384706116576,-0.3549660545859705,1.2098079480577155,-3.389013512007387,0.0
0.0,1.0,0.0,0.5457489935266208,0.26029391302342053,2.193194989366324,-0.1173797714016036,0.0
1.0,0.0,0.0,-3.5772195304649865,-3.976752937289142,-2.305678282960571,-3.0897611866829884,0.0
0.0,1.0,0.0,0.4633997377120982,0.9875589928442767,3.6050981299039817,0.00788693299981258,0.0
1.0,0.0,0.0,1.0562791529156774,1.7437008675696855,-3.2928606196858903,-0.30668194520508685,0.0
0.0,0.0,1.0,-0.9200249097680373,-2.000656545146631,3.313559157754108,-1.2116079504034376,0.0
0.0,1.0,0.0,5.9498401299744685,6.088677480687101,-1.6419415569382014,-1.6965735157487325,0.0
0.0,0.0,1.0,-0.8916741233553507,-0.20920429796181578,-1.7971341268183316,0.822414865206837,0.0
0.0,1.0,0.0,0.022602507957612872,0.6433847894598735,1.510079215241337,-3.7107023156530516,0.0
0.0,1.0,0.0,-0.253257987464535,-0.025413329452257674,3.313955519223028,-0.6141064063125228,0.0
1.0,0.0,0.0,0.4618552449257821,0.7118635611261183,-1.7103828300888004,-1.336732025981087,0.0
0.0,1.0,0.0,-0.2824989849813275,0.1285485338706338,0.003202651014006186,3.7545772369831845,0.0
0.0,1.0,0.0,0.5158436519777102,0.7406410343345401,-2.53945121946556,-2.2208537601772145,0.0
0.0,1.0,0.0,1.375103203874412,0.7686411929993302,2.4503284420449383,3.456239597295344,0.0
0.0,1.0,0.0,3.0502214538604413,3.5942700797216327,-0.9630307972782228,1.4329301102281882,0.0
0.0,1.0,0.0,-3.6056009513309926,-3.0507643438021104,3.5324251666331836,2.4376862581139846,0.0
0.0,0.0,1.0,1.8068179180946098,0.9750368245634546,2.9624428501186557,-2.4688833106251913,0.0
0.0,1.0,0.0,-2.630299082657724,-3.4204567195220426,3.286848600637006,0.9089412909334138,0.0
0.0,1.0,0.0,-1.2058184184535057,-1.508731257215884,2.3336009642010174,-3.8419766808019915,0.0
0.0,1.0,0.0,0.5368450858881137,0.06496998946007626,-1.682893035418199,1.3617649700022492,0.0
0.0,1.0,0.0,2.3644971755754076,1.6037069225578695,-1.394196328910624,-0.5100415365250166,0.0
0.0,0.0,1.0,-1.7980412069826193,-2.592344171801333,-1.2439854965771007,-0.056619192747637825,0.0
0.0,1.0,0.0,-0.10984935792289585,1.2043833717647576,3.980933336894406,-2.8715587339782944,0.0
1.0,0.0,0.0,-1.7606830244865295,-1.535870264575066,2.6213455486580637,-3.933174155304232,0.0
1.0,0.0,0.0,-0.3712871873649495,-0.7003006991808058,1.469720772111808,1.2596154954228878,0.0
1.0,0.0,0.0,-2.4251555113314955,-2.16963151320531,1.162620838411847,3.357610890086163,0.0
0.0,1.0,0.0,1.3098279409924523,1.6284810728980048,0.045800884323776714,2.0956898325760474,0.0
0.0,1.0,0.0,1.7278061102977125,1.7027639761443885,-2.46441373135412,-2.6869811991695354,0.0
0.0,1.0,0.0,-2.060777832125046,-1.8568912173914534,-0.43208195495044066,1.1263075070553583,0.0
1.0,0.0,0.0,-0.5797039881941628,-0.8101430040943531,1.0032821924103512,0.8792085304029458,0.0
0.0,1.0,0.0,-3.4783436633644387,-3.147221929134525,-3.9776655539071246,-0.09913410223408992,0.0
0.0,1.0,0.0,-2.5046938680090265,-1.7867225246838927,2.643841824578149,-3.6636284951047067,0.0
0.0,1.0,0.0,-0.5894921588360575,-0.15863551082275132,-0.15728428266870598,-1.6778766098230884,0.0
0.0,0.0,1.0,-0.9051648679734435,-2.2131026936405576,0.5457444007276999,1.4867324439113725,0.0
0.0,1.0,0.0,2.7596461088756987,2.1216680650316873,3.0394349750973824,1.028509122197124,0.0
0.0,1.0,0.0,-0.7193828049266329,-0.12037951700213867,1.907082204933669,-3.781885222345612,0.0
0.0,1.0,0.0,3.0077545980435376,2.7557983139447018,3.7925027307964836,1.7518114213556544,0.0
0.0,1.0,0.0,0.02384289515639393,0.6813974789346213,-2.532495883719137,-1.2211502803781302,0.0
0.0,1.0,0.0,-2.3628384290151865,-2.079534096961227,0.11080375847521928,3.0551640267147127,0.0
0.0,1.0,0.0,-0.04349127763082871,-0.16104438178157215,3.369387589145904,0.831698449922821,0.0
0.0,1.0,0.0,2.8389327068087087,2.644652238322197,2.0999905058310064,-1.685944059068917,0.0
0.0,1.0,0.0,-0.0278081171458697,0.2959783195020347,-2.555630460428741,3.13750906272724,0.0
0.0,1.0,0.0,0.8363458836269764,-0.10747963031296676,3.6020607235943336,3.0657875630535436,0.0
0.0,1.0,0.0,3.0431733623899992,2.9121201522799165,0.9295246204503878,0.7368896055025456,0.0
0.0,1.0,0.0,-2.529107270505848,-3.362757959768747,1.8353790297067771,-0.1649053100948885,0.0
0.0,1.0,0.0,0.6184157526171072,0.10004208925555907,0.503351939384113,-2.6980129569437032,0.0
0.0,1.0,0.0,1.0083897712446397,0.9238185405314637,0.04212509331459202,1.5392845713099383,0.0
0.0,1.0,0.0,-0.9628024091303773,0.00904398947422863,1.934142424766483,-1.8795751822698055,0.0
1.0,0.0,0.0,-2.9032120104876817,-2.0585160935140587,-0.5740155124810826,1.2139813835843594,0.0
0.0,1.0,0.0,-1.9515176349027215,-1.469728573075225,1.4042525507015178,3.9050481347737493,0.0
0.0,1.0,0.0,-1.0341460224132495,-1.0169981318231638,3.34979523725897,-2.3985818685177094,0.0
0.0,1.0,0.0,1.2711646408349178,0.0768072739432425,-2.646949275380222,2.6479346651833913,0.0
0.0,1.0,0.0,-3.4596556522742143,-2.719866526638006,1.0640437809373733,-1.3164514952414779,0.0
0.0,1.0,0.0,0.32220395727642304,0.4734015871969255,-0.4894462871103933,2.630648694027948,0.0
1.0,0.0,0.0,0.5368331037428505,0.49107667672694705,1.7512531302199488,1.7440093654029383,0.0
0.0,1.0,0.0,-1.16402941466273,-1.2661280739423486,-3.180300930864254,2.7919062844950826,0.0
1.0,0.0,0.0,-0.017758585983650883,0.007166458072547629,0.9046518777661223,-0.14709008401150836,0.0
0.0,1.0,0.0,-2.8652435451214844,-2.3970340063862707,3.7151540792559743,2.8932399645400135,0.0
0.0,1.0,0.0,-1.7704506347830522,-2.4816638772468496,3.978298359416624,3.8939217171799188,0.0
0.0,0.0,1.0,-2.5167584311522817,-2.765794028941514,-2.8100055615485307,3.743952554137821,0.0
0.0,1.0,0.0,-1.0707724373951881,-1.4722612088464875,-2.466458554747815,-1.9690024651524132,0.0
0.0,1.0,0.0,1.7447092491922203,1.6292052009794185,-1.6990014129875535,0.07326013610366999,0.0
0.0,1.0,0.0,0.6586991814398757,-0.027421895446967437,-1.9067219518598417,-1.2145778198939068,0.0
0.0,1.0,0.0,-2.7477022808678235,-2.547238051049746,-1.6146419139474721,1.5224468886090747,0.0
1.0,0.0,0.0,-1.8026631692961892,-1.8196544272752961,-1.003020910129246,-3.1757486276853504,0.0
1.0,0.0,0.0,-2.09954356076599,-2.644381286726979,0.9397773652036392,-1.0888586560928832,0.0
1.0,0.0,0.0,-1.6387058139134876,-2.53802399125017,-1.6430588675045126,-1.421346087456702,0.0
0.0,1.0,0.0,-1.5860659758051014,-1.4286452146631714,-0.232431367703966,3.9546016313147803,0.0
0.0,1.0,0.0,1.2329305064752751,0.38174436768502334,1.6955388902331787,-1.314887978491205,0.0
0.0,1.0,0.0,2.235513599965371,2.6986776242699406,-0.6942262260409722,-1.5164449252579262,0.0
0.0,1.0,0.0,-1.8494495176413817,-1.5048980818366404,1.520267754268005,2.176345503779906,0.0
0.0,1.0,0.0,0.9628693613016441,-0.02032978077508124,3.35637029933235,3.7921170560123567,0.0
0.0,1.0,0.0,-0.09134377793632159,0.8103006555341405,-0.1512978967379066,-2.176839442969807,0.0
0.0,1.0,0.0,4.854643456020627,4.697420260209274,3.47132007271287,-2.938825066941954,0.0
0.0,1.0,0.0,3.146410686227086,2.74804976188603,-3.690565701924519,-2.3857300116111757,0.0
0.0,0.0,1.0,1.93133250040872,1.647825416015329,-0.7657708785402653,1.6629772082937508,0.0
0.0,1.0,0.0,-1.8650609820858208,-1.822025483095036,-2.7844618528368006,1.9828316955730978,0.0
0.0,1.0,0.0,-3.9058458593249052,-4.497205352500682,-0.00020113888224226883,-3.4990662143296696,0.0
0.0,1.0,0.0,-2.3815720222663703,-2.7587843178616938,-3.9621225068116805,-3.271778500559205,0.0
0.0,1.0,0.0,1.251618658621255,1.9900752253308838,-2.4161452444123874,-1.6820763783289339,0.0
0.0,1.0,0.0,-1.7076202558450269,0.1023667160792564,-2.7210788025689485,-0.7740286143755517,0.0
0.0,1.0,0.0,0.19611406541641524,0.7471242357929029,-2.9084493684981396,-1.5209031374971786,0.0
0.0,1.0,0.0,0.00038330805735334317,0.413719933865794,-3.328899594237483,1.0130235859359074,0.0
0.0,1.0,0.0,-0.20121486038093572,0.05492239509994433,2.8434367552487023,0.46857432496604545,0.0
0.0,1.0,0.0,-1.8159062273359416,-1.0513846637219593,2.017051954982934,-0.2555852328034369,0.0
0.0,1.0,0.0,3.046244245103773,3.4217366762202723,3.2783488089050445,-0.20803127116493236,0.0
0.0,1.0,0.0,2.8561331909570677,3.5476572699558897,3.869568208933713,-1.546528455216861,0.0
0.0,1.0,0.0,1.10535009768337,0.5740819764476498,1.7340396067479036,-2.8898155573627733,0.0
0.0,1.0,0.0,-0.9006286331010904,-0.4082660694918121,-3.0763152807701672,-2.168639791304864,0.0
0.0,1.0,0.0,-0.6906675529931735,-0.2884052165324501,-1.3130657631191713,0.5568249652242221,0.0
0.0,0.0,1.0,-0.7987733314701747,-0.8201985344082977,3.709497912636695,2.79602972460859,0.0
0.0,1.0,0.0,2.0734718048398477,2.096488337861385,1.3146332172171356,-3.509286123014962,0.0
1.0,0.0,0.0,1.0610857318683395,0.5391515866461876,-3.2689586697402593,-0.34497261060833573,0.0
0.0,1.0,0.0,-3.2152654444656803,-2.2211058267384236,1.326716025110759,1.3443864938875851,0.0
0.0,1.0,0.0,-2.5366005716022246,-1.8974987986169674,2.025952953979882,0.09280344283616326,0.0
0.0,0.0,1.0,-2.4427726802048726,-2.2654708247593938,-1.9780459962766077,-1.7349322797605131,0.0
0.0,1.0,0.0,-1.259516618217717,-1.844750513139283,2.246928778740812,0.4828960114076226,0.0
0.0,0.0,1.0,1.0775860331443956,0.1668756069984763,2.5325138694443856,2.3099174747520417,0.0
0.0,0.0,1.0,-0.21058292525712163,0.33731360835375435,-2.1236882928248626,-2.2831045164183994,0.0
0.0,1.0,0.0,-1.2568527483270253,-1.0260908596769778,2.610550663459046,-1.4950284757877936,0.0
0.0,1.0,0.0,0.6335931360335734,0.26633177339580194,-2.239818077397751,-0.8904558524278201,0.0
0.0,1.0,0.0,-1.3507525296790086,-1.2070304867304955,-3.4939905112996055,3.3579045949130677,0.0
0.0,1.0,0.0,-0.18176197906853186,-0.23971121100670206,0.08156595510000741,1.0612219602130333,0.0
0.0,1.0,0.0,-0.49049309323810175,-0.5435501790721919,3.0817137354034347,-2.534911217375673,0.0
0.0,1.0,0.0,1.5831255056093352,1.692602660954679,-2.6728640519295617,1.6709140165938345,0.0
0.0,1.0,0.0,0.5567493790930885,-0.20935501799034606,3.9510469186263473,1.123463441894403,0.0
0.0,1.0,0.0,-0.9251474865545966,-1.2345576274848407,-1.1883543721845644,0.6699570259260765,0.0
1.0,0.0,0.0,-0.4321530468943169,-0.8822090164420124,-1.0189633361283876,2.879703079311822,0.0
0.0,1.0,0.0,-2.09894564538517,-1.0367426050381572,-0.7112780682937352,-3.0118379142773204,0.0
0.0,1.0,0.0,2.9669119050560115,2.9532478892345915,1.9459653525735598,-0.42959906969032513,0.0
0.0,1.0,0.0,0.23705887183943614,-0.47051777752068974,2.4976662761988644,-1.3013517116191622,0.0
0.0,1.0,0.0,-4.779575576219071,-4.710872178692305,3.6185648867902556,-2.487054093423448,0.0
0.0,1.0,0.0,1.7522020891241754,1.5818684010067778,2.3673763076080965,-3.612272326838272,0.0
0.0,1.0,0.0,-3.644778788094546,-3.452738143118857,3.268505089102675,2.788316657928614,0.0
0.0,1.0,0.0,-4.710384569147748,-3.733766701075308,0.5937540745199454,-0.05259766467456117,0.0
0.0,1.0,0.0,3.8217083313435576,3.223792858327663,2.665882326929567,-2.902736778964141,0.0
0.0,1.0,0.0,-4.003157321632433,-4.015537507388076,2.4998725913178905,3.1407259491878996,0.0
1.0,0.0,0.0,-3.72903811657538,-5.248437577328832,2.5250065806623656,-3.1692004609309397,0.0
0.0,0.0,1.0,-0.3511188298765328,-0.595389816152477,3.458388174580408,1.2042398266215182,0.0
1.0,0.0,0.0,-0.9018477634472294,-0.8145958263899699,0.4908827806098959,-1.5204319821210683,0.0
0.0,1.0,0.0,1.7965256584877403,1.7462078073115577,3.5621787124643864,-0.6623301426711592,0.0
0.0,1.0,0.0,-0.5292133053115282,-0.42821738315850144,0.4111921685300617,3.5996951853093035,0.0
0.0,0.0,1.0,1.0186662146630603,1.8434311921683109,0.9906761810547868,0.540381082879378,0.0
0.0,0.0,1.0,1.6249175099614246,0.8371763854968429,2.0417792231782164,-1.4110245725750001,0.0
0.0,1.0,0.0,0.9876173658828251,1.4273867696331402,0.4842623830220525,-3.7146828197834605,0.0
1.0,0.0,0.0,-3.586617305851375,-3.478666713918339,0.576216739096286,1.4689698073609305,0.0
0.0,1.0,0.0,0.949996544682677,0.2039846739116507,-1.317489774861202,-0.293629915002815,0.0
0.0,1.0,0.0,2.468171730558394,2.1310502532535853,3.7677794626704273,2.427358083957354,0.0
0.0,0.0,1.0,-0.7963608066558636,-0.3608261263576398,-1.6065282831781689,1.1545651811965625,0.0
1.0,0.0,0.0,1.1968444554480024,0.48209310703555275,-0.28265705187246937,0.7013842306492801,0.0
0.0,1.0,0.0,-0.23257455971071705,1.1677784218304685,-0.18312048535167236,-2.2675027005875794,0.0
0.0,0.0,1.0,3.0101487223208343,2.375406658288588,3.6989650399877165,-3.7911479933638637,0.0
0.0,1.0,0.0,3.032696643426555,2.6647519633497856,0.06678442959843256,-1.1546044547410474,0.0
0.0,1.0,0.0,2.2778508345177757,2.5560052153442214,3.5859738184281147,0.34159764350673694,0.0
0.0,0.0,1.0,-1.4857464739118438,-1.7251524980607926,1.6707799302697994,1.1847569148305332,0.0
0.0,1.0,0.0,0.8948748713914427,0.6254898902604846,-3.8536087541491435,1.9503542223250374,0.0
0.0,1.0,0.0,-1.1655599593809904,-0.7607174354963815,-2.7133361238851217,3.67129661301034,0.0
0.0,1.0,0.0,-2.4918265604478953,-2.3486502067426023,-1.1884891855928386,0.304004298542111,0.0
0.0,1.0,0.0,0.24863621484293885,-1.1400072869618068,-3.0528219266981296,-1.447566047004396,0.0
0.0,1.0,0.0,-0.40224579076090616,0.1680300064758977,-2.1769035855163894,3.963833668216803,0.0
0.0,1.0,0.0,0.9184722695801226,0.8059816766284817,-1.0675101340068274,0.8085382450774343,0.0
0.0,1.0,0.0,-5.8081974975330235,-5.363563290256942,1.6825820040379407,1.8451600631205665,0.0
0.0,1.0,0.0,-1.7513788576372022,-2.3118346392039433,-2.2243809934709624,1.3704258077127331,0.0
0.0,1.0,0.0,-0.5154034252636857,1.1510620318198757,3.685450869409201,-1.870012151499692,0.0
0.0,0.0,1.0,-0.8682568495567566,-0.3008151277371626,-3.569765100966082,0.0028330658728776825,0.0
0.0,1.0,0.0,-1.5580710040337231,-1.663239364846134,-0.0774527896254078,1.0135754580166942,0.0
0.0,1.0,0.0,-1.5021825322139115,-2.0295670593775097,2.8292046383739526,-0.8319668968663851,0.0
0.0,1.0,0.0,-0.5032301952756855,-1.0755842773229416,-0.45579878850292577,-3.3129940445775983,0.0
0.0,1.0,0.0,-0.8599573646114862,-0.8988503695250698,2.700329172057872,-1.3419071552100492,0.0
0.0,0.0,1.0,1.445355396936267,0.8902739191822235,-2.1283346383429684,3.2137668382741014,0.0
0.0,1.0,0.0,-0.8348531021103324,-1.7585745596719176,-0.6894746959631082,0.9286182081908088,0.0
0.0,1.0,0.0,-0.16656929957312455,1.044301904663888,-2.1864573730558314,-3.795573199266559,0.0
0.0,1.0,0.0,-3.1107030900730517,-1.413721568897857,1.2027025642721965,-1.021970100793279,0.0
0.0,1.0,0.0,-3.1824344809708642,-3.2252758745658814,-3.958597442700797,-0.2394883842916835,0.0
0.0,1.0,0.0,-1.6634140088439453,-2.153608728537626,-0.3352123285087556,-2.199952811094181,0.0
0.0,1.0,0.0,0.5068265090284281,1.0196144215053022,3.3428011715585937,2.8206785874400016,0.0
0.0,1.0,0.0,-2.4811846432770914,-1.9687754504538924,-3.061182393363503,0.9386249178232591,0.0
0.0,1.0,0.0,0.45712287648239136,0.3954970950332245,0.30126289887468705,3.747587270201022,0.0
0.0,1.0,0.0,-2.713401062063271,-3.0853542678071184,-0.1702890159606376,1.7140845489351264,0.0
0.0,1.0,0.0,0.14583510756152873,1.1956841096557427,0.13575249886235596,-3.766565777024339,0.0
0.0,1.0,0.0,1.5310372764017652,0.9505206980180769,-2.84724865819879,-2.271731521297405,0.0
0.0,1.0,0.0,2.7048910535576907,2.2741892886739734,1.6871942235458794,-3.3574627640166765,0.0
0.0,1.0,0.0,0.4024948139453167,0.7260259372238437,2.6328364963675748,0.18555607841734112,0.0
0.0,1.0,0.0,-1.0149158647819905,-1.1705087223027755,3.2713474944165393,-2.7201677068838865,0.0
0.0,1.0,0.0,-1.9172459512578917,-2.0277354067784357,2.4573576895028904,1.070532868240802,0.0
0.0,1.0,0.0,-0.6526984743251214,-0.41925733699810075,-1.041127169208834,3.8333457331887235,0.0
1.0,0.0,0.0,-4.063423736653297,-4.185892192334224,-1.1383111274352444,-0.058918864469832855,0.0
1.0,0.0,0.0,-1.2690190928575888,-2.1134965526427023,0.1557342940053692,2.779076494042128,0.0
0.0,1.0,0.0,-0.44786553782587946,0.16655875243825216,0.2898686330111193,0.6872503671945704,0.0
0.0,0.0,1.0,0.548888495728918,1.3362200170531418,-2.6137208652037343,-1.2047920387167217,0.0
1.0,0.0,0.0,-1.4176192295254506,-1.9278183832994749,0.5145822463662428,1.4878612924587316,0.0
0.0,0.0,1.0,-2.37399560082677,-1.764085328639006,2.1289465151988205,3.880706867290919,0.0
1.0,0.0,0.0,-1.0660360293603528,-2.323990302427475,-1.1105577943367368,-2.1765386592439064,0.0
0.0,0.0,1.0,-2.4621020541762366,-3.6060356372258946,1.238104176266872,1.6426071235853605,0.0
0.0,1.0,0.0,0.016607175140791214,-0.4051142112634385,3.3946681805100587,-1.3140539312694708,0.0
0.0,1.0,0.0,2.189845249232376,2.8293010567492143,-1.6541416717556174,-3.037905712257177,0.0
0.0,1.0,0.0,-0.6590536398417405,-1.2876333611173991,2.9545206193011087,-0.23312918249351178,0.0
0.0,1.0,0.0,-2.025378296900548,-1.7143009874478379,3.8966531734498195,-3.7706039370743065,0.0
0.0,1.0,0.0,-0.6009402053790203,-0.18751807853602684,3.9383538608808832,3.5506656297280657,0.0
0.0,0.0,1.0,-0.3903340506176788,-1.3970268708087938,-2.330388659127661,-0.6065871121886959,0.0
0.0,1.0,0.0,-3.4871036746427837,-3.2643347487858216,3.2964646556739305,3.977357930584499,0.0
0.0,1.0,0.0,0.24909919177946457,0.4042389530073134,-0.5220055907214185,1.5522174177155215,0.0
0.0,1.0,0.0,-2.5614938080725502,-3.5682239549564856,-1.116061375104528,0.5467985560769284,0.0
0.0,1.0,0.0,1.1097017782010425,1.8553889816862377,-0.2520569470475307,1.4053184977122593,0.0
0.0,0.0,1.0,-3.3023419798486033,-1.6652518751247518,-3.8104136127902146,-0.03928860108817833,0.0
0.0,1.0,0.0,-1.9154595208076421,-1.5473757255415985,0.35931600048208345,-3.1533121905067842,0.0
1.0,0.0,0.0,-2.1592980265189725,-2.511388231093477,0.9817755332340923,1.1516019053829822,0.0
0.0,1.0,0.0,1.8575932254220289,1.8767310018604293,0.8893539188625921,3.2721985768922632,0.0
1.0,0.0,0.0,1.5309863768754504,1.6859942427891443,-0.8490185289648888,-3.635168638230085,0.0
0.0,0.0,1.0,0.9793860116948205,0.5775304985454999,-0.46462249329317906,2.728447023359309,0.0
1.0,0.0,0.0,2.2017207778022847,1.5894461249327896,3.2002053695677803,-0.5408881721981817,0.0
0.0,0.0,1.0,1.1713820195906008,0.7014289203520196,-0.41794142682574886,2.0571326352027164,0.0
0.0,1.0,0.0,-0.09378901343847351,-0.8046880151427467,-2.01465394169188,0.42284296932513854,0.0
0.0,1.0,0.0,-2.3140933165664683,-2.226649547284922,2.1246206853088774,-0.07816408773050831,0.0
0.0,1.0,0.0,2.1346027427071577,2.821154614945311,-1.8764392648862627,1.006435399730492,0.0
0.0,1.0,0.0,1.0035413342425308,0.42415950809891273,3.7420263831317566,2.814630022970908,0.0
0.0,0.0,1.0,-2.136057978837807,-2.097890958997438,-2.8957676499197857,0.5871640360924149,0.0
0.0,1.0,0.0,-0.3498609680834158,0.24006754022345045,-3.9671626747208055,3.6476856964279554,0.0
0.0,1.0,0.0,1.7381739003638317,1.6471968563960515,-3.417127661699115,1.413071969872525,0.0
0.0,1.0,0.0,1.629700333475343,1.9676564958428506,-3.977112808340137,3.261842783812023,0.0
0.0,0.0,1.0,1.1898561336484157,1.541776710317524,-0.5351585663553688,-3.9665534562758014,0.0
0.0,1.0,0.0,-4.579318647085048,-3.982408854239325,-2.0338684960669307,0.20677065834116615,0.0
1.0,0.0,0.0,0.17950544673625318,-0.6187637598970475,-2.4341006167021257,-2.8618058133082647,0.0
0.0,1.0,0.0,-0.8321765220430672,0.3348534260749018,0.8625537861013699,1.8075253306485184,0.0
0.0,1.0,0.0,-0.3213147812363314,-0.04295327883032596,3.978079862099217,-3.6380774128537636,0.0
0.0,1.0,0.0,0.660520989067919,0.2886395543902337,0.16975867366108766,-2.819312772707039,0.0
0.0,1.0,0.0,-2.1693392445111996,-1.1371889123517385,1.8771631813733354,-2.6963857620309284,0.0
0.0,1.0,0.0,-0.24964534826121884,0.005404347927836534,-1.1988045231917512,-0.22931760219158104,0.0
0.0,1.0,0.0,3.145881157859256,3.4976833600196904,0.8919328589957143,0.7586380378665094,0.0
0.0,1.0,0.0,-0.4363861582868415,-0.706980473134341,1.043093653809838,-1.9181515424123328,0.0
0.0,1.0,0.0,2.854029927272004,2.762312276055489,1.3811442229951965,-3.0710725643575207,0.0
0.0,1.0,0.0,0.1518610064070553,1.0235288540295835,3.213579918676329,1.6809835020595791,0.0
0.0,1.0,0.0,-0.2439543932962464,-0.803141004323835,-3.092646711866819,-1.3266257751348753,0.0
0.0,1.0,0.0,-2.0112188792845207,-1.8741781291183084,2.5643880363574576,-3.3937314343098244,0.0
0.0,0.0,1.0,-2.3909737162028115,-2.815138864659178,2.2590246105897327,3.9908249464304717,0.0
0.0,1.0,0.0,-1.926300307260355,-2.1046739051734717,0.6198545692405926,2.3875391605135308,0.0
0.0,1.0,0.0,1.3086368353931546,2.0205871417288574,2.745667486933283,-0.33199896630336845,0.0
0.0,1.0,0.0,-4.915006861004128,-4.049105904661062,2.1122703417719837,-3.1505054148860134,0.0
0.0,0.0,1.0,-3.7521189451131454,-3.695066018007897,0.6386308243216723,-3.642305156311613,0.0
0.0,1.0,0.0,0.6135820716035802,1.6530516623290092,-3.766602465841234,1.876673529998735,0.0
0.0,1.0,0.0,3.388995275676414,2.2891621336061463,2.242584707076735,-3.958954286052216,0.0
0.0,1.0,0.0,0.6361577351948412,0.9825521160881018,3.2852742892518965,-1.5894821905853584,0.0
0.0,1.0,0.0,-0.5122370002113628,-0.46047638075749336,3.6205430607239135,0.2848755853266054,0.0
0.0,1.0,0.0,1.9260274887106965,1.5968088273699774,2.8055912499176117,1.6482703979003857,0.0
1.0,0.0,0.0,2.5814069492315115,3.135481301377313,-3.595459645243401,-1.8045391445431136,0.0
0.0,1.0,0.0,-1.5597070322825548,-2.0837194670960097,3.7382386483360532,-1.259863297821017,0.0
0.0,1.0,0.0,0.40683684341406584,-0.49706245348515393,-2.524954763916936,-2.9742231628368305,0.0
0.0,0.0,1.0,2.3373793653928123,3.142151463553012,-3.7252624324604193,-1.5842393765029072,0.0
0.0,1.0,0.0,-1.2606207862263057,-0.44798151060222213,-3.097408566945573,-3.250310564298088,0.0
0.0,1.0,0.0,0.3189948242444121,0.40473606858053474,1.1691988023605582,1.3202970618483638,0.0
0.0,1.0,0.0,0.6977414969779521,1.232101547065264,-2.7360072128892554,3.172052481116303,0.0
0.0,1.0,0.0,0.8019028631448044,0.5355254673328622,1.961622128796285,-3.3204924034926186,0.0
0.0,1.0,0.0,1.0492724285771797,2.0507564990292364,-3.6754508826250367,-3.2347421718043057,0.0
0.0,1.0,0.0,-0.165423514666166,0.01720433467142704,-3.009768661193344,3.629145236048811,0.0
0.0,1.0,0.0,0.7406644718853255,1.1814080720108369,2.1610850710210556,0.9606218300420064,0.0
0.0,1.0,0.0,-0.22285699839249132,0.6226745114142617,-3.4355492375487238,-2.228874702589547,0.0
0.0,1.0,0.0,2.06513227169487,2.418462454115492,1.190841936658245,0.5935555743981569,0.0
0.0,1.0,0.0,1.2862329502746104,1.3742632546709894,-0.18889965244892437,-1.0712571818980683,0.0
0.0,1.0,0.0,0.8045606265998657,0.02342613991548348,0.21821093628959254,-0.11311410395300925,0.0
0.0,1.0,0.0,-0.47240820672493733,-0.24237593156296722,2.9864894172479923,0.10784551335845549,0.0
1.0,0.0,0.0,0.4272810868402087,0.15695653072481228,-0.6982598414035524,1.5412335628275526,0.0
0.0,1.0,0.0,0.035794727478313054,0.16772492765850347,-0.46825950241868686,-1.680238431674903,0.0
1.0,0.0,0.0,-2.5985941205146075,-3.31717836897744,-3.8703538459075855,-3.0270306378338825,0.0
0.0,1.0,0.0,0.36811839360920723,0.32405735449655265,-2.4928125543792827,-3.5924401449155505,0.0
0.0,0.0,1.0,-1.2853289061094604,-0.4795170409809375,-2.4626617461292666,-0.6435627300248141,0.0
0.0,1.0,0.0,-2.4726666012178913,-2.136688523011522,-2.1139645710714534,1.8418348489561094,0.0
0.0,1.0,0.0,0.2335805907927749,-0.4997065890526782,-1.8962871299288162,-3.6103011965198792,0.0
0.0,1.0,0.0,1.6502863798657694,2.0257771211875317,2.159507497798531,1.5527708531427447,0.0
0.0,1.0,0.0,-0.165057633198816,0.1699683726050772,2.8323066779155788,-0.8986050568540289,0.0
0.0,1.0,0.0,-0.02658674057460536,-0.6483745878329288,-3.3839598813532588,3.6747461750508448,0.0
1.0,0.0,0.0,1.4813761900254314,1.762486976834274,2.4845816699119334,-1.2560024059675161,0.0
1.0,0.0,0.0,0.7274045989592777,0.6370467680392355,-0.9888171641307633,3.062381148929335,0.0
0.0,0.0,1.0,0.8534279801764386,1.2677805030035278,-3.221384460831189,-2.88205801160424,0.0
1.0,0.0,0.0,2.7950618331541093,2.858286561590036,-3.84078569354594,-3.165065805180432,0.0
0.0,1.0,0.0,-0.14198111893802223,-0.2754939366945593,0.48895901398484476,0.7056609200168928,0.0
0.0,1.0,0.0,-1.0453633995944476,-0.46162180354073823,-0.09501556718016424,0.6286062130517669,0.0
0.0,1.0,0.0,-2.428958162508549,-1.3512348018112328,-3.2104005644363083,3.772369813858199,0.0
0.0,1.0,0.0,-3.131169446349679,-3.1343926242132945,-2.3123141447512534,-1.4395775002672782,0.0
1.0,0.0,0.0,0.8050716355227221,1.0350995859566587,3.9702900963991077,0.788081540422044,0.0
0.0,1.0,0.0,-4.917787268724269,-3.9883037264489056,-3.993730982396154,-0.06448777553428808,0.0
0.0,1.0,0.0,1.1127609529291942,1.0009659882833535,-3.65783822849834,0.6676633837289243,0.0
0.0,0.0,1.0,4.715671427355829,4.737717543823825,1.3199460542272847,-1.8666190960155955,0.0
0.0,1.0,0.0,-0.22240183017629273,0.7643934573223614,-3.281119315233119,3.4773272533175854,0.0
0.0,1.0,0.0,3.5481604330754277,2.740053704371601,1.3443569417580132,-1.3990654157691438,0.0
0.0,1.0,0.0,-0.636376503239574,-0.8234539146203551,-2.7543879121561208,2.333229190619952,0.0
0.0,1.0,0.0,-1.5264878023942938,-0.9460539525389435,-1.496594920238751,1.8869877441872074,0.0
1.0,0.0,0.0,-1.0975601304277405,-1.7592077461037727,3.308875213950235,-0.6995668359232017,0.0
0.0,1.0,0.0,0.6729821636592197,1.224524423268322,-0.6439742957066521,-1.5694944867661942,0.0
0.0,1.0,0.0,0.5267790819167258,0.4912849390665232,1.0372277602070108,3.0003489913912427,0.0
0.0,1.0,0.0,-1.2494871771210467,-1.1660560388767143,2.1759441716257193,-0.6495429366320051,0.0
0.0,1.0,0.0,-2.212471053993143,-1.5408997403258176,2.1286291560587367,-0.45662157264904213,0.0
0.0,1.0,0.0,-2.2924033615238137,-2.131327099216043,0.606444498831455,-0.9889432237748803,0.0
1.0,0.0,0.0,4.914043848367703,4.594701657809781,0.3166244807391365,3.4932608240349623,0.0
0.0,1.0,0.0,-1.205893851028512,-0.39783739919110966,2.2431317471267427,3.5931684661791605,0.0
1.0,0.0,0.0,0.5408734969294404,0.8852378992623917,0.1692297299627068,-3.5626938914191832,0.0
0.0,1.0,0.0,-0.5492644680362482,0.25964160097687283,-1.7257330349942945,1.954441846591691,0.0
0.0,1.0,0.0,1.6157386433616832,1.4144559030346782,2.004166761359481,2.587483775875846,0.0
0.0,1.0,0.0,-1.1656124791323785,0.2204793490949159,1.224011769975859,1.5620544540085142,0.0
0.0,1.0,0.0,-0.21160166030732913,0.760951408768834,-1.441263963885965,-1.9112651064169368,0.0
0.0,1.0,0.0,1.1979454217099421,0.7041444621650305,0.010584168392492543,0.4245064692533722,0.0
1.0,0.0,0.0,1.1289423729260464,0.972526513935418,1.8346001667082321,-0.03466198600395831,0.0
1.0,0.0,0.0,2.9517344058397352,2.8937382522132085,1.5391666931640522,-1.1841515353719343,0.0
0.0,1.0,0.0,0.7852000932897064,1.235837025680491,2.0632730312597163,3.5896926709186854,0.0
0.0,1.0,0.0,-2.8962849291738,-2.511077189127962,3.794708108890469,3.7547120837163863,0.0
0.0,0.0,1.0,0.07619873929883014,0.6074402044825187,0.3192307643691139,-1.1521818203098153,0.0
1.0,0.0,0.0,-2.6258785339601967,-3.5036443813902394,-2.305504764765341,1.2495388817899258,0.0
0.0,1.0,0.0,-0.4372823791380765,-0.48768197270319186,2.167597392188415,0.16239988122443538,0.0
1.0,0.0,0.0,-3.3472033230438982,-3.6551385983128024,3.953900886844817,2.3241652413665737,0.0
0.0,0.0,1.0,0.019853284027714357,-1.028355098610539,1.4822062465145756,-3.358259787685123,0.0
0.0,1.0,0.0,2.8137944906533523,3.5991810491966696,-2.2820537694542145,-1.4989958930314993,0.0
0.0,1.0,0.0,1.7996669082918744,1.2925108189261683,2.1639385071377752,3.502545596396544,0.0
0.0,1.0,0.0,-1.3465496901069862,-0.570894986092318,-1.958960126473377,2.3641128637623465,0.0
0.0,1.0,0.0,-1.3242596794168873,-0.6821096573647485,1.6976262493469463,0.5838620793408689,0.0
0.0,1.0,0.0,-1.4465383960297666,-2.087565486246469,-2.858424712508892,-2.8329581355951605,0.0
0.0,1.0,0.0,1.9498272386101072,1.4275996112342346,-1.083415763279711,0.9682299643346628,0.0
0.0,1.0,0.0,1.1353380443268002,0.3476577184579528,0.07416895450888461,1.2071596510254965,0.0
1.0,0.0,0.0,1.3015544298215103,0.8834222038125331,-2.8651893681770773,-3.398122701526799,0.0
0.0,1.0,0.0,-0.4051092666596377,0.2642500927813866,-3.1327095860394563,2.7964455456003536,0.0
0.0,1.0,0.0,0.2113582906590766,0.43567715886046887,-0.7851758586261033,1.3613516934421481,0.0
0.0,1.0,0.0,-0.4555685775890097,-0.8374053895457814,-1.95846764642776,3.4046813347184584,0.0
0.0,1.0,0.0,-0.9284373294054749,-1.1842427921986596,2.955990562100321,1.3870621878157996,0.0
0.0,1.0,0.0,-0.7775108177621057,-1.326442393097589,-2.4892016594001873,-2.101356679089605,0.0
0.0,0.0,1.0,-0.2587020800399402,0.36520293711201035,1.056336755925587,0.5501351473765066,0.0
0.0,1.0,0.0,0.8498946269020187,-0.10398831945997,0.4780465278349979,1.2544397215676621,0.0
0.0,1.0,0.0,1.1860767659867397,0.5447727507564374,-0.6209644887697312,-1.7314148327858732,0.0
0.0,1.0,0.0,-3.6280719125308805,-4.78426990549272,-2.773816706085368,3.196968960366303,0.0
0.0,1.0,0.0,1.6009546297576538,1.4019074867011017,2.2972898869730933,-2.6714629045109586,0.0
1.0,0.0,0.0,-0.9184722754915997,-0.43735318771613513,-1.4102328312310863,3.230271285513207,0.0
0.0,1.0,0.0,-0.314149941839699,0.23096583245617597,0.45515248509055706,-0.9470239662857036,0.0
0.0,1.0,0.0,-1.2665954567110609,-0.9852083204337975,-1.5903650822629443,-1.895877005497634,0.0
1.0,0.0,0.0,0.21975224351853512,0.4853632965501979,3.341612251051644,-1.003476350238662,0.0
1.0,0.0,0.0,0.8443779096623044,0.38724347231238554,-3.3714207474722357,-1.3532041586694055,0.0
1.0,0.0,0.0,0.8351773615100868,0.5980520266330112,-1.306930942114203,-3.6161191317638286,0.0
0.0,1.0,0.0,1.5666691238971189,2.5599302531506125,3.3777903806720095,3.4186982796164607,0.0
0.0,1.0,0.0,1.398776058070388,1.4146758065015457,0.7369930178365562,-3.7994516081364873,0.0
0.0,1.0,0.0,1.3418667813219818,1.5214910201236864,1.1359785193291545,3.076422702448922,0.0
0.0,1.0,0.0,-5.8042568633108695,-5.3136183054110715,-3.00636214736703,1.714497784713818,0.0
1.0,0.0,0.0,0.860986132408839,1.2872485496592851,1.0125579801177258,-1.2487181409284611,0.0
0.0,1.0,0.0,-0.5118836405398521,-0.34291482890973457,2.322491875123645,-1.9669597932112248,0.0
0.0,1.0,0.0,0.13857408183202743,0.16976932856359864,0.28053252806836415,2.5655009787124126,0.0
0.0,1.0,0.0,-4.660889002003434,-5.031186250397863,3.928977840778188,-0.1347344074903063,0.0
0.0,0.0,1.0,1.9597596616804531,2.2577322089803684,0.0043961458989478785,2.1908106705353454,0.0
0.0,1.0,0.0,-2.4847940244818396,-1.8596036918928966,-3.8836982186074867,3.9008613789894584,0.0
0.0,1.0,0.0,-0.8516612726195044,-0.8539194884047331,3.296188731169095,3.4808531948383203,0.0
0.0,1.0,0.0,0.09147731539920578,-0.7362735152017577,-1.9891411147910594,-0.4888215742488997,0.0
0.0,1.0,0.0,0.9542333303010648,1.4001523088950816,2.596433713875414,-3.516517509161833,0.0
0.0,1.0,0.0,3.8364358729532277,3.222471248232174,-2.9964929877336965,-2.3806825237535305,0.0
0.0,1.0,0.0,-1.2841221345604092,-1.8663125670762526,0.03312602419672395,-1.6952813917561915,0.0
0.0,0.0,1.0,2.460779958419776,2.7614128373990816,-1.891016000155961,0.3069030804327193,0.0
1.0,0.0,0.0,-0.46656069435237735,-0.09360083989771165,-1.1900559627268619,-0.5154403586958578,0.0
0.0,0.0,1.0,-0.30269948300042365,0.1500645348330189,2.0900893706272274,-1.4861893055826005,0.0
0.0,1.0,0.0,3.7538809260503396,2.5812770296410696,1.9995469437081201,2.4530642983155913,0.0
0.0,1.0,0.0,3.3199873079269344,3.375744464895902,1.7891405444186157,1.8766534442697838,0.0
